Ship_Name,Mnemonic_Both,Mnemmonic_Fleet,Mnemonic_Ship,EFK_Type,Deck_No,Department,Area,Location,Install_Date,Type_UVT,Count Type
Ambience,ACLX-ENCE,ACLX,ENCE,Mantis 1 x 2,6,Galley,Galley,Corridor, ,STD,QRC
Ambience,ACLX-ENCE,ACLX,ENCE,Starkey 3 (15W),5,Galley,Plate Wash,Entrance, ,STD,QRC
Ambience,ACLX-ENCE,ACLX,ENCE,Starkey 3 (15w),4,Provisions,Loading Area,Shell Door PORT, ,STD,QRC
Ambience,ACLX-ENCE,ACLX,ENCE,Starkey 3 (15w),4,Provisions,Loading Area,Shell Door STBD, ,STD,QRC
Ambience,ACLX-ENCE,ACLX,ENCE,Starkey 3 (15w),4,Provisions,Butchers,Entrance, ,STD,QRC
Ambience,ACLX-ENCE,ACLX,ENCE,Ecolab uplighter,14,Bars,Dome Bar,Corridor PORT, ,STD,QRC
Ambience,ACLX-ENCE,ACLX,ENCE,Starkey 3 (15w),2,Bars,Crew Bar,DJ Entrance, ,STD,QRC
Ambience,ACLX-ENCE,ACLX,ENCE,Mantis 1 x 2,2,Bars,Crew Bar,Pantry Entance, ,STD,QRC
Ambience,ACLX-ENCE,ACLX,ENCE,Ecolab uplighter,12,Restaurant,Borough Market,Bulk Head PORT, ,STD,QRC
Ambience,ACLX-ENCE,ACLX,ENCE,Ecolab uplighter,12,Restaurant,Borough Market,Bulk Head STBD, ,STD,QRC
Ambience,ACLX-ENCE,ACLX,ENCE,Ecolab uplighter,12,Restaurant,Sugar Bar,Bulk Head STBD, ,STD,QRC
Ambience,ACLX-ENCE,ACLX,ENCE,Ecolab uplighter,12,Restaurant,Sugar Bar,Bulk Head PORT, ,STD,QRC
Ambience,ACLX-ENCE,ACLX,ENCE,Ecolab uplighter,12,Restaurant,Graze N Grains,Pantry Entance, ,STD,QRC
Ambience,ACLX-ENCE,ACLX,ENCE,Starkey 2 (15w),5,Restaurant,Crew Mess,Bulk Head PORT, ,STD,QRC
Ambience,ACLX-ENCE,ACLX,ENCE,Starkey 3 (15w),5,Restaurant,Crew Mess,Bulk Head STBD, ,STD,QRC
Ambience,ACLX-ENCE,ACLX,ENCE,Starkey 2 (15w),5,Restaurant,Staff Mess,Emergency Door, ,STD,QRC
Ambience,ACLX-ENCE,ACLX,ENCE,Starkey 2 (15w),4,Deck,Incinerator,Entrance, ,STD,QRC
Ambience,ACLX-ENCE,ACLX,ENCE,Ecolab Uplighter,4,Deck,Incinerator,Bulk Head PORT, ,STD,QRC
Ambience,ACLX-ENCE,ACLX,ENCE,Starkey 3 (15W),4,Deck,Incinerator,Compactor, ,STD,QRC
Ambience,ACLX-ENCE,ACLX,ENCE,Starkey 3 (15W),4,Deck,Incinerator,Fridge Bulkhead, ,STD,QRC
Ambience,ACLX-ENCE,ACLX,ENCE,Starkey 3 (15W),4,Deck,Incinerator,Garbage Chute, ,STD,QRC
Ambience,ACLX-ENCE,ACLX,ENCE,Ecolab Uplighter,3,Housekeeping,Stair Kilo,FSD No. 3.26, ,STD,QRC
Ambience,ACLX-ENCE,ACLX,ENCE,Mantis 1 x 2,4,Technical,Pantry,Entrance, ,STD,QRC
Ambience,ACLX-ENCE,ACLX,ENCE,Starkey 2 (15w),4,Technical,Pantry,Changing Room, ,STD,QRC
Ambition,ACLX-TION,ACLX,TION,GLU-80 (LED),11,Restaurant,Borough Market,Stbd Aft Door,Jul-24,LED,QRC
Ambition,ACLX-TION,ACLX,TION,GLU-80 (LED),11,Restaurant,Borough Market,Port Aft Door,Jul-24,LED,QRC
Ambition,ACLX-TION,ACLX,TION,GLU-80 (LED),11,Restaurant,Borough Market,Stbd Next to Juice Stn,Jul-24,LED,QRC
Ambition,ACLX-TION,ACLX,TION,GLU-80 (LED),11,Restaurant,Borough Market,Port Aft Coffee Stn,Jul-24,LED,QRC
Ambition,ACLX-TION,ACLX,TION,GLU-80 (LED),11,Galley,Borough Market,Port Bins,Jul-24,LED,QRC
Ambition,ACLX-TION,ACLX,TION,GLU-80 (LED),11,Galley,Borough Market,Biodigester,Jul-24,LED,QRC
Ambition,ACLX-TION,ACLX,TION,GLU-80 (LED),11,Galley,Pool Grill,LHS Waiter Station,Jul-24,LED,QRC
Ambition,ACLX-TION,ACLX,TION,GLU-80 (LED),11,Galley,Lupinos Galley,Fire Exit 04.04.01,Jul-24,LED,QRC
Ambition,ACLX-TION,ACLX,TION,GLU-80 (LED),6,Galley,Crew Corridor,STBD Opposite Galley Entrance,Jul-24,LED,QRC
Ambition,ACLX-TION,ACLX,TION,GLU-80 (LED),6,Galley,Holyrood Galley,PORT Bins,Jul-24,LED,QRC
Ambition,ACLX-TION,ACLX,TION,GLU-80 (LED),5,Galley,Crew Corridor,PORT Side,Jul-24,LED,QRC
Ambition,ACLX-TION,ACLX,TION,GLU-80 (LED),5,Galley,Crew Corridor,STBD Side,Jul-24,LED,QRC
Ambition,ACLX-TION,ACLX,TION,Vanquish (LED),5,Galley,Pastry,Bins,Jul-24,LED,QRC
Ambition,ACLX-TION,ACLX,TION,GLU-80 (LED),5,Galley,Chef's Office,Above Window,Jul-24,LED,QRC
Ambition,ACLX-TION,ACLX,TION,Vanquish (LED),5,Galley,Cold Pantry,RHS Dry Store Cabinet,Jul-24,LED,QRC
Ambition,ACLX-TION,ACLX,TION,GLU-80 (LED),5,Galley,Dish Wash,Bins,Jul-24,LED,QRC
Ambition,ACLX-TION,ACLX,TION,GLU-80 (LED),5,Galley,PORT Enterance,Opposite Notice Board,Jul-24,LED,QRC
Ambition,ACLX-TION,ACLX,TION,GLU-80 (LED),4,Galley,Crew Galley,RHS Potwash Entrance,Jul-24,LED,QRC
Ambition,ACLX-TION,ACLX,TION,GLU-80 (LED),4,Galley,Dish Wash,Opposite Dish Washing Machine,Jul-24,LED,QRC
Ambition,ACLX-TION,ACLX,TION,GLU-80 (LED),4,Galley,Preperation Area,Opposite Potwash,Jul-24,LED,QRC
Ambition,ACLX-TION,ACLX,TION,Vanquish (LED),5,Housekeeping,PORT Gangway,Forward Bulkhead,Jul-24,LED,QRC
Ambition,ACLX-TION,ACLX,TION,Vanquish (LED),5,Housekeeping,STBD Gangway ,Forward Bulkhead,Jul-24,LED,QRC
Ambition,ACLX-TION,ACLX,TION,GLU-80 (LED),5,Housekeeping,PORT Gangway,Opposite AFT Shell Door,Jul-24,LED,QRC
Ambition,ACLX-TION,ACLX,TION,GLU-80 (LED),5,Housekeeping,STBD Gangway ,Opposite FWD Shell Door,Jul-24,LED,QRC
Ambition,ACLX-TION,ACLX,TION,Vanquish (LED),11,Bars,Consulate Bar,Port Side by Door,Jul-24,LED,QRC
Ambition,ACLX-TION,ACLX,TION,Vanquish (LED),11,Bars,Pool Bar,Opposite Coffee Machine,Jul-24,LED,QRC
Ambition,ACLX-TION,ACLX,TION,Vanquish (LED),5,Bars,Pendennis Bar,Pantry RHS Door,Jul-24,LED,QRC
Ambition,ACLX-TION,ACLX,TION,GLU-80 (LED),4,Bars,Crew Bar,LHS Door,Jul-24,LED,QRC
Ambition,ACLX-TION,ACLX,TION,GLU-80 (LED),4,Messes,Crew Mess,RHS Plate Hatch,Jul-24,LED,QRC
Ambition,ACLX-TION,ACLX,TION,GLU-80 (LED),4,Messes,Crew Mess,Opposite Drink Station,Jul-24,LED,QRC
Ambition,ACLX-TION,ACLX,TION,Vanquish (LED),4,Messes,Crew Mess,Officer's Tables by Elephant Painting,Jul-24,LED,QRC
Ambition,ACLX-TION,ACLX,TION,GLU-80 (LED),4,Messes,Crew Mess,Servery by Porthole,Jul-24,LED,QRC
Ambition,ACLX-TION,ACLX,TION,GLU-80 (LED),4,Garbage,Recycling Centre,RHS Stairs,Jul-24,LED,QRC
Ambition,ACLX-TION,ACLX,TION,GLU-80 (LED),4,Garbage,Recycling Centre,Waste Oil Tank,Jul-24,LED,QRC
Ambition,ACLX-TION,ACLX,TION,GLU-80 (LED),4,Garbage,Recycling Centre,Aft Entrance Bins,Jul-24,LED,QRC
Ambition,ACLX-TION,ACLX,TION,GLU-80 (LED),4,Garbage,Recycling Centre,Opposite Biodigester,Jul-24,LED,QRC
Ambition,ACLX-TION,ACLX,TION,GLU-80 (LED),4,Provisions,Loading Area,Opposite Lifts,Jul-24,LED,QRC
Ambition,ACLX-TION,ACLX,TION,GLU-80 (LED),4,Provisions,Shell Door,RHS Morgue,Jul-24,LED,QRC
Ambition,ACLX-TION,ACLX,TION,GLU-80 (LED),4,Provisions,Shell Door,Damage Control Sign,Jul-24,LED,QRC
Ambition,ACLX-TION,ACLX,TION,GLU-80 (LED),3,Provisions,Storage Area,RHS Fire Door 3506,Jul-24,LED,QRC
Ocean Albatros,ALEX-OALB,ALEX,OALB,GLU-60,5,Galley,Plate Wash,Plate Drop, ,STD,QRC
Ocean Albatros,ALEX-OALB,ALEX,OALB,GLU-60,5,Galley,Pot Wash,Fountain, ,STD,QRC
Ocean Victory,ALEX-OVIC,ALEX,OVIC,GLU-60,4,Galley,Test,Test, ,STD,QRC
Magellan Explorer,ANTA-MAGX,ANTA,MAGX,Wall Fly Stainless (LED),5,Bars,Pantry,Entrance,Jul-24,LED,QRC
Magellan Explorer,ANTA-MAGX,ANTA,MAGX,Wall Fly Stainless (LED),4,Restaurant,Library,Bins,Jul-24,LED,QRC
Magellan Explorer,ANTA-MAGX,ANTA,MAGX,Wall Fly Stainless (LED),3,Restaurant,Nao Victoria Restaurant,Entrance FWD STBD,Jul-24,LED,QRC
Magellan Explorer,ANTA-MAGX,ANTA,MAGX,Wall Fly Stainless (LED),3,Restaurant,Galley Entrance,Phone Point,Jul-24,LED,QRC
Magellan Explorer,ANTA-MAGX,ANTA,MAGX,GLU-15 (LED),3,Galley,Service Galley,Stairway,Jan-24,LED,QRC
Magellan Explorer,ANTA-MAGX,ANTA,MAGX,GLU-10 (LED),2,Galley,Main Galley,Entrance (Corridor),Jan-24,LED,QRC
Magellan Explorer,ANTA-MAGX,ANTA,MAGX,GLU-15 (LED),2,Deck,Garage,Galley Entrance,Jan-24,LED,QRC
Magellan Explorer,ANTA-MAGX,ANTA,MAGX,GLU-15 (LED),2,Deck,Garage,Mess Entrance,Jan-24,LED,QRC
Magellan Explorer,ANTA-MAGX,ANTA,MAGX,GLU-15 (LED),2,Deck,Garage,Garbage Freezer,Jan-24,LED,QRC
Magellan Explorer,ANTA-MAGX,ANTA,MAGX,GLU-10 (LED),2,Deck,Garage,Shell Door STBD,Jan-24,LED,QRC
Magellan Explorer,ANTA-MAGX,ANTA,MAGX,GLU-10 (LED),2,Messes,Crew Mess,Bins,Jan-24,LED,QRC
Magellan Explorer,ANTA-MAGX,ANTA,MAGX,GLU-10 (LED),2,Messes,Crew Mess,Corridor,Jan-24,LED,QRC
Magellan Explorer,ANTA-MAGX,ANTA,MAGX,GLU-10 (LED),2,Recycling_Centre,Main Garbage,Shredder,Jan-24,LED,QRC
Magellan Explorer,ANTA-MAGX,ANTA,MAGX,GLU-10 (LED),1,Stores,Midship,Stairway,Jan-24,LED,QRC
Caledonian Sky,APTX-CSKY,APTX,CSKY,Ecolab Uplighter,5,Galley,Lido,Buffet, ,STD,QRC
Caledonian Sky,APTX-CSKY,APTX,CSKY,Bar 1 (20W),1,Galley,Provision,Digester, ,STD,QRC
Caledonian Sky,APTX-CSKY,APTX,CSKY,Mantis 1 x 2,1,Galley,Bakery/Pastry,Telephone (Corridor), ,STD,QRC
Caledonian Sky,APTX-CSKY,APTX,CSKY,Mantis 1 x 2,2,Recycling_Centre,Main Galley,Service Pass, ,STD,QRC
Aroya,ARCR-AROY,ARCR,AROY,Cobra,17,Galley,(FZ2) Corridor ,Notice Board, ,STD,QRC
Aroya,ARCR-AROY,ARCR,AROY,Genus ILT30,16,Galley,(FZ6) STAIRCASE ,Crew Toilet, ,STD,QRC
Aroya,ARCR-AROY,ARCR,AROY,Aura,16,Galley,(FZ6) Buffet ,PT  Fire Door-16-6-008, ,STD,QRC
Aroya,ARCR-AROY,ARCR,AROY,Aura,16,Galley,(FZ6) Buffet ,Fire Door-16-6-007, ,STD,QRC
Aroya,ARCR-AROY,ARCR,AROY,Aura,16,Galley,Buffet,Terrace Outdoor Buffet PORT, ,STD,QRC
Aroya,ARCR-AROY,ARCR,AROY,Aura,16,Galley,Buffet,Terrace Outdoor Buffet STBD, ,STD,QRC
Aroya,ARCR-AROY,ARCR,AROY,Cobra,16,Galley,(FZ6) Galley,FD16-6-013, ,STD,QRC
Aroya,ARCR-AROY,ARCR,AROY,Cobra,16,Galley,(FZ5) Galley,Pantry STBD, ,STD,QRC
Aroya,ARCR-AROY,ARCR,AROY,Cobra,15,Galley,(FZ6) Galley AFT,Chemical Dispenser, ,STD,QRC
Aroya,ARCR-AROY,ARCR,AROY,Cobra,8,Galley,(FZ6) Al Waha Upp.,Dish Wash , ,STD,QRC
Aroya,ARCR-AROY,ARCR,AROY,Cobra,8,Galley,(FZ6) Al Waha Upp.,FE 08-06-63, ,STD,QRC
Aroya,ARCR-AROY,ARCR,AROY,Genus ILT30,8,Galley,(FZ4) Outdoor Grill ,Fire Door 08-4-21, ,STD,QRC
Aroya,ARCR-AROY,ARCR,AROY,Cobra,8,Galley,(FZ5) Bamboo,Ice Machine, ,STD,QRC
Aroya,ARCR-AROY,ARCR,AROY,Cobra,7,Galley,(FZ3) BL Corridor ,Fire Door-07-4-002, ,STD,QRC
Aroya,ARCR-AROY,ARCR,AROY,Cobra,7,Galley,(FZ3) BL Galley,Wash Hand Basin, ,STD,QRC
Aroya,ARCR-AROY,ARCR,AROY,Cobra,6,Galley,(FZ6) Bakery,HI FOG 1, ,STD,QRC
Aroya,ARCR-AROY,ARCR,AROY,Cobra,6,Galley,(FZ6) Main Galley ,Dish Wash , ,STD,QRC
Aroya,ARCR-AROY,ARCR,AROY,Cobra,6,Galley,(FZ6) Main Galley ,Fire Door 06-5-012, ,STD,QRC
Aroya,ARCR-AROY,ARCR,AROY,Cobra,6,Galley,(FZ6) Escalator,Escalator #1 (Bottom), ,STD,QRC
Aroya,ARCR-AROY,ARCR,AROY,Genus ILT30,6,Galley,(FZ6) M. Galley CORR,Fire Door 06-6-002, ,STD,QRC
Aroya,ARCR-AROY,ARCR,AROY,Cobra,6,Galley,(FZ2)Layalina,Pantry, ,STD,QRC
Aroya,ARCR-AROY,ARCR,AROY,Cobra,6,Galley,(FZ2)Layalina,Crew Landing Area Silk Road Galley, ,STD,QRC
Aroya,ARCR-AROY,ARCR,AROY,Aura,5,Galley,(FZ6) Officer Mess,Fire Door 05-5-008, ,STD,QRC
Aroya,ARCR-AROY,ARCR,AROY,Genus ILT30,5,Galley,(FZ6) Crew Galley,Entrance , ,STD,QRC
Aroya,ARCR-AROY,ARCR,AROY,Aura,5,Galley,(FZ6) Crew Mess ,Ice Machine FWD, ,STD,QRC
Aroya,ARCR-AROY,ARCR,AROY,Aura,5,Galley,(FZ6) Crew Mess ,Locker B-05-6-003, ,STD,QRC
Aroya,ARCR-AROY,ARCR,AROY,Aura,5,Galley,(FZ6) Crew Mess,Camera, ,STD,QRC
Aroya,ARCR-AROY,ARCR,AROY,Cobra,5,Galley,(FZ6) Crew Scullery,Bins AFT , ,STD,QRC
Aroya,ARCR-AROY,ARCR,AROY,Cobra,5,Galley,(FZ6) Crew Scullery,Bins FWD, ,STD,QRC
Aroya,ARCR-AROY,ARCR,AROY,Cobra,5,Galley,(FZ6) Crew Galley,FST 05-06-35, ,STD,QRC
Aroya,ARCR-AROY,ARCR,AROY,Cobra,4,Galley,(FZ5) Poultry Prep,Bins, ,STD,QRC
Aroya,ARCR-AROY,ARCR,AROY,Cobra,4,Galley,(FZ6) Meat Prep,Entrance , ,STD,QRC
Aroya,ARCR-AROY,ARCR,AROY,Cobra,4,Galley,(FZ6) Fish Prep,Hand Wash, ,STD,QRC
Aroya,ARCR-AROY,ARCR,AROY,Cobra,3,Galley,(FZ6) Veg Prep,Potato Peeler, ,STD,QRC
Aroya,ARCR-AROY,ARCR,AROY,Aura,5,Messes,(FZ6) Crew Mess,Ice Machine AFT , ,STD,QRC
Aroya,ARCR-AROY,ARCR,AROY,Aura,5,Messes,(FZ6) Crew Mess,Camera AFT, ,STD,QRC
Aroya,ARCR-AROY,ARCR,AROY,Genus ILT30,4,Provisions,(FZ6) Corridor PT ,Water Fountain , ,STD,QRC
Aroya,ARCR-AROY,ARCR,AROY,Genus ILT30,4,Provisions,(FZ6) Corridor ,Meat Preparation, ,STD,QRC
Aroya,ARCR-AROY,ARCR,AROY,Genus ILT30,4,Provisions,(FZ6) Corridor ,EEBD, ,STD,QRC
Aroya,ARCR-AROY,ARCR,AROY,Genus ILT30,4,Provisions,(FZ6) Loading Gangway,FST 04-06-61, ,STD,QRC
Aroya,ARCR-AROY,ARCR,AROY,Genus ILT30,4,Provisions,(FZ6) Loading Door,Bulkhead AFT, ,STD,QRC
Aroya,ARCR-AROY,ARCR,AROY,Genus ILT30,4,Provisions,(FZ6) Crew Lift,Bulkhead PORT, ,STD,QRC
Aroya,ARCR-AROY,ARCR,AROY,Genus ILT30,4,Provisions,(FZ6) Crew Lift,Bulkhead STBD, ,STD,QRC
Aroya,ARCR-AROY,ARCR,AROY,Genus ILT30,4,Provisions,(FZ6) LOADING AREA ,Clock, ,STD,QRC
Aroya,ARCR-AROY,ARCR,AROY,Genus ILT30,4,Provisions,(FZ5) LOADING DOOR ,Bulkhead AFT, ,STD,QRC
Aroya,ARCR-AROY,ARCR,AROY,Genus ILT30,3,Provisions,(FZ6) Corridor ,Vegetable Room (Opposite), ,STD,QRC
Aroya,ARCR-AROY,ARCR,AROY,Genus ILT30,3,Provisions,(FZ6) Corridor ,Fire Door 03-6-002, ,STD,QRC
Aroya,ARCR-AROY,ARCR,AROY,Genus ILT30,3,Provisions,(FZ6) Corridor ,Crew Luft STBD, ,STD,QRC
Aroya,ARCR-AROY,ARCR,AROY,Genus ILT30,3,Provisions,(FZ5) Corridor ,Fire Station 03-05-53, ,STD,QRC
Aroya,ARCR-AROY,ARCR,AROY,Genus ILT30,5,Bars,(FZ1) Crew Bar,Entrance , ,STD,QRC
Aroya,ARCR-AROY,ARCR,AROY,Aura,8,Restaurant,(FZ6) DDRU Exit,Bulkhead PORT, ,STD,QRC
Aroya,ARCR-AROY,ARCR,AROY,Aura,8,Restaurant,(FZ6) DDRU Exit,Bulkhead STBD, ,STD,QRC
Aroya,ARCR-AROY,ARCR,AROY,Aura,8,Restaurant,(FZ4) Hotpot ,Fire Door 08-5-014, ,STD,QRC
Aroya,ARCR-AROY,ARCR,AROY,Aura,8,Restaurant,(FZ3) Steak House,Exit STBD, ,STD,QRC
Aroya,ARCR-AROY,ARCR,AROY,Genus ILT30,7,Restaurant,(FZ6) DDR Lower,Entrance , ,STD,QRC
Aroya,ARCR-AROY,ARCR,AROY,Genus ILT30,4,Garbage,(FZ5) Garbage Corridor,Cold Room, ,STD,QRC
Aroya,ARCR-AROY,ARCR,AROY,Genus ILT30,4,Garbage,(FZ5) Garbage Room,Co2 Station 1, ,STD,QRC
Aroya,ARCR-AROY,ARCR,AROY,Genus ILT30,4,Garbage,(FZ5) Garbage Room,Glass #2, ,STD,QRC
Aroya,ARCR-AROY,ARCR,AROY,Genus ILT30,4,Garbage,(FZ5) Garbage Room,Closed Loop P/P #4, ,STD,QRC
Aroya,ARCR-AROY,ARCR,AROY,Genus ILT30,4,Garbage,(FZ5) Garbage Room,Food Waste Chute, ,STD,QRC
Aroya,ARCR-AROY,ARCR,AROY,Genus ILT30,3,Garbage,Bio Waste Room,Compartment 17, ,STD,QRC
Aroya,ARCR-AROY,ARCR,AROY,Aura,8,Housekeeping,(FZ3) Board Walk,Exit Door STBD, ,STD,QRC
Aroya,ARCR-AROY,ARCR,AROY,Aura,8,Housekeeping,(FZ3) Board Walk,Exit Door PORT, ,STD,QRC
Aroya,ARCR-AROY,ARCR,AROY,Aura,8,Housekeeping,(FZ5) Hotpot Exit,Bulkhead PORT, ,STD,QRC
Aroya,ARCR-AROY,ARCR,AROY,Aura,8,Housekeeping,(FZ5) Hotpot Exit,Bulkhead STBD, ,STD,QRC
Aroya,ARCR-AROY,ARCR,AROY,Aura,8,Housekeeping,(FZ5) UMI UMA ,Exit, ,STD,QRC
Aroya,ARCR-AROY,ARCR,AROY,Genus ILT30,8,Housekeeping,(FZ4) Staircase P-04-18,Near Phone, ,STD,QRC
Aroya,ARCR-AROY,ARCR,AROY,Genus ILT30,7,Housekeeping,(FZ6) Corridor,Crew Entrance Elevator PORT, ,STD,QRC
Aroya,ARCR-AROY,ARCR,AROY,Genus ILT30,7,Housekeeping,(FZ6) Corridor,Crew Entrance Elevator STBD, ,STD,QRC
Aroya,ARCR-AROY,ARCR,AROY,Aura,7,Housekeeping,(FZ5) Corridor ,Fire Door AL-07-5-37, ,STD,QRC
Aroya,ARCR-AROY,ARCR,AROY,Aura,7,Housekeeping,(FZ5) Corridor  ,ST FL FST-07-05-48, ,STD,QRC
Aroya,ARCR-AROY,ARCR,AROY,Genus ILT30,7,Housekeeping,(FZ4) Crew Corridor STBD,Fire Door AL-07-4-002, ,STD,QRC
Aroya,ARCR-AROY,ARCR,AROY,Genus ILT30,7,Housekeeping,(FZ4) Crew Corridor PORT,Fire Door AL-07-4-001, ,STD,QRC
Aroya,ARCR-AROY,ARCR,AROY,Aura,7,Housekeeping,(FZ3) Shop Exit PORT,TD-07-3-001, ,STD,QRC
Aroya,ARCR-AROY,ARCR,AROY,Aura,7,Housekeeping,(FZ3) BL Exit  STBD,TD-07-3-002, ,STD,QRC
Aroya,ARCR-AROY,ARCR,AROY,Aura,7,Housekeeping,(FZ2) Zodiac Lobby,TD-07-2-002, ,STD,QRC
Aroya,ARCR-AROY,ARCR,AROY,Aura,7,Housekeeping,(FZ2) Zodiac Lobby,TD-07-2-001, ,STD,QRC
Aroya,ARCR-AROY,ARCR,AROY,Genus ILT30,7,Housekeeping,(FZ1) Corridor ,Bulkhead PORT, ,STD,QRC
Aroya,ARCR-AROY,ARCR,AROY,Genus ILT30,7,Housekeeping,(FZ1) Corridor ,Bulkhead STBD, ,STD,QRC
Aroya,ARCR-AROY,ARCR,AROY,Genus ILT30,7,Housekeeping,(FZ4) Staircase PORT,FD-07-4-014, ,STD,QRC
Aroya,ARCR-AROY,ARCR,AROY,Aura,5,Housekeeping,(FZ5) Tender Lobby,Bulkhead PORT, ,STD,QRC
Aroya,ARCR-AROY,ARCR,AROY,Aura,5,Housekeeping,(FZ5) Tender Lobby,Bulkhead STBD, ,STD,QRC
Aroya,ARCR-AROY,ARCR,AROY,Aura,5,Housekeeping,(FZ5) Corridor ,Fire Door-05-5-006, ,STD,QRC
Aroya,ARCR-AROY,ARCR,AROY,Aura,5,Housekeeping,(FZ3) Tender.Lobby ,Bulkhead PORT, ,STD,QRC
Aroya,ARCR-AROY,ARCR,AROY,Aura,5,Housekeeping,(FZ3) Tender.Lobby ,Bulkhead STBD, ,STD,QRC
Aroya,ARCR-AROY,ARCR,AROY,Aura,4,Housekeeping,(FZ5) Tender Lobby,Fire Locker 5, ,STD,QRC
Aroya,ARCR-AROY,ARCR,AROY,Aura,4,Housekeeping,(FZ5) Tender.Lobby,FB OFF, ,STD,QRC
Aroya,ARCR-AROY,ARCR,AROY,Aura,4,Housekeeping,(FZ 5) TL Workshop,Al;eyway, ,STD,QRC
Aroya,ARCR-AROY,ARCR,AROY,Aura,4,Housekeeping,(FZ 5) TL Workshop,Entrance , ,STD,QRC
Aroya,ARCR-AROY,ARCR,AROY,Genus ILT30,4,Housekeeping,(FZ3) Hand Luggage,Bulkhead PORT, ,STD,QRC
Aroya,ARCR-AROY,ARCR,AROY,Genus ILT30,4,Housekeeping,(FZ3) Hand Luggage,Bulkhead STBD, ,STD,QRC
Aroya,ARCR-AROY,ARCR,AROY,Aura,4,Housekeeping,(FZ3) Tender.Lobby ,Bulkhead PORT, ,STD,QRC
Aroya,ARCR-AROY,ARCR,AROY,Aura,4,Housekeeping,(FZ3) Tender.Lobby ,Bulkhead STBD, ,STD,QRC
Aroya,ARCR-AROY,ARCR,AROY,Genus ILT30,4,Housekeeping,(FZ2) Hand Luggage,Bulkhead PORT, ,STD,QRC
Aroya,ARCR-AROY,ARCR,AROY,Genus ILT30,4,Housekeeping,(FZ2) Hand Luggage,Bulkhead STBD, ,STD,QRC
Sylvia Earle,AUEX-EARL,AUEX,EARL,GLU-10 (LED),8,Galley,Rock Chopper Buffet ,Dish Wash,Jul-24,LED,QRC
Sylvia Earle,AUEX-EARL,AUEX,EARL,GLU-60,5,Galley,Main Galley,Dish Wash FWD, ,STD,QRC
Sylvia Earle,AUEX-EARL,AUEX,EARL,GLU-60,5,Galley,Main Galley,Dish Wash AFT, ,STD,QRC
Sylvia Earle,AUEX-EARL,AUEX,EARL,GLU-60,1,Provisions,Provision Storage,Crew Elevator, ,STD,QRC
Sylvia Earle,AUEX-EARL,AUEX,EARL,Wall Fly White (LED),5,Restaurant,Gentoo Restaurant,Entrance AFT,Jul-24,LED,QRC
Sylvia Earle,AUEX-EARL,AUEX,EARL,Wall Fly White (LED),5,Restaurant,Gentoo Restaurant,Entrance STBD,Jul-24,LED,QRC
Sylvia Earle,AUEX-EARL,AUEX,EARL,GLU-10 (LED),3,Recycling_Centre,Separation Room,Separation Station,Jul-24,LED,QRC
Sylvia Earle,AUEX-EARL,AUEX,EARL,GLU-10 (LED),3,Recycling_Centre,Processing Area,Glass Crusher,Jul-24,LED,QRC
Greg Mortimer,AUEX-GMOR,AUEX,GMOR,GLU-60,5,Galley,Galley,Pot Wash, ,STD,QRC
Greg Mortimer,AUEX-GMOR,AUEX,GMOR,GLU-60,5,Galley,Galley,Plate Wash, ,STD,QRC
Greg Mortimer,AUEX-GMOR,AUEX,GMOR,Fly Shield 2,3,Messes,Crew Mess,Portholes, ,STD,QRC
Greg Mortimer,AUEX-GMOR,AUEX,GMOR,Fly Shield 2,3,Messes,Crew Mess,Entrance, ,STD,QRC
Greg Mortimer,AUEX-GMOR,AUEX,GMOR,GLU-60,3,Provisions,Loading Bay,Shell Door (LHS), ,STD,QRC
Greg Mortimer,AUEX-GMOR,AUEX,GMOR,GLU-60,3,Provisions,Loading Bay,Shell Door (RHS), ,STD,QRC
Greg Mortimer,AUEX-GMOR,AUEX,GMOR,GLU-60,1,Provisions,Lobby,Temperature Panel, ,STD,QRC
Greg Mortimer,AUEX-GMOR,AUEX,GMOR,GLU-60,5,Restaurant,Galley,Restaurant Service, ,STD,QRC
Greg Mortimer,AUEX-GMOR,AUEX,GMOR,GLU-60,3,Garbage,Garbage Sorting,Wash Hand Basin (RHS), ,STD,QRC
Greg Mortimer,AUEX-GMOR,AUEX,GMOR,Fly Shield 2,3,Deck,Mud Room,Port, ,STD,QRC
Greg Mortimer,AUEX-GMOR,AUEX,GMOR,Fly Shield 2,3,Deck,Mud Room,Starboard, ,STD,QRC
Azamara Journey,AZAM-JOUR,AZAM,JOUR,Mantis 1 x 2,10,Galley,Speciality Galley,Bulkhead AFT, ,STD,QRC
Azamara Journey,AZAM-JOUR,AZAM,JOUR,Mantis 1 x 2,9,Galley,Stairwell,Bulkhead PORT, ,STD,QRC
Azamara Journey,AZAM-JOUR,AZAM,JOUR,Mantis Uplighter,4,Galley,Staff Mess,Dirty Area, ,STD,QRC
Azamara Journey,AZAM-JOUR,AZAM,JOUR,Mantis 1 x 2,4,Galley,Pantry,Entrance, ,STD,QRC
Azamara Journey,AZAM-JOUR,AZAM,JOUR,Mantis 1 x 2,4,Galley,Butchers,Entrance, ,STD,QRC
Azamara Journey,AZAM-JOUR,AZAM,JOUR,Mantis 1 x 2,3,Galley,Crew Mess,Entrance PORT, ,STD,QRC
Azamara Journey,AZAM-JOUR,AZAM,JOUR,Mantis 1 x 2,3,Galley,Crew Mess,Crew Shop, ,STD,QRC
Azamara Journey,AZAM-JOUR,AZAM,JOUR,Mantis 1 x 2,3,Provisions,I95,Foam Room (3a074), ,STD,QRC
Azamara Journey,AZAM-JOUR,AZAM,JOUR,Mantis 1 x 2,3,Provisions,Corridor,Loading Bay PORT, ,STD,QRC
Azamara Journey,AZAM-JOUR,AZAM,JOUR,Mantis 1 x 2,3,Provisions,Corridor,Loading Bay STBD, ,STD,QRC
Azamara Journey,AZAM-JOUR,AZAM,JOUR,Mantis 1 x 2,3,Provisions,Corridor,Vef Freezer STBD, ,STD,QRC
Azamara Journey,AZAM-JOUR,AZAM,JOUR,Mantis 1 x 2,2,Provisions,Corridor,Ice Cream Freezer, ,STD,QRC
Azamara Journey,AZAM-JOUR,AZAM,JOUR,Mantis 1 x 2,2,Provisions,Corridor,Bread Freezer, ,STD,QRC
Azamara Journey,AZAM-JOUR,AZAM,JOUR,Mantis Uplighter,10,Bars,Prime C,Bar, ,STD,QRC
Azamara Journey,AZAM-JOUR,AZAM,JOUR,Mantis Uplighter,9,Bars,Pool Bar,Pantry, ,STD,QRC
Azamara Journey,AZAM-JOUR,AZAM,JOUR,Mantis Uplighter,9,Restaurants,Windows Terrace,PORT, ,STD,QRC
Azamara Journey,AZAM-JOUR,AZAM,JOUR,Mantis Uplighter,9,Restaurants,Windows Terrace,STBD, ,STD,QRC
Azamara Journey,AZAM-JOUR,AZAM,JOUR,Mantis 1 x 2,5,Restaurants,Corridor PORT,Noticeboard, ,STD,QRC
Azamara Journey,AZAM-JOUR,AZAM,JOUR,Mantis 1 x 2,3,Incinerator,Incinerator,Aresol, ,STD,QRC
Azamara Journey,AZAM-JOUR,AZAM,JOUR,Mantis 1 x 2,3,Incinerator,Incinerator,Biohazard, ,STD,QRC
Azamara Journey,AZAM-JOUR,AZAM,JOUR,Mantis Uplighter,9,Housekeeping,Windows,Windows Entrance, ,STD,QRC
Azamara Journey,AZAM-JOUR,AZAM,JOUR,Mantis 1 x 2,9,Housekeeping,Elevators PORT,Elevator, ,STD,QRC
Azamara Journey,AZAM-JOUR,AZAM,JOUR,Mantis Uplighter,5,Housekeeping,Elevators MID ,Elevator LHS, ,STD,QRC
Azamara Journey,AZAM-JOUR,AZAM,JOUR,Mantis Uplighter,5,Housekeeping,Elevators MID ,Elevator RHS, ,STD,QRC
Azamara Journey,AZAM-JOUR,AZAM,JOUR,Mantis Uplighter,3,Housekeeping,Gangway PORT,Gangway, ,STD,QRC
Azamara Journey,AZAM-JOUR,AZAM,JOUR,Mantis Uplighter,3,Housekeeping,Gangway STBD,Gangway, ,STD,QRC
Azamara Journey,AZAM-JOUR,AZAM,JOUR,Mantis 1 X 2,3,Housekeeping,I95 MID,Bulkhead PORT, ,STD,QRC
Azamara Journey,AZAM-JOUR,AZAM,JOUR,Mantis 1 X 2,2,Housekeeping,I95 MID,Chemical Store, ,STD,QRC
Azamara Onward,AZAM-ONWA,AZAM,ONWA,Mantis 1 x 2,10,Galley,Prime/Aquolina ,Fire Screen Door 1012, ,STD,QRC
Azamara Onward,AZAM-ONWA,AZAM,ONWA,Mantis 1 x 2,9,Galley,Windows Galley,Dirty Area STBD, ,STD,QRC
Azamara Onward,AZAM-ONWA,AZAM,ONWA,Mantis 1 x 2,9,Galley,Elevator,Crew Elevator STBD, ,STD,QRC
Azamara Onward,AZAM-ONWA,AZAM,ONWA,Mantis 1 x 2,4,Galley,Grand Manager,Cold Room Door 336 , ,STD,QRC
Azamara Onward,AZAM-ONWA,AZAM,ONWA,Mantis 1 x 2,4,Galley,Bakery,Mooring Station Door AFT, ,STD,QRC
Azamara Onward,AZAM-ONWA,AZAM,ONWA,Mantis 1 x 2,4,Galley,Main Galley,Crew Elevator AFT, ,STD,QRC
Azamara Onward,AZAM-ONWA,AZAM,ONWA,Mantis 1 x 2,4,Galley,Main Galley,Butcher Area , ,STD,QRC
Azamara Onward,AZAM-ONWA,AZAM,ONWA,Mantis 1 x 2,2,Provisions,Corridor,Front Liquor Store, ,STD,QRC
Azamara Onward,AZAM-ONWA,AZAM,ONWA,Mantis 1 x 2,2,Provisions,Dry Store,Emergency Exit, ,STD,QRC
Azamara Onward,AZAM-ONWA,AZAM,ONWA,Mantis 1 x 2,3,Provisions,Steering Gear,Entrance Door AFT STBD, ,STD,QRC
Azamara Onward,AZAM-ONWA,AZAM,ONWA,Mantis 1 x 2,3,Provisions,Corridor,Watertight Door 359 AFT, ,STD,QRC
Azamara Onward,AZAM-ONWA,AZAM,ONWA,Mantis 1 x 2,3,Provisions,Crew Mess,Entrance PORT (Outside), ,STD,QRC
Azamara Onward,AZAM-ONWA,AZAM,ONWA,Mantis 1 x 2,3,Provisions,Provision Office,Entrance, ,STD,QRC
Azamara Onward,AZAM-ONWA,AZAM,ONWA,Fly Shield 1,10,Bars,Atlas Bar,Mirror Counter, ,STD,QRC
Azamara Onward,AZAM-ONWA,AZAM,ONWA,Ecolab Uplighter,9,Bars,Pool Deck,Pool Deck Bar Pantry, ,STD,QRC
Azamara Onward,AZAM-ONWA,AZAM,ONWA,Mantis 1 x 2,2,Bars,Crew Bar,Waste Bins, ,STD,QRC
Azamara Onward,AZAM-ONWA,AZAM,ONWA,Ecolab Uplighter,9,Restaurant,Windows ,Fruit Line (Behind), ,STD,QRC
Azamara Onward,AZAM-ONWA,AZAM,ONWA,Ecolab Uplighter,9,Restaurant,Sunset Veranda,Sliding Doors AFT STBD, ,STD,QRC
Azamara Onward,AZAM-ONWA,AZAM,ONWA,Ecolab Uplighter,9,Restaurant,Sunset Veranda,Sliding Doors AFT PORT, ,STD,QRC
Azamara Onward,AZAM-ONWA,AZAM,ONWA,Ecolab Uplighter,9,Restaurant,Windows ,Cold Line AFT, ,STD,QRC
Azamara Onward,AZAM-ONWA,AZAM,ONWA,Ecolab Uplighter,5,Restaurant,Room Service,Crew Elevator AFT PORT, ,STD,QRC
Azamara Onward,AZAM-ONWA,AZAM,ONWA,Ecolab Uplighter,5,Restaurant,Room service,Observance Area PORT, ,STD,QRC
Azamara Onward,AZAM-ONWA,AZAM,ONWA,Mantis 1 x 2,4,Restaurant,Staff Mess,Waste Bins, ,STD,QRC
Azamara Onward,AZAM-ONWA,AZAM,ONWA,Mantis Uplighter,4,Restaurant,Staff Mess,Cabinet AFT, ,STD,QRC
Azamara Onward,AZAM-ONWA,AZAM,ONWA,Mantis 1 x 2,3,Restaurant,Crew Mess,Crew Shop AFT, ,STD,QRC
Azamara Onward,AZAM-ONWA,AZAM,ONWA,Mantis 1 x 2,3,Restaurant,Crew Mess,Door 179.1 STBD, ,STD,QRC
Azamara Onward,AZAM-ONWA,AZAM,ONWA,Mantis 1 x 2,3,Restaurant,Crew Mess,Dirty Area STBD, ,STD,QRC
Azamara Onward,AZAM-ONWA,AZAM,ONWA,Mantis 1 x 2,3,Garbage,Garbage Room,Cold Room (Outside), ,STD,QRC
Azamara Onward,AZAM-ONWA,AZAM,ONWA,Mantis 1 x 2,3,Garbage,Garbage Room,Working Table, ,STD,QRC
Azamara Onward,AZAM-ONWA,AZAM,ONWA,Mantis 1 x 2,3,Garbage,Garbage Room,Medical Cabinet (Combustible), ,STD,QRC
Azamara Onward,AZAM-ONWA,AZAM,ONWA,Mantis 1 x 2,3,Garbage,Garbage Room,Domestic Waste Area, ,STD,QRC
Azamara Onward,AZAM-ONWA,AZAM,ONWA,Mantis Uplighter,5,Housekeeping,Shop,Jewellery STBD, ,STD,QRC
Azamara Onward,AZAM-ONWA,AZAM,ONWA,Ecolab Uplighter,5,Housekeeping,Cabaret,Entrance FWD STBD, ,STD,QRC
Azamara Onward,AZAM-ONWA,AZAM,ONWA,Ecolab Uplighter,5,Housekeeping,Cabaret,Entrance FWD PORT, ,STD,QRC
Azamara Onward,AZAM-ONWA,AZAM,ONWA,Ecolab Uplighter,5,Housekeeping,Accomodation,Guest Men's Restroom (Opp.), ,STD,QRC
Azamara Onward,AZAM-ONWA,AZAM,ONWA,Ecolab Uplighter,5,Housekeeping,Accomodation,Guest Female Restroom (Opp.), ,STD,QRC
Azamara Onward,AZAM-ONWA,AZAM,ONWA,Ecolab Uplighter,3,Housekeeping,Pilot Door,Shell Door 301 FWD STBD, ,STD,QRC
Azamara Onward,AZAM-ONWA,AZAM,ONWA,Ecolab Uplighter,3,Housekeeping,Guest Elevator,Door 127.1 FWD PORT, ,STD,QRC
Azamara Pursuit,AZAM-PURS,AZAM,PURS,Mantis 1 x 2,10,Galley,Staging Area,Hose Station 10008, ,STD,QRC
Azamara Pursuit,AZAM-PURS,AZAM,PURS,Mantis 1 x 2,10,Galley,Plate house,Plate Drop, ,STD,QRC
Azamara Pursuit,AZAM-PURS,AZAM,PURS,Mantis 1 x 2,9,Galley,Windows,Plate House, ,STD,QRC
Azamara Pursuit,AZAM-PURS,AZAM,PURS,Mantis 1 x 2,9,Galley,Windows,Crew Corridor, ,STD,QRC
Azamara Pursuit,AZAM-PURS,AZAM,PURS,Fly Shield 1,9,Galley,Patio,Inner Galley, ,STD,QRC
Azamara Pursuit,AZAM-PURS,AZAM,PURS,Mantis 1 x 2,5,Galley,Rest. Pantry,Fire Hose station, ,STD,QRC
Azamara Pursuit,AZAM-PURS,AZAM,PURS,Mantis 1 x 2,5,Galley,Room Service,Entrance, ,STD,QRC
Azamara Pursuit,AZAM-PURS,AZAM,PURS,Mantis 1 x 2,4,Galley,Butchers,Lift, ,STD,QRC
Azamara Pursuit,AZAM-PURS,AZAM,PURS,Mantis 1 x 2,4,Galley,Main Galley,Stairs (Opp. Platehouse), ,STD,QRC
Azamara Pursuit,AZAM-PURS,AZAM,PURS,Ecolab Uplighter,4,Galley,Main Galley,Escalator, ,STD,QRC
Azamara Pursuit,AZAM-PURS,AZAM,PURS,Mantis 1 x 2,4,Galley,Main Galley,Crew Lift AFT (Opposite), ,STD,QRC
Azamara Pursuit,AZAM-PURS,AZAM,PURS,Mantis 1 x 2,4,Galley,Pastry,Mixers, ,STD,QRC
Azamara Pursuit,AZAM-PURS,AZAM,PURS,Mantis 1 x 2,3,Galley,Fruit/Veg Store,Veg Prep (Opposite), ,STD,QRC
Azamara Pursuit,AZAM-PURS,AZAM,PURS,Ecolab Uplighter,3,Galley,Crew Mess,Platehouse, ,STD,QRC
Azamara Pursuit,AZAM-PURS,AZAM,PURS,Mantis 1 x 2,4,Messes,Staff Mess,Plate Drop, ,STD,QRC
Azamara Pursuit,AZAM-PURS,AZAM,PURS,Mantis 1 x 2,3,Messes,Crew Mess,Port Holes (Centre), ,STD,QRC
Azamara Pursuit,AZAM-PURS,AZAM,PURS,Ecolab Uplighter,3,Messes,Crew Mess,Plate Scrape, ,STD,QRC
Azamara Pursuit,AZAM-PURS,AZAM,PURS,Ecolab Uplighter,9,Restaurant,Windows,Servery AFT PORT, ,STD,QRC
Azamara Pursuit,AZAM-PURS,AZAM,PURS,Ecolab Uplighter,9,Restaurant,Windows,Servery AFT MID, ,STD,QRC
Azamara Pursuit,AZAM-PURS,AZAM,PURS,Ecolab Uplighter,9,Restaurant,Windows,Servery AFT STBD, ,STD,QRC
Azamara Pursuit,AZAM-PURS,AZAM,PURS,Ecolab Uplighter,9,Restaurant,Windows,Entrance PORT, ,STD,QRC
Azamara Pursuit,AZAM-PURS,AZAM,PURS,Ecolab Uplighter,9,Restaurant,Windows,Entrance STBD, ,STD,QRC
Azamara Pursuit,AZAM-PURS,AZAM,PURS,Mantis 1 x 2,3,Provisions,Corridor,Gunport AFT (Hydraulic Rm), ,STD,QRC
Azamara Pursuit,AZAM-PURS,AZAM,PURS,Mantis 1 x 2,3,Provisions,Corridor,Gunport AFT (Shell Dr STBD), ,STD,QRC
Azamara Pursuit,AZAM-PURS,AZAM,PURS,Mantis 1 x 2,3,Provisions,Corridor,Gunport AFT PORT (Storing), ,STD,QRC
Azamara Pursuit,AZAM-PURS,AZAM,PURS,Fly Shield 1,2,Provisions,Dry Store,Emergency Escape, ,STD,QRC
Azamara Pursuit,AZAM-PURS,AZAM,PURS,Fly Shield 1,4,Housekeeping,Medical Centre,Reception, ,STD,QRC
Azamara Pursuit,AZAM-PURS,AZAM,PURS,Fly Shield 2,3,Housekeeping,Gangway,Shell Door STBD, ,STD,QRC
Azamara Pursuit,AZAM-PURS,AZAM,PURS,Fly Shield 1,3,Housekeeping,Gangway,Shell Door PORT, ,STD,QRC
Azamara Pursuit,AZAM-PURS,AZAM,PURS,Fly Shield 2,1,Housekeeping,Main Laundry ,Washing Machine 1 STBD FWD, ,STD,QRC
Azamara Pursuit,AZAM-PURS,AZAM,PURS,Mantis 1 x 2,2,Provisions,Corridor,Fire Hose, ,STD,QRC
Azamara Pursuit,AZAM-PURS,AZAM,PURS,Fly Shield 2,3,Recycling_Centre,Engine,Can Compactor & Plastic Shredder (Between), ,STD,QRC
Azamara Pursuit,AZAM-PURS,AZAM,PURS,Fly Shield 2,3,Recycling_Centre,Engine,Stairs, ,STD,QRC
Azamara Pursuit,AZAM-PURS,AZAM,PURS,Mantis 1 x 2,3,Recycling_Centre,Garbage Room,Entrance Door (Outside), ,STD,QRC
Azamara Pursuit,AZAM-PURS,AZAM,PURS,Mantis 1 x 2,3,Recycling_Centre,Garbage room,Separation table, ,STD,QRC
Azamara Pursuit,AZAM-PURS,AZAM,PURS,Ecolab Uplighter,2,Recycling_Centre,Garbage room,Telephone, ,STD,QRC
Azamara Pursuit,AZAM-PURS,AZAM,PURS,Mantis 1 x 2,2,Recycling_Centre,Corridor,Electrical Workshop (Opp.), ,STD,QRC
Azamara Pursuit,AZAM-PURS,AZAM,PURS,Mantis 1 x 2,9,Bars,Pool Bar,Pantry, ,STD,QRC
Azamara Quest,AZAM-QUES,AZAM,QUES,Mantis 1 x 2,10,Galley,Crew Landing PORT,Aqualina Entrance, ,STD,QRC
Azamara Quest,AZAM-QUES,AZAM,QUES,Mantis 1 x 2,9,Galley,Crew Landing STBD,Elevator, ,STD,QRC
Azamara Quest,AZAM-QUES,AZAM,QUES,Mantis 1 x 2,4,Galley,Bakery,Emergency Exit, ,STD,QRC
Azamara Quest,AZAM-QUES,AZAM,QUES,Mantis Uplighter,9,Housekeeping,Staircase FWD,Toilets PORT (Opp.), ,STD,QRC
Azamara Quest,AZAM-QUES,AZAM,QUES,Mantis Uplighter,9,Housekeeping,Staircase FWD,Toilets STBD (Opp.), ,STD,QRC
Azamara Quest,AZAM-QUES,AZAM,QUES,Mantis 1 x 2,9,Housekeeping,Guest Staircase AFT,Toilets PORT (Opp.), ,STD,QRC
Azamara Quest,AZAM-QUES,AZAM,QUES,Wall Fly White (LED),5,Housekeeping,Staircase AFT,External Doors PORT,Jan-25,LED,QRC
Azamara Quest,AZAM-QUES,AZAM,QUES,Wall Fly White (LED),5,Housekeeping,Staircase AFT,External Doors STBD,Jan-25,LED,QRC
Azamara Quest,AZAM-QUES,AZAM,QUES,Mantis 1 x 2,3,Housekeeping,I 95,Sprinkler Stn 403 (Opp.), ,STD,QRC
Azamara Quest,AZAM-QUES,AZAM,QUES,Mantis Uplighter,3,Housekeeping,Luggage PORT,I 95 Door LHS, ,STD,QRC
Azamara Quest,AZAM-QUES,AZAM,QUES,Mantis Uplighter,3,Housekeeping,Luggage STBD,Crew Entrance Door RHS, ,STD,QRC
Azamara Quest,AZAM-QUES,AZAM,QUES,Mantis 1 x 2,3,Housekeeping,Crew Corridor STBD,Bar Mgr Office, ,STD,QRC
Azamara Quest,AZAM-QUES,AZAM,QUES,Mantis Uplighter,9,Bars,Pool Bar,Pantry (Red Bin), ,STD,QRC
Azamara Quest,AZAM-QUES,AZAM,QUES,Mantis Uplighter,9,Restaurant,Windows Café,Sliding Door STBD, ,STD,QRC
Azamara Quest,AZAM-QUES,AZAM,QUES,Mantis Uplighter,9,Restaurant,Windows Café,Sliding Door PORT, ,STD,QRC
Azamara Quest,AZAM-QUES,AZAM,QUES,Mantis 1 x 2,9,Restaurant,Windows Café,Forward STBD, ,STD,QRC
Azamara Quest,AZAM-QUES,AZAM,QUES,Mantis 1 x 2,9,Restaurants,Lido Grill,Windows STBD, ,STD,QRC
Azamara Quest,AZAM-QUES,AZAM,QUES,Mantis 1 x 2,3,Restaurant,Windows Café,Dishwash STBD, ,STD,QRC
Azamara Quest,AZAM-QUES,AZAM,QUES,Mantis 1 x 2,3,Recycling_Centre,Incinerator Room,White Pipes, ,STD,QRC
Azamara Quest,AZAM-QUES,AZAM,QUES,Mantis 1 x 2,3,Recycling_Centre,Loading Area,Incinerator Room (Outside), ,STD,QRC
Azamara Quest,AZAM-QUES,AZAM,QUES,Mantis 1 x 2,3,Recycling_Centre,Incinerator Room,Incin. Silo #2 Hatch, ,STD,QRC
Azamara Quest,AZAM-QUES,AZAM,QUES,Mantis 1 x 2,3,Recycling_Centre,Incinerator Room,Glass Crusher, ,STD,QRC
Azamara Quest,AZAM-QUES,AZAM,QUES,Mantis 1 x 2,3,Messes,Crew Mess,Sliding Door LHS, ,STD,QRC
Azamara Quest,AZAM-QUES,AZAM,QUES,Mantis 1 x 2,3,Messes,Staff Mess,Bin Area, ,STD,QRC
Azamara Quest,AZAM-QUES,AZAM,QUES,Mantis 1 x 2,3,Provisions,Corridor,Fire Ext 14.51 LHS, ,STD,QRC
Azamara Quest,AZAM-QUES,AZAM,QUES,Mantis 1 x 2,1,Laundry,Main Laundry,Desk, ,STD,QRC
Azamara Quest,AZAM-QUES,AZAM,QUES,Mantis 1 x 2,1,Laundry,Drying Room ,Mangler Machine (Rear), ,STD,QRC
Rennaisance,CFCX-RENN,CFCX,RENN,Mantis 1 x 2,11,Galley,Plate Wash,Plate Scrape, ,STD,QRC
Rennaisance,CFCX-RENN,CFCX,RENN,Mantis 1 x 2,3,Messes,Officer Mess,Plate Scrape, ,STD,QRC
Rennaisance,CFCX-RENN,CFCX,RENN,Mantis 1 x 2,3,Messes,Crew Mess,Plate Scrape, ,STD,QRC
Rennaisance,CFCX-RENN,CFCX,RENN,Mantis 1 x 2,3,Messes,Crew Mess,Microwave, ,STD,QRC
Rennaisance,CFCX-RENN,CFCX,RENN,Mantis 1 x 2,3,Messes,Staff Mess,Plate Scrape, ,STD,QRC
Rennaisance,CFCX-RENN,CFCX,RENN,Mantis 1 x 2,3,Provisions,Marshall Area,Bulkhead FWD. PORT, ,STD,QRC
Rennaisance,CFCX-RENN,CFCX,RENN,Mantis 1 x 2,3,Provisions,Marshall Area,Bulkhead AFT PORT, ,STD,QRC
Rennaisance,CFCX-RENN,CFCX,RENN,Mantis 1 x 2,3,Provisions,Marshall Area,Bulkhead FWD. STBD, ,STD,QRC
Rennaisance,CFCX-RENN,CFCX,RENN,Mantis 1 x 2,3,Provisions,Engine Corridor,Bulkhead STBD, ,STD,QRC
Rennaisance,CFCX-RENN,CFCX,RENN,Mantis 1 x 2,3,Provisions,Gangway STBD.,AC Office, ,STD,QRC
Rennaisance,CFCX-RENN,CFCX,RENN,Mantis 1 x 2,3,Provisions,Gangway PORT,Butchers Shop (Opp.), ,STD,QRC
Rennaisance,CFCX-RENN,CFCX,RENN,Mantis 1 x 2,3,Provisions,Stairway,Fire Alarm, ,STD,QRC
Rennaisance,CFCX-RENN,CFCX,RENN,Mantis Uplighter,11,Restaurant,Pool Grill,Stairs, ,STD,QRC
Rennaisance,CFCX-RENN,CFCX,RENN,Mantis Uplighter,11,Restaurant,Buffet,Doors STBD, ,STD,QRC
Rennaisance,CFCX-RENN,CFCX,RENN,Mantis Uplighter,11,Restaurant,Platewash,Entrance STBD, ,STD,QRC
Rennaisance,CFCX-RENN,CFCX,RENN,Mantis Uplighter,11,Restaurant,Buffet,Doors PORT, ,STD,QRC
Rennaisance,CFCX-RENN,CFCX,RENN,Mantis Uplighter,11,Restaurant,Platewash,Entrance PORT, ,STD,QRC
Rennaisance,CFCX-RENN,CFCX,RENN,Mantis Uplighter,11,Restaurant,Buffet,Service Line PORT, ,STD,QRC
Rennaisance,CFCX-RENN,CFCX,RENN,Mantis Uplighter,11,Restaurant,Buffet,Service Line STBD., ,STD,QRC
Rennaisance,CFCX-RENN,CFCX,RENN,Mantis Uplighter,11,Restaurant,Buffet,Deck Entrance PORT, ,STD,QRC
Rennaisance,CFCX-RENN,CFCX,RENN,Mantis Uplighter,11,Restaurant,Buffet,Deck Entrance STBD., ,STD,QRC
Rennaisance,CFCX-RENN,CFCX,RENN,Mantis 1 x 2,3,Garbage,Garbage Room,Separation Bins, ,STD,QRC
Rennaisance,CFCX-RENN,CFCX,RENN,Mantis 1 x 2,3,Garbage,Garbage Room,Plastic Boxes, ,STD,QRC
Rennaisance,CFCX-RENN,CFCX,RENN,Mantis 1 x 2,3,Garbage,Garbage Room,Coat Hooks, ,STD,QRC
Rennaisance,CFCX-RENN,CFCX,RENN,Mantis 1 x 2,3,Garbage,Garbage Room,Desk/Fridge, ,STD,QRC
Rennaisance,CFCX-RENN,CFCX,RENN,Mantis 1 x 2,3,Garbage,Cold Storage Rm,Engine Casing Office, ,STD,QRC
Rennaisance,CFCX-RENN,CFCX,RENN,Mantis Uplighter,3,Housekeeping,Gangway PORT,Print Shop (Opp.), ,STD,QRC
Rennaisance,CFCX-RENN,CFCX,RENN,Mantis Uplighter,3,Housekeeping,Gangway STBD.,HR Office (Opp.), ,STD,QRC
Rennaisance,CFCX-RENN,CFCX,RENN,Mantis 1 x 2,3,Housekeeping,Crew Rec Rm,Bulkhead FWD., ,STD,QRC
Rennaisance,CFCX-RENN,CFCX,RENN,Mantis 1 x 2,3,Housekeeping,Corridor,Musterlist STBD, ,STD,QRC
Rennaisance,CFCX-RENN,CFCX,RENN,Mantis 1 x 2,3,Housekeeping,Corridor,TVs STBD, ,STD,QRC
Rennaisance,CFCX-RENN,CFCX,RENN,Mantis 1 x 2,3,Housekeeping,Corridor,Safety Board, ,STD,QRC
Rennaisance,CFCX-RENN,CFCX,RENN,Mantis 1 x 2,2,Housekeeping,Corridor,Atlanta Road, ,STD,QRC
Rennaisance,CFCX-RENN,CFCX,RENN,Mantis 1 x 2,2,Housekeeping,Corridor,Boston Road, ,STD,QRC
Rennaisance,CFCX-RENN,CFCX,RENN,Mantis 1 x 2,2,Housekeeping,Corridor,Chicago Road, ,STD,QRC
Rennaisance,CFCX-RENN,CFCX,RENN,Mantis 1 x 2,2,Housekeeping,Corridor,Dublin Road, ,STD,QRC
Rennaisance,CFCX-RENN,CFCX,RENN,Mantis 1 x 2,2,Housekeeping,Corridor,Edinburgh Road, ,STD,QRC
Rennaisance,CFCX-RENN,CFCX,RENN,Mantis 1 x 2,2,Housekeeping,Corridor,Franfurt Road, ,STD,QRC
Rennaisance,CFCX-RENN,CFCX,RENN,Mantis 1 x 2,2,Housekeeping,Corridor,Genoa Road, ,STD,QRC
Rennaisance,CFCX-RENN,CFCX,RENN,Mantis 1 x 2,2,Housekeeping,Corridor,Hamburg Road, ,STD,QRC
Club Med 2,CMCX-MED2,CMCX,MED2,Fly Shield 2,G,Restaurant,Saint Tropez, Veranda STBD, ,STD,QRC
Club Med 2,CMCX-MED2,CMCX,MED2,Uplight 1x15wNS,G,Restaurant,Saint Tropez,Entrance, ,STD,QRC
Club Med 2,CMCX-MED2,CMCX,MED2,GLU-60,G,Restaurant,Saint Tropez,Platewash Entrance, ,STD,QRC
Club Med 2,CMCX-MED2,CMCX,MED2,GLU-60,G,Restaurant,Saint Tropez,Galley Entrance AFT, ,STD,QRC
Club Med 2,CMCX-MED2,CMCX,MED2,Wall Fly 1x18w,G,Bars,Saint Barth,Pantry Entrance, ,STD,QRC
Club Med 2,CMCX-MED2,CMCX,MED2,Wall Fly 1x18w,F,Bars,Portofino,Entrance PORT, ,STD,QRC
Club Med 2,CMCX-MED2,CMCX,MED2,Wall Fly 1x18w,E,Bars,Cannes,Pantry Entrance, ,STD,QRC
Club Med 2,CMCX-MED2,CMCX,MED2,Wall Fly 1x18w,E,Bars,Yacht Club,Pantry Entrance, ,STD,QRC
Club Med 2,CMCX-MED2,CMCX,MED2,Uplight 1x15wNS,E,Galley,Monte Carlo Galley,Stairs Entrance, ,STD,QRC
Club Med 2,CMCX-MED2,CMCX,MED2,GLU-60,D,Galley,Main Galley,Soup Kettles, ,STD,QRC
Club Med 2,CMCX-MED2,CMCX,MED2,GLU-60,D,Galley,Main Galley,Bakery, ,STD,QRC
Club Med 2,CMCX-MED2,CMCX,MED2,GLU-60,C,Garbage,Garbage Room,Entrance Door, ,STD,QRC
Club Med 2,CMCX-MED2,CMCX,MED2,Wall Fly 1x18w,C,Economat,Bunkering, Shell Door Room PORT, ,STD,QRC
Club Med 2,CMCX-MED2,CMCX,MED2,Wall Fly 1x18w,C,Economat,Bunkering,Shell Door Room STBD, ,STD,QRC
Club Med 2,CMCX-MED2,CMCX,MED2,GLU-60,C,Economat,Corridor,Opp. Potato Room, ,STD,QRC
Club Med 2,CMCX-MED2,CMCX,MED2,GLU-60,C,Economat,Butcher Shop,Electrical Cabinet, ,STD,QRC
Club Med 2,CMCX-MED2,CMCX,MED2,GLU-60,C,Economat,Loading Corridor,Shell Door PORT, ,STD,QRC
Club Med 2,CMCX-MED2,CMCX,MED2,GLU-60,C,Economat,Loading Corridor,Shell Door STBD, ,STD,QRC
Club Med 2,CMCX-MED2,CMCX,MED2,Bar 2 (30W),C,Housekeeping,Loading Corridor,Shell Door (Luggage), ,STD,QRC
Crystal Serenity,CRYS-SERY,CRYS,SERY,Uplight 1x15w,12,Galley,Lido,Entrance PORT, ,STD,QRC
Crystal Serenity,CRYS-SERY,CRYS,SERY,Uplight 1x15w,12,Galley,Lido,Entrance STBD, ,STD,QRC
Crystal Serenity,CRYS-SERY,CRYS,SERY,Mantis 1 x 2,5,Galley,Crew Galley,Corridor AFT, ,STD,QRC
Crystal Serenity,CRYS-SERY,CRYS,SERY,Uplight 1x15w,4,Messes,Crew Galley,Dish Wash (Opposite), ,STD,QRC
Crystal Serenity,CRYS-SERY,CRYS,SERY,Uplight 1x15w,4,Messes,Officer Mess,Dirty Storage Area, ,STD,QRC
Crystal Serenity,CRYS-SERY,CRYS,SERY,Uplight 1x15w,4,Messes,Crew Mess,Entrance AFT, ,STD,QRC
Crystal Serenity,CRYS-SERY,CRYS,SERY,Uplight 1x15w,4,Provisions,Corridor,Orca Machine, ,STD,QRC
Crystal Serenity,CRYS-SERY,CRYS,SERY,Mantis 1 x 2,4,Garbage,Corridor,Food Waste Cold Room (Opp.), ,STD,QRC
Crystal Serenity,CRYS-SERY,CRYS,SERY,Mantis 1 x 2,4,Garbage,Garbage Room,Cage Staircase, ,STD,QRC
Crystal Serenity,CRYS-SERY,CRYS,SERY,Mantis 1 x 2,4,Garbage,Garbage Room,Can Crusher, ,STD,QRC
Crystal Serenity,CRYS-SERY,CRYS,SERY,Mantis 1 x 2,4,Garbage,Garbage Room,Shredder, ,STD,QRC
Crystal Serenity,CRYS-SERY,CRYS,SERY,Uplight 1x15w,2,Laundry,Main Laundry,Wall Clock, ,STD,QRC
Crystal Serenity,CRYS-SERY,CRYS,SERY,Uplight 1x15w,2,Laundry,Main Laundry,Aerotech Washer, ,STD,QRC
Crystal Serenity,CRYS-SERY,CRYS,SERY,Uplight 1x15w,4,Crew Office,Crew Mess,Television, ,STD,QRC
Crystal Serenity,CRYS-SERY,CRYS,SERY,Uplight 1x15w,4,Crew Office,Corridor,Bakery (Opp.), ,STD,QRC
Crystal Serenity,CRYS-SERY,CRYS,SERY,Mantis 1 x 2,4,Crew Office,Corridor,Elevator FWD (Opp.), ,STD,QRC
Crystal Serenity,CRYS-SERY,CRYS,SERY,Uplight 1x15w,4,Crew Office,Corridor,Staircase FWD, ,STD,QRC
Crystal Serenity,CRYS-SERY,CRYS,SERY,Uplight 1x15w,4,Crew Office,Corridor,Muster List Board, ,STD,QRC
Crystal Serenity,CRYS-SERY,CRYS,SERY,Uplight 1x15w,4,Crew Office,Corridor,Engine Room Door, ,STD,QRC
Crystal Symphony,CRYS-SYMP,CRYS,SYMP,Fly Shield 2,11,Galley,Tastes Bar & Kitchen ,Pot Wash, ,STD,QRC
Crystal Symphony,CRYS-SYMP,CRYS,SYMP,Fly Shield 1,11,Galley,Stairway AFT ,Bulkhead STBD, ,STD,QRC
Crystal Symphony,CRYS-SYMP,CRYS,SYMP,Fly Shield 1,11,Galley,Stairway AFT ,Bulkhead PORT, ,STD,QRC
Crystal Symphony,CRYS-SYMP,CRYS,SYMP,Fly Shield 2,11,Galley,Lido STBD,Coffee Station , ,STD,QRC
Crystal Symphony,CRYS-SYMP,CRYS,SYMP,Fly Shield 2,11,Galley,Lido STBD,Omelette Station, ,STD,QRC
Crystal Symphony,CRYS-SYMP,CRYS,SYMP,Fly Shield 2,11,Galley,Lido STBD,Sliding Door, ,STD,QRC
Crystal Symphony,CRYS-SYMP,CRYS,SYMP,Fly Shield 2,11,Galley,Lido PORT,Coffee Station , ,STD,QRC
Crystal Symphony,CRYS-SYMP,CRYS,SYMP,Fly Shield 2,11,Galley,Lido PORT,Omelette Station , ,STD,QRC
Crystal Symphony,CRYS-SYMP,CRYS,SYMP,Mantis 1 x 2,4,Galley,Crew Galley,Bins, ,STD,QRC
Crystal Symphony,CRYS-SYMP,CRYS,SYMP,Mantis 1 x 2,4,Galley,Officers Mess,Pantry, ,STD,QRC
Crystal Symphony,CRYS-SYMP,CRYS,SYMP,P15 Uplighter,4,Galley,Butchers Shop,First Aid Box , ,STD,QRC
Crystal Symphony,CRYS-SYMP,CRYS,SYMP,Mantis 1 x 2,4,Messes,Crew Counter,Dish Wash , ,STD,QRC
Crystal Symphony,CRYS-SYMP,CRYS,SYMP,Mantis 1 x 2,4,Provisions,Loading Area ,Shell Door STBD, ,STD,QRC
Crystal Symphony,CRYS-SYMP,CRYS,SYMP,Mantis 1 x 2,4,Provisions,Loading Area ,Shell Door PORT, ,STD,QRC
Crystal Symphony,CRYS-SYMP,CRYS,SYMP,Mantis 1 x 2,4,Provisions,Trolley Room ,Clock, ,STD,QRC
Crystal Symphony,CRYS-SYMP,CRYS,SYMP,Mantis 1 x 2,4,Provisions,Bakery Room ,Entrance, ,STD,QRC
Crystal Symphony,CRYS-SYMP,CRYS,SYMP,Mantis 1 x 2,4,Provisions,Fish Prep ,Clock, ,STD,QRC
Crystal Symphony,CRYS-SYMP,CRYS,SYMP,Mantis 1 x 2,4,Provisions,Vegtable Prep,Cleaning Locker, ,STD,QRC
Crystal Symphony,CRYS-SYMP,CRYS,SYMP,Mantis 1 x 2,4,Provisions,Corridor (End),Phone Box, ,STD,QRC
Crystal Symphony,CRYS-SYMP,CRYS,SYMP,Fly Shield 2,5,Provisions,Gangway,Gangway Landing, ,STD,QRC
Crystal Symphony,CRYS-SYMP,CRYS,SYMP,Fly Shield 2,5,Provisions,Gangway,Gangway Landing, ,STD,QRC
Crystal Symphony,CRYS-SYMP,CRYS,SYMP,Fly Shield 2,11,Bars,Tastes Bar & Kitchen ,Galley Entrance , ,STD,QRC
Crystal Symphony,CRYS-SYMP,CRYS,SYMP,Fly Shield 2,11,Bars,Tastes Bar & Kitchen ,Wine Cellar Entrance , ,STD,QRC
Crystal Symphony,CRYS-SYMP,CRYS,SYMP,Fly Shield 2,6,Bars,Bistro Pantry ,Dishwash Area , ,STD,QRC
Crystal Symphony,CRYS-SYMP,CRYS,SYMP,Fly Shield 2,4,Bars,Officers Bar ,Dirty Shelf, ,STD,QRC
Crystal Symphony,CRYS-SYMP,CRYS,SYMP,Mantis 1 x 2,4,Garbage,Main Entrance ,Telephone, ,STD,QRC
Crystal Symphony,CRYS-SYMP,CRYS,SYMP,Mantis 1 x 2,4,Garbage,Garbage Room,Sorting Table , ,STD,QRC
Crystal Symphony,CRYS-SYMP,CRYS,SYMP,Mantis 1 x 2,4,Garbage,Garbage Room,Escape Door (Galley), ,STD,QRC
Crystal Symphony,CRYS-SYMP,CRYS,SYMP,Fly Shield 2,4,Technical,Tender Entrance ,Bulkhead STBD, ,STD,QRC
Crystal Symphony,CRYS-SYMP,CRYS,SYMP,Fly Shield 2,4,Technical,Tender Entrance ,Bulkhead PORT, ,STD,QRC
Queen Anne,CUNA-CUQA,CUNA,CUQA,GLU-15 (LED),2,Galley,Britannia Scullery FWD,Bio Digester,Jul-24,LED,QRC
Queen Anne,CUNA-CUQA,CUNA,CUQA,GLU-15 (LED),2,Galley,Britannia Scullery AFT,Bio Digester,Jul-24,LED,QRC
Queen Anne,CUNA-CUQA,CUNA,CUQA,GLU-15 (LED),3,Galley,Britannia Scullery Room Service,Bio Digester,Jul-24,LED,QRC
Queen Anne,CUNA-CUQA,CUNA,CUQA,Vanquish (LED),9,Galley,Artisan Scullery,Scullery Dirty Counter,Jul-24,LED,QRC
Queen Anne,CUNA-CUQA,CUNA,CUQA,GLU-15 (LED),9,Galley,Artisan Scullery,Bio Digester,Jul-24,LED,QRC
Queen Anne,CUNA-CUQA,CUNA,CUQA,Vanquish (LED),9,Galley,Artisan Galley,Potwash Dirty Counter,Jul-24,LED,QRC
Queen Anne,CUNA-CUQA,CUNA,CUQA,GLU-15 (LED),9,Galley,Tramonto Scullery,Bio Digester,Jul-24,LED,QRC
Queen Anne,CUNA-CUQA,CUNA,CUQA,GLU-15 (LED),10,Galley,Queen Grill Scullery,Bio Digester,Jul-24,LED,QRC
Queen Anne,CUNA-CUQA,CUNA,CUQA,GLU-15 (LED),10,Galley,Princess Grill Scullery,Bio Digester,Jul-24,LED,QRC
Queen Anne,CUNA-CUQA,CUNA,CUQA,GLU-60,A,Galley,Meat And Fish Prep.,Entrance (Outside), ,STD,QRC
Queen Anne,CUNA-CUQA,CUNA,CUQA,GLU-15 (LED),A,Galley,Crew Galley,Potwash Dirty Area Shelves,Jul-24,LED,QRC
Queen Anne,CUNA-CUQA,CUNA,CUQA,GLU-15 (LED),A,Galley,Crew Scullery,Bio Digester,Jul-25,LED,QRC
Queen Anne,CUNA-CUQA,CUNA,CUQA,GLU-60,B,Galley,Fruit And Veg. Prep.,Entrance (Outside), ,STD,QRC
Queen Anne,CUNA-CUQA,CUNA,CUQA,GLU-60,B,Galley,Bakery,Pot Wash (Outside), ,STD,QRC
Queen Anne,CUNA-CUQA,CUNA,CUQA,GLU-60,B,Galley,Bakery,Galley (Outside), ,STD,QRC
Queen Anne,CUNA-CUQA,CUNA,CUQA,GLU-60,A,Provisions ,Corridor,Fire Box A.A.03 AFT, ,STD,QRC
Queen Anne,CUNA-CUQA,CUNA,CUQA,GLU-60,A,Provisions ,Galley Toilet,Entrance (Outside), ,STD,QRC
Queen Anne,CUNA-CUQA,CUNA,CUQA,GLU-60,A,Provisions ,Loading Area,Luggage AFT PORT, ,STD,QRC
Queen Anne,CUNA-CUQA,CUNA,CUQA,GLU-60,A,Provisions ,Loading Area AFT PORT,Water Hose Storage, ,STD,QRC
Queen Anne,CUNA-CUQA,CUNA,CUQA,GLU-60,A,Provisions ,Loading Area AFT STBD,Water Hose Storage, ,STD,QRC
Queen Anne,CUNA-CUQA,CUNA,CUQA,GLU-60,A,Provisions ,Loading Area AFT STBD,Luggage AFT STBD, ,STD,QRC
Queen Anne,CUNA-CUQA,CUNA,CUQA,GLU-60,B,Provisions ,General Frozen,Lobby, ,STD,QRC
Queen Anne,CUNA-CUQA,CUNA,CUQA,GLU-60,B,Provisions,General Frozen,Lobby Lift Aft, ,STD,QRC
Queen Anne,CUNA-CUQA,CUNA,CUQA,GLU-15 (LED),2,Bars,Golden Lion Pub Scullery,Cleaning Locker (Opp.),Jul-24,LED,QRC
Queen Anne,CUNA-CUQA,CUNA,CUQA,Vanquish (LED),A,Restaurant,Staff Mess,Dirty Station,Jul-24,LED,QRC
Queen Anne,CUNA-CUQA,CUNA,CUQA,GLU-60,A,Technical,Recycling Centre ,Entrance, ,STD,QRC
Queen Anne,CUNA-CUQA,CUNA,CUQA,GLU-60,A,Technical,Recycling Centre ,Glass Crusher , ,STD,QRC
Queen Anne,CUNA-CUQA,CUNA,CUQA,GLU-60,A,Technical,Recycling Centre ,Biodigester Light LHS, ,STD,QRC
Queen Anne,CUNA-CUQA,CUNA,CUQA,GLU-60,A,Technical,Recycling Centre ,Fire Box (B2.11), ,STD,QRC
Queen Anne,CUNA-CUQA,CUNA,CUQA,GLU-60,B,Technical,Recycling Centre ,Entrance, ,STD,QRC
Queen Elizabeth,CUNA-CUQE,CUNA,CUQE,GLU-60,11,Galley,Main Galley,Dispence Bar, ,STD,QRC
Queen Elizabeth,CUNA-CUQE,CUNA,CUQE,GLU-60,10,Galley,Grills,Pot Wash, ,STD,QRC
Queen Elizabeth,CUNA-CUQE,CUNA,CUQE,GLU-60,10,Galley,Grills,Dish Wash, ,STD,QRC
Queen Elizabeth,CUNA-CUQE,CUNA,CUQE,GLU-60,3,Galley,Britannia,Scullery 3, ,STD,QRC
Queen Elizabeth,CUNA-CUQE,CUNA,CUQE,GLU-60,3,Galley,Chef Office,Pot Wash , ,STD,QRC
Queen Elizabeth,CUNA-CUQE,CUNA,CUQE,GLU-60,2,Galley,Britannia,Scullery 2, ,STD,QRC
Queen Elizabeth,CUNA-CUQE,CUNA,CUQE,GLU-60,2,Galley,Verandah,Dirty Area, ,STD,QRC
Queen Elizabeth,CUNA-CUQE,CUNA,CUQE,Wall Fly 1x18w,1,Messes,Officers Mess,Dirty Area, ,STD,QRC
Queen Elizabeth,CUNA-CUQE,CUNA,CUQE,GLU-60,A,Messes,Crew Mess,Scullery, ,STD,QRC
Queen Elizabeth,CUNA-CUQE,CUNA,CUQE,GLU-60,A,Messes,Crew Mess,Beverage Station, ,STD,QRC
Queen Elizabeth,CUNA-CUQE,CUNA,CUQE,GLU-60,A,Messes,Crew Mess,Quiet Area, ,STD,QRC
Queen Elizabeth,CUNA-CUQE,CUNA,CUQE,Wall Fly 1x18w,A,Messes,Staff Mess,Main Entrance, ,STD,QRC
Queen Elizabeth,CUNA-CUQE,CUNA,CUQE,GLU-60,9,Restaurant,Lido,Working Table (Dirty Area), ,STD,QRC
Queen Elizabeth,CUNA-CUQE,CUNA,CUQE,Wall Fly 1x18w,9,Restaurant,Lido,Scullery PORT, ,STD,QRC
Queen Elizabeth,CUNA-CUQE,CUNA,CUQE,Wall Fly 1x18w,9,Restaurant,Lido,Scullery STBD, ,STD,QRC
Queen Elizabeth,CUNA-CUQE,CUNA,CUQE,Wall Fly 1x18w,9,Restaurant,Pizzeria,Entrance Door STBD, ,STD,QRC
Queen Elizabeth,CUNA-CUQE,CUNA,CUQE,Wall Fly 1x18w,9,Restaurant,Pizzeria,Entrance Door PORT, ,STD,QRC
Queen Elizabeth,CUNA-CUQE,CUNA,CUQE,Wall Fly 1x18w,9,Restaurant,Lido,Pantry PORT, ,STD,QRC
Queen Elizabeth,CUNA-CUQE,CUNA,CUQE,Wall Fly 1x18w,9,Restaurant,Lido,Pantry STBD, ,STD,QRC
Queen Elizabeth,CUNA-CUQE,CUNA,CUQE,GLU-60,2,Bars,Golden Lion,Pulper, ,STD,QRC
Queen Elizabeth,CUNA-CUQE,CUNA,CUQE,GLU-90,A,Garbage,Garbage Room,Glass Crusher, ,STD,QRC
Queen Elizabeth,CUNA-CUQE,CUNA,CUQE,GLU-90,A,Garbage,Garbage Room,Food Digester, ,STD,QRC
Queen Elizabeth,CUNA-CUQE,CUNA,CUQE,GLU-90,A,Provisions,Loading Area,Bulkhead STBD, ,STD,QRC
Queen Elizabeth,CUNA-CUQE,CUNA,CUQE,GLU-90,A,Provisions,Loading Area,Bulkhead PORT, ,STD,QRC
Queen Elizabeth,CUNA-CUQE,CUNA,CUQE,GLU-90,A,Provisions,Vep Prep Store,Entrance, ,STD,QRC
Queen Elizabeth,CUNA-CUQE,CUNA,CUQE,GLU-90,A,Provisions,Bakery Store,Entrance, ,STD,QRC
Queen Elizabeth,CUNA-CUQE,CUNA,CUQE,GLU-60,B,Provisions,Soda/ Beer Store,Entrance, ,STD,QRC
Queen Elizabeth,CUNA-CUQE,CUNA,CUQE,GLU-90,B,Provisions,Loading Area,Provision Office, ,STD,QRC
Queen Elizabeth,CUNA-CUQE,CUNA,CUQE,GLU-90,B,Provisions,Banana Room,Entrance, ,STD,QRC
Queen Elizabeth,CUNA-CUQE,CUNA,CUQE,Mantis 1 x 2,A,Technical,Outside ECR,Technical Pantry, ,STD,QRC
Queen Mary 2,CUNA-CUQM,CUNA,CUQM,Glu-15 (LED),12,Galley,Boardwalk Café,Dishwash Dirty Area,Jul-24,LED,QRC
Queen Mary 2,CUNA-CUQM,CUNA,CUQM,Glu-15 (LED),9,Galley,Deck 7 Scullery ,Main Entrance ,Jul-24,LED,QRC
Queen Mary 2,CUNA-CUQM,CUNA,CUQM,Mantis 1 x 2,8,Galley,Verandah Galley,Pot Wash, ,STD,QRC
Queen Mary 2,CUNA-CUQM,CUNA,CUQM,Mantis 1 x 2,7,Galley,Main Galley,Grill Pot Wash , ,STD,QRC
Queen Mary 2,CUNA-CUQM,CUNA,CUQM,Mantis 1 x 2,2,Galley,Main Galley,Pot Wash, ,STD,QRC
Queen Mary 2,CUNA-CUQM,CUNA,CUQM,GLU-15 (LED),1,Galley,Butchers,Pot Wash,Jan-25,LED,QRC
Queen Mary 2,CUNA-CUQM,CUNA,CUQM,Mantis 1 x 2,1,Galley,Buffet Prep.,Entrance, ,STD,QRC
Queen Mary 2,CUNA-CUQM,CUNA,CUQM,Mantis 1 x 2,1,Galley,Alleyway,Opp. Fish Shop, ,STD,QRC
Queen Mary 2,CUNA-CUQM,CUNA,CUQM,Mantis 1 x 2,1,Galley,Alleyway,Opp. Butcher Shop, ,STD,QRC
Queen Mary 2,CUNA-CUQM,CUNA,CUQM,Mantis 1 x 2,1,Galley,Alleyway,Opp. Garbage Room, ,STD,QRC
Queen Mary 2,CUNA-CUQM,CUNA,CUQM,GLU-60,1,Galley,Crew Mess,Scullery, ,STD,QRC
Queen Mary 2,CUNA-CUQM,CUNA,CUQM,Mantis 1 x 2,A,Galley,Fruit & Veg,Entrance, ,STD,QRC
Queen Mary 2,CUNA-CUQM,CUNA,CUQM,Mantis 1 x 2,A,Galley,Fruit & Veg,Entrance (Outsode), ,STD,QRC
Queen Mary 2,CUNA-CUQM,CUNA,CUQM,Mantis 1 x 2,1,Housekeeping,M1 Corridor,Baggage Area PORT, ,STD,QRC
Queen Mary 2,CUNA-CUQM,CUNA,CUQM,Glu-15 (LED),1,Housekeeping,M1 Corridor,Crew Lift & Medical Centre (Opp.),Jul-24,LED,QRC
Queen Mary 2,CUNA-CUQM,CUNA,CUQM,Glu-15 (LED),1,Provisions,M1 Corridor,Loading Area AFT LHS ,Jul-24,LED,QRC
Queen Mary 2,CUNA-CUQM,CUNA,CUQM,Mantis 1 x 2,A,Provisions,Preparation Area,Fruit & Veg (Outside), ,STD,QRC
Queen Mary 2,CUNA-CUQM,CUNA,CUQM,Mantis 1 x 2,1,Garbage,Waste Disposal Rm,Dewatering System, ,STD,QRC
Queen Mary 2,CUNA-CUQM,CUNA,CUQM,Mantis 1 x 2,A,Garbage,Incinerator Rm,Entrance, ,STD,QRC
Queen Mary 2,CUNA-CUQM,CUNA,CUQM,Mantis 1 x 2,B,Garbage,Incinerator Rm,Food Waste Tank, ,STD,QRC
Queen Victoria,CUNA-CUQV,CUNA,CUQV,Mantis 1 x 2,10,Galley,Grill Section,Pot Wash, ,STD,QRC
Queen Victoria,CUNA-CUQV,CUNA,CUQV,Mantis 1 x 2,10,Galley,Grill Section,Dishwash, ,STD,QRC
Queen Victoria,CUNA-CUQV,CUNA,CUQV,Mantis 1 x 2,3,Galley,Britannia,Scullery 3, ,STD,QRC
Queen Victoria,CUNA-CUQV,CUNA,CUQV,Mantis 1 x 2,3,Galley,Main Galley,Sanitation Office, ,STD,QRC
Queen Victoria,CUNA-CUQV,CUNA,CUQV,Mantis 1 x 2,2,Galley,Britannia,Scullery 2, ,STD,QRC
Queen Victoria,CUNA-CUQV,CUNA,CUQV,Mantis 1 x 2,2,Galley,Verandah,Scullery, ,STD,QRC
Queen Victoria,CUNA-CUQV,CUNA,CUQV,Mantis 1 x 2,A,Messes,Crew Mess,Scullery, ,STD,QRC
Queen Victoria,CUNA-CUQV,CUNA,CUQV,Mantis 1 x 2,A,Messes,Crew Mess,Beverage Station, ,STD,QRC
Queen Victoria,CUNA-CUQV,CUNA,CUQV,Mantis 1 x 2,A,Messes,Crew Mess,Dining Area, ,STD,QRC
Queen Victoria,CUNA-CUQV,CUNA,CUQV,Mantis 1 x 2,9,Restaurant,Lido Scullery ,Dirty Table Area, ,STD,QRC
Queen Victoria,CUNA-CUQV,CUNA,CUQV,Uplight 1x15w,9,Restaurant,Lido Scullery ,Entrance PORT, ,STD,QRC
Queen Victoria,CUNA-CUQV,CUNA,CUQV,Uplight 1x15w,9,Restaurant,Lido Scullery ,Entrance STBD, ,STD,QRC
Queen Victoria,CUNA-CUQV,CUNA,CUQV,Uplight 1x15w,9,Restaurant,Pizzeria ,Entrance PORT, ,STD,QRC
Queen Victoria,CUNA-CUQV,CUNA,CUQV,Uplight 1x15w,9,Restaurant,Pizzeria ,Entrance STBD, ,STD,QRC
Queen Victoria,CUNA-CUQV,CUNA,CUQV,Uplight 1x15w,9,Restaurant,Lido Pantry,Entrance PORT, ,STD,QRC
Queen Victoria,CUNA-CUQV,CUNA,CUQV,Uplight 1x15w,9,Restaurant,Lido Pantry,Entrance STBD, ,STD,QRC
Queen Victoria,CUNA-CUQV,CUNA,CUQV,Fly Shield 2,9,Restaurant,Sundeck Rest,Entrance PORT, ,STD,QRC
Queen Victoria,CUNA-CUQV,CUNA,CUQV,Fly Shield 2,9,Restaurant,Sundeck Rest,Entrance STBD, ,STD,QRC
Queen Victoria,CUNA-CUQV,CUNA,CUQV,Fly Shield 2,9,Restaurant,Winter Garden,Entrance PORT, ,STD,QRC
Queen Victoria,CUNA-CUQV,CUNA,CUQV,Fly Shield 2,9,Restaurant,Winter Garden,Entrance STBD, ,STD,QRC
Queen Victoria,CUNA-CUQV,CUNA,CUQV,Mantis 1 x 2,A,Garbage,Garbage Room,Glass Crusher, ,STD,QRC
Queen Victoria,CUNA-CUQV,CUNA,CUQV,Mantis 1 x 2,A,Garbage,Garbage Room,Fridge Room, ,STD,QRC
Queen Victoria,CUNA-CUQV,CUNA,CUQV,Mantis 1 x 2,A,Provisions,Loading Area,Side Open Area STBD, ,STD,QRC
Queen Victoria,CUNA-CUQV,CUNA,CUQV,Mantis 1 x 2,A,Provisions,Loading Area,Side Open Area PORT, ,STD,QRC
Queen Victoria,CUNA-CUQV,CUNA,CUQV,Mantis 1 x 2,A,Provisions,Loading Area,Butchers, ,STD,QRC
Queen Victoria,CUNA-CUQV,CUNA,CUQV,Mantis 1 x 2,A,Provisions,Loading Area,Bakery, ,STD,QRC
Queen Victoria,CUNA-CUQV,CUNA,CUQV,Mantis 1 x 2,B,Provisions,Loading Area,Banana Room, ,STD,QRC
Queen Victoria,CUNA-CUQV,CUNA,CUQV,Mantis 1 x 2,B,Provisions,Loading Area,Florist Pantry, ,STD,QRC
Queen Victoria,CUNA-CUQV,CUNA,CUQV,Wall Fly Stainless (LED),4,Bars,Crew Bar,Beverage Station LHS FWD,Jul-24,LED,QRC
Deuwod,DCVL-DEWO,DCVL,DEWO,GLU-60,6,Galley,Main Galley,Entrance PORT, ,STD,QRC
Deuwod,DCVL-DEWO,DCVL,DEWO,GLU-60,6,Galley,Main Galley,Entrance STBD, ,STD,QRC
Deuwod,DCVL-DEWO,DCVL,DEWO,GLU-60,6,Galley,Store 6505,Exit Door AFT, ,STD,QRC
Deuwod,DCVL-DEWO,DCVL,DEWO,GLU-60,3,Galley,Garbage Area,Bins, ,STD,QRC
Deuwod,DCVL-DEWO,DCVL,DEWO,Fusion 4,3,Provisions,Loading Area,Shell Door 7 (Phone), ,STD,QRC
Deuwod,DCVL-DEWO,DCVL,DEWO,GLU-60,3,Provisions,Loading Area,Provisions Alley, ,STD,QRC
Deuwod,DCVL-DEWO,DCVL,DEWO,Fusion 4,3,Provisions,Loading Area,Shell Door, ,STD,QRC
Deuwod,DCVL-DEWO,DCVL,DEWO,GLU-60,3,Provisions,Loading Area,Shell Door 4 (Opp.), ,STD,QRC
Deuwod,DCVL-DEWO,DCVL,DEWO,GLU-60,3,Provisions,Loading Area,Shell Door 3 (Opp.), ,STD,QRC
Deuwod,DCVL-DEWO,DCVL,DEWO,GLU-60,2,Provisions,Loading Area,Bulkhead AFT, ,STD,QRC
Deuwod,DCVL-DEWO,DCVL,DEWO,GLU-60,9,Bars,Pool Bar,Pantry, ,STD,QRC
Deuwod,DCVL-DEWO,DCVL,DEWO,Fly Shield 2,3,Bars,Crew Bar,Entrance FWD, ,STD,QRC
Deuwod,DCVL-DEWO,DCVL,DEWO,Fly Shield 1,3,Bars,Crew Bar,Entrance AFT, ,STD,QRC
Deuwod,DCVL-DEWO,DCVL,DEWO,Fly Shield 2,9,Restaurant,Lido Galley,Entrance, ,STD,QRC
Deuwod,DCVL-DEWO,DCVL,DEWO,Fly Shield 1,6,Restaurant,Berlin,Entrance PORT, ,STD,QRC
Deuwod,DCVL-DEWO,DCVL,DEWO,Fly Shield 1,6,Restaurant,Berlin,Entrance STBD, ,STD,QRC
Deuwod,DCVL-DEWO,DCVL,DEWO,GLU-60,3,Garbage,Garbage Room,Entrance, ,STD,QRC
Deuwod,DCVL-DEWO,DCVL,DEWO,GLU-60,3,Garbage,Garage Room,Bulk Head FWD, ,STD,QRC
Emerald Azzurra,EMCR-EAZZ,EMCR,EAZZ,GLU-60,2,Galley,Cold Galley,Fire Extinguisher, ,STD,QRC
Emerald Azzurra,EMCR-EAZZ,EMCR,EAZZ,GLU-60,1,Messes,Scullery,Opposite Washer, ,STD,QRC
Emerald Azzurra,EMCR-EAZZ,EMCR,EAZZ,GLU-60,1,Messes,Dining Area,Port Wall Aft, ,STD,QRC
Emerald Azzurra,EMCR-EAZZ,EMCR,EAZZ,GLU-60,2,Provisions,Garbage Room,Hand Wash Basin, ,STD,QRC
Emerald Azzurra,EMCR-EAZZ,EMCR,EAZZ,GLU-60,1,Provisions,Aft Stairs,Watertight Door 01, ,STD,QRC
Emerald Azzurra,EMCR-EAZZ,EMCR,EAZZ,GLU-60,1,Provisions,Food Elevator,Wash Basin, ,STD,QRC
Emerald Sakara,EMCR-SAKA,EMCR,SAKA,GLU-60,2,Galley,Cold Galley,Fire Extinguisher, ,STD,QRC
Emerald Sakara,EMCR-SAKA,EMCR,SAKA,GLU-60,2,Galley,Cold Galley,Hand Wash Sink, ,STD,QRC
Emerald Sakara,EMCR-SAKA,EMCR,SAKA,GLU-60,2,Recycling_Centre,Garbage Room,Wash Hand Basin, ,STD,QRC
Emerald Sakara,EMCR-SAKA,EMCR,SAKA,GLU-60,2,Recycling_Centre,Garbage Room,Glass Crusher, ,STD,QRC
Emerald Sakara,EMCR-SAKA,EMCR,SAKA,GLU-60,1,Messes,Scullery,Opposite Washer, ,STD,QRC
Emerald Sakara,EMCR-SAKA,EMCR,SAKA,GLU-60,1,Messes,Crew Mess,Bread Counter, ,STD,QRC
Emerald Sakara,EMCR-SAKA,EMCR,SAKA,GLU-60,1,Provisions,Aft Stairs,Water Tight Door 01, ,STD,QRC
Emerald Sakara,EMCR-SAKA,EMCR,SAKA,GLU-60,1,Provisions,Food Elevator,Wash Hand Basin, ,STD,QRC
Emerald Sakara,EMCR-SAKA,EMCR,SAKA,GLU-60,3,Restaurant,Scullery,Dirty Area, ,STD,QRC
Emerald Sakara,EMCR-SAKA,EMCR,SAKA,GLU-60,6,Bars,Aqua Pool,Pantry, ,STD,QRC
Explora 1,EXPJ-EXP1,EXPJ,EXP1,GLU-10 (LED),11,Galley,Buffet Galley,Fire Extinguisher,Jul-23,LED,QRC
Explora 1,EXPJ-EXP1,EXPJ,EXP1,GLU-10 (LED),11,Galley,Buffet Galley,Disposer System LHS,Jul-23,LED,QRC
Explora 1,EXPJ-EXP1,EXPJ,EXP1,GLU-10 (LED),11,Galley,Buffet Galley,Cleaning Locker,Jul-23,LED,QRC
Explora 1,EXPJ-EXP1,EXPJ,EXP1,GLU-10 (LED),5,Galley,Sakura Galley,Yellow Telephone,Jul-23,LED,QRC
Explora 1,EXPJ-EXP1,EXPJ,EXP1,GLU-10 (LED),5,Galley,Anthology Galley,Telephone 2058,Jul-23,LED,QRC
Explora 1,EXPJ-EXP1,EXPJ,EXP1,GLU-10 (LED),4,Galley,Corridor Galley,Entrance Crew Galley,Jul-23,LED,QRC
Explora 1,EXPJ-EXP1,EXPJ,EXP1,GLU-10 (LED),4,Galley,Corridor Galley,Fire Control Cabinet (Opp.),Jul-23,LED,QRC
Explora 1,EXPJ-EXP1,EXPJ,EXP1,GLU-10 (LED),4,Galley,Crew Galley,Crew Galley Fire Extinguisher,Jul-23,LED,QRC
Explora 1,EXPJ-EXP1,EXPJ,EXP1,GLU-10 (LED),4,Galley,Main Galley,Wine Cellar Coffee Station,Jul-23,LED,QRC
Explora 1,EXPJ-EXP1,EXPJ,EXP1,GLU-10 (LED),4,Galley,Main Galley,(Hot Section) - Blue Socket LHS ,Jul-23,LED,QRC
Explora 1,EXPJ-EXP1,EXPJ,EXP1,GLU-10 (LED),4,Galley,Main Galley,Pot Wash Dirty Rack,Jul-23,LED,QRC
Explora 1,EXPJ-EXP1,EXPJ,EXP1,GLU-10 (LED),4,Galley,Main Galley,Entrance Pot Wash,Jul-23,LED,QRC
Explora 1,EXPJ-EXP1,EXPJ,EXP1,GLU-10 (LED),4,Galley,Main Galley,Gardemanger Blue Socket,Jul-23,LED,QRC
Explora 1,EXPJ-EXP1,EXPJ,EXP1,GLU-10 (LED),4,Galley,Main Galley,Hand Wash Sink RHS ,Jul-23,LED,QRC
Explora 1,EXPJ-EXP1,EXPJ,EXP1,GLU-10 (LED),3,Galley,Fruit & Veg. Prep,Telephone 2055,Jul-23,LED,QRC
Explora 1,EXPJ-EXP1,EXPJ,EXP1,GLU-10 (LED),3,Galley,Team Restaurant Scullery,Exit Door LHS,Jul-23,LED,QRC
Explora 1,EXPJ-EXP1,EXPJ,EXP1,GLU-10 (LED),3,Galley,Meat & Fish Prep.,Telephone 2058,Jul-23,LED,QRC
Explora 1,EXPJ-EXP1,EXPJ,EXP1,GLU-15 (LED),3,Galley,Butchery,  Blu Socket Temperature Box by QLRD2000 RHS,Jul-23,LED,QRC
Explora 1,EXPJ-EXP1,EXPJ,EXP1,Wall Fly White (LED),11,Restaurant,Buffet,Guest Hand Wash Area FWD STBD,Jul-23,LED,QRC
Explora 1,EXPJ-EXP1,EXPJ,EXP1,Wall Fly White (LED),11,Restaurant,Buffet,Guest Hand Wash AFT STBD,Jul-23,LED,QRC
Explora 1,EXPJ-EXP1,EXPJ,EXP1,Wall Fly White (LED),11,Restaurant,Emporium,Sliding Door Entrance PORT FWD,Jul-23,LED,QRC
Explora 1,EXPJ-EXP1,EXPJ,EXP1,Wall Fly White (LED),11,Restaurant,Emporium,Sliding Door Entrance PORT AFT,Jul-23,LED,QRC
Explora 1,EXPJ-EXP1,EXPJ,EXP1,Wall Fly White (LED),5,Restaurant,Sakura Restaurant,Sakura Exit Door,Jul-23,LED,QRC
Explora 1,EXPJ-EXP1,EXPJ,EXP1,Vanquish (LED),3,Restaurant,Team Restaurant,Door Entrance Teams Restaurant 2,Jul-23,LED,QRC
Explora 1,EXPJ-EXP1,EXPJ,EXP1,Vanquish (LED),3,Restaurant,Team Restaurant ,RHS Electrical Locker Teams Rest. 1,Jul-23,LED,QRC
Explora 1,EXPJ-EXP1,EXPJ,EXP1,Vanquish (LED),3,Restaurant,Team Restaurant,Table 4/5 Teams Rest. 3,Jul-23,LED,QRC
Explora 1,EXPJ-EXP1,EXPJ,EXP1,Vanquish (LED),3,Restaurant,Team Restaurant Room 1,Buffet Line Wall Hand Wash Station,Jul-23,LED,QRC
Explora 1,EXPJ-EXP1,EXPJ,EXP1,Vanquish (LED),3,Restaurant,Team Restaurant Room 2,Buffet Line Wall Panel No 6,Jul-23,LED,QRC
Explora 1,EXPJ-EXP1,EXPJ,EXP1,GLU-10 (LED),3,Provision,Provision Embark. Port, Door Control RHS Side (By The Wall),Jul-23,LED,QRC
Explora 1,EXPJ-EXP1,EXPJ,EXP1,GLU-10 (LED),3,Provision,provision Embark. STBD,Blue Socket RHS ,Jul-23,LED,QRC
Explora 1,EXPJ-EXP1,EXPJ,EXP1,GLU-15 (LED),3,Provisions,Provision Corridor AFT ,Blue Socket FZ/QLRD2000 RHS ,Jul-23,LED,QRC
Explora 1,EXPJ-EXP1,EXPJ,EXP1,GLU-15 (LED),3,Provisions,Vegetable Preparation ,Main Door Entrance LHS ,Jul-23,LED,QRC
Explora 1,EXPJ-EXP1,EXPJ,EXP1,Vanquish (LED),6,Bars,Team Fun & Social Area Starboardside,Open Deck Door / TV Crew Bar,Jul-23,LED,QRC
Explora 1,EXPJ-EXP1,EXPJ,EXP1,GLU-10 (LED),3,Housekeeping,Host Gangway Port,Blue Socket LHS,Jul-23,LED,QRC
Explora 1,EXPJ-EXP1,EXPJ,EXP1,GLU-10 (LED),3,Housekeeping,Host Gangway STBD,Blue Socket,Jul-23,LED,QRC
Explora 1,EXPJ-EXP1,EXPJ,EXP1,Wall Fly White (LED),3,Housekeeping,Guest Embark FWD. Port,EXIT Sign,Jul-23,LED,QRC
Explora 1,EXPJ-EXP1,EXPJ,EXP1,Wall Fly White (LED),3,Housekeeping,Guest Embark FWD. STBD,Telephone LHS ,Jul-23,LED,QRC
Explora 1,EXPJ-EXP1,EXPJ,EXP1,GLU-10 (LED),3,Housekeeping,Host Corridor FWD, Blue Socket (2001-2032) RHS,Jul-23,LED,QRC
Explora 1,EXPJ-EXP1,EXPJ,EXP1,GLU-10 (LED),3,Housekeeping,Host Corridor FWD,Safety Notice Board (Opp.),Jul-23,LED,QRC
Explora 1,EXPJ-EXP1,EXPJ,EXP1,GLU-10 (LED),3,Housekeeping,Host Corridor FWD,Electrical Box RHS ,Jul-23,LED,QRC
Explora 1,EXPJ-EXP1,EXPJ,EXP1,Wall Fly White (LED),3,Housekeeping,Marina Lounge,Escape Route Wall,Jul-23,LED,QRC
Explora 1,EXPJ-EXP1,EXPJ,EXP1,Wall Fly White (LED),3,Housekeeping,Guest Embarkation Stn FWD,Security Gate Screening STBD,Jul-23,LED,QRC
Explora 1,EXPJ-EXP1,EXPJ,EXP1,GLU-15 (LED),3,Housekeeping,Host Corrodor FWD,Blu Socket RHS FZ / QLUD 2000,Jul-23,LED,QRC
Explora 1,EXPJ-EXP1,EXPJ,EXP1,GLU-15 (LED),3,Housekeeping,MID Embarkation Station,Pipe MVNC 3-26 STBD LHS ,Jul-23,LED,QRC
Explora 1,EXPJ-EXP1,EXPJ,EXP1,GLU-15 (LED),3,Housekeeping,MID Host Corridor,Fire Door Release FD030234 RHS (Opp) ,Jul-23,LED,QRC
Explora 1,EXPJ-EXP1,EXPJ,EXP1,GLU-15 (LED),3,Housekeeping,Host Corridor AFT ,SA Vent Line Crew Elevator AFT LHS,Jul-23,LED,QRC
Explora 1,EXPJ-EXP1,EXPJ,EXP1,Vanquish (LED),6,Housekeeping,Team Fun & Social Area Portside,Open Deck Door / TV,Jul-23,LED,QRC
Explora 1,EXPJ-EXP1,EXPJ,EXP1,GLU-10 (LED),3,Housekeeping,Host Corridor,Technical Washroom (Opp.),Jul-23,LED,QRC
Explora 1,EXPJ-EXP1,EXPJ,EXP1,GLU-10 (LED),3,Deck,Garbage Room,Can Compactor Machine,Jul-23,LED,QRC
Explora 1,EXPJ-EXP1,EXPJ,EXP1,GLU-80 (LED),3,Deck,Garbage Room,Shell Door Wall RHS ,Jul-23,LED,QRC
Explora 1,EXPJ-EXP1,EXPJ,EXP1,GLU-80 (LED),3,Deck,Garbage Room,Bone Crusher,Jul-23,LED,QRC
Explora 2,EXPJ-EXP2,EXPJ,EXP2,GLU-10 (LED),11,Galley,Emporium Galley,Potwash Area,Jul-24,LED,QRC
Explora 2,EXPJ-EXP2,EXPJ,EXP2,GLU-10 (LED),11,Galley,Dishwash Area,Electric Box LHS,Jul-24,LED,QRC
Explora 2,EXPJ-EXP2,EXPJ,EXP2,GLU-15 (LED),5,Galley,Anthology,Fire Door,Jul-24,LED,QRC
Explora 2,EXPJ-EXP2,EXPJ,EXP2,GLU-15 (LED),5,Galley,Sakura Galley,Plate Scrape LHS ,Jul-24,LED,QRC
Explora 2,EXPJ-EXP2,EXPJ,EXP2,GLU-15 (LED),4,Galley,Wine Cellar,Time-In LHS ,Jul-24,LED,QRC
Explora 2,EXPJ-EXP2,EXPJ,EXP2,GLU-15 (LED),4,Galley,Crew Galley,Notice Board RHS ,Jul-24,LED,QRC
Explora 2,EXPJ-EXP2,EXPJ,EXP2,GLU-15 (LED),4,Galley,Pastry,Bins,Jul-24,LED,QRC
Explora 2,EXPJ-EXP2,EXPJ,EXP2,GLU-10 (LED),4,Galley,Main Galley (Hot Section),Yellow Telephone LHS ,Jul-24,LED,QRC
Explora 2,EXPJ-EXP2,EXPJ,EXP2,GLU-10 (LED),4,Galley,Main Galley (Cold Section),Garde Manger,Jul-24,LED,QRC
Explora 2,EXPJ-EXP2,EXPJ,EXP2,GLU-10 (LED),4,Galley,Main Galley (Cold Section),Blue Socket ,Jul-24,LED,QRC
Explora 2,EXPJ-EXP2,EXPJ,EXP2,GLU-15 (LED),4,Galley,Main Galley ,Hot Preparation Entrance,Jul-24,LED,QRC
Explora 2,EXPJ-EXP2,EXPJ,EXP2,GLU-15 (LED),3,Galley,Preparation Area,Bins,Jul-24,LED,QRC
Explora 2,EXPJ-EXP2,EXPJ,EXP2,GLU-15 (LED),3,Galley,Host Dishwash Area,Bins,Jul-24,LED,QRC
Explora 2,EXPJ-EXP2,EXPJ,EXP2,GLU-15 (LED),3,Galley,Butcher,Telephone LHS,Jul-24,LED,QRC
Explora 2,EXPJ-EXP2,EXPJ,EXP2,GLU-15 (LED),3,Galley,Butcher,Fire extinguisher,Jul-24,LED,QRC
Explora 2,EXPJ-EXP2,EXPJ,EXP2,Wall Fly White (LED),11,Restaurant,Entrance AFT STBD,Waiter Station,Jul-24,LED,QRC
Explora 2,EXPJ-EXP2,EXPJ,EXP2,Wall Fly White (LED),11,Restaurant,Entrance AFT port,Waiter Station,Jul-24,LED,QRC
Explora 2,EXPJ-EXP2,EXPJ,EXP2,Wall Fly White (LED),11,Restaurant,Entrance FWD PORT,Waiter Station,Jul-24,LED,QRC
Explora 2,EXPJ-EXP2,EXPJ,EXP2,Wall Fly White (LED),11,Restaurant,Entrance FWD stbd,Waiter Station,Jul-24,LED,QRC
Explora 2,EXPJ-EXP2,EXPJ,EXP2,Vanquish (LED),5,Restaurant,Sakura,Waiter Station,Jul-24,LED,QRC
Explora 2,EXPJ-EXP2,EXPJ,EXP2,Vanquish (LED),5,Restaurant,Marble & CO. ,Pantry Entrance ,Jul-24,LED,QRC
Explora 2,EXPJ-EXP2,EXPJ,EXP2,Wall Fly White (LED),3,Restaurant,Staff Mess,Service Line Panel 3,Jul-24,LED,QRC
Explora 2,EXPJ-EXP2,EXPJ,EXP2,Wall Fly White (LED),3,Restaurant,Staff Mess,Service Line Panel 6,Jul-24,LED,QRC
Explora 2,EXPJ-EXP2,EXPJ,EXP2,Wall Fly White (LED),3,Restaurant,Staff Mess,Wall Picture,Jul-24,LED,QRC
Explora 2,EXPJ-EXP2,EXPJ,EXP2,GLU-10 (LED),3,Restaurant,Crew Mess,Corner Equipment locker,Jul-24,LED,QRC
Explora 2,EXPJ-EXP2,EXPJ,EXP2,Wall Fly White (LED),3,Restaurant,Crew Mess,Service Line Panel 3,Jul-24,LED,QRC
Explora 2,EXPJ-EXP2,EXPJ,EXP2,Wall Fly White (LED),3,Restaurant,Crew Mess,Service Line Panel 6,Jul-24,LED,QRC
Explora 2,EXPJ-EXP2,EXPJ,EXP2,Wall Fly White (LED),3,Restaurant,Crew Mess,Wall Picture,Jul-24,LED,QRC
Explora 2,EXPJ-EXP2,EXPJ,EXP2,Vanquish (LED),3,Provisions,Provision Corridor,Fruit & Veg. Cold Room (Opp.),Jul-24,LED,QRC
Explora 2,EXPJ-EXP2,EXPJ,EXP2,GLU-15 (LED),3,Provisions,Provision Corridor,Potwash Area (Opp.),Jul-24,LED,QRC
Explora 2,EXPJ-EXP2,EXPJ,EXP2,GLU-15 (LED),3,Provisions,Loading Area AFT STBD,Telephone RHS,Jul-24,LED,QRC
Explora 2,EXPJ-EXP2,EXPJ,EXP2,GLU-15 (LED),3,Provisions,Loading Area AFT PORT,Provision Office LHS,Jul-24,LED,QRC
Explora 2,EXPJ-EXP2,EXPJ,EXP2,GLU-15 (LED),11,Bars,Conservatory Pool Bar,Bar Pantry,Jul-24,LED,QRC
Explora 2,EXPJ-EXP2,EXPJ,EXP2,Vanquish (LED),6,Bars,Host Bar,Bar Pantry,Jul-24,LED,QRC
Explora 2,EXPJ-EXP2,EXPJ,EXP2,GLU-80 (LED),3,Garbage,Recycling center,Glass Crusher LHS ,Jul-24,LED,QRC
Explora 2,EXPJ-EXP2,EXPJ,EXP2,GLU-80 (LED),3,Garbage,Recycling center,Incinerator Hopper LHS ,Jul-24,LED,QRC
Explora 2,EXPJ-EXP2,EXPJ,EXP2,GLU-80 (LED),3,Garbage,Recycling center,Sorting Area RHS ,Jul-24,LED,QRC
Explora 2,EXPJ-EXP2,EXPJ,EXP2,Vanquish (LED),6,Housekeeping,Training Room,TV Wall Panel RHS ,Jul-24,LED,QRC
Explora 2,EXPJ-EXP2,EXPJ,EXP2,GLU-15 (LED),3,Housekeeping,Host Corridor AFT,Exit Sign LHS,Jul-24,LED,QRC
Explora 2,EXPJ-EXP2,EXPJ,EXP2,GLU-15 (LED),3,Housekeeping, Host Corridor MID,Magnetic Door Lock,Jul-24,LED,QRC
Explora 2,EXPJ-EXP2,EXPJ,EXP2,GLU-15 (LED),3,Housekeeping,Engine Storage Area,Blue Socket LHS,Jul-24,LED,QRC
Explora 2,EXPJ-EXP2,EXPJ,EXP2,Vanquish (LED),3,Housekeeping,Marina Lounge,Marina Deck Sign LHS,Jul-24,LED,QRC
Explora 2,EXPJ-EXP2,EXPJ,EXP2,GLU-15 (LED),3,Housekeeping,Host Corridor MID,Manual Valve Cage (Opp.),Jul-24,LED,QRC
Explora 2,EXPJ-EXP2,EXPJ,EXP2,GLU-15 (LED),3,Housekeeping, Gangway MID PORT,Blue Socket LHS,Jul-24,LED,QRC
Explora 2,EXPJ-EXP2,EXPJ,EXP2,GLU-15 (LED),3,Housekeeping,Gangway MID  STBD,Fire Plan,Jul-24,LED,QRC
Explora 2,EXPJ-EXP2,EXPJ,EXP2,GLU-15 (LED),3,Housekeeping,Host Corridor MID ,Magnetic Locks,Jul-24,LED,QRC
Explora 2,EXPJ-EXP2,EXPJ,EXP2,Vanquish (LED),3,Housekeeping,Tender Embarkation STBD,Telephone RHS ,Jul-24,LED,QRC
Explora 2,EXPJ-EXP2,EXPJ,EXP2,Vanquish (LED),3,Housekeeping,FWD Gangway STBD,Telephone LHS ,Jul-24,LED,QRC
Explora 2,EXPJ-EXP2,EXPJ,EXP2,Vanquish (LED),3,Housekeeping,FWD Gangway PORT,Telephone LHS,Jul-24,LED,QRC
Explora 2,EXPJ-EXP2,EXPJ,EXP2,Vanquish (LED),3,Housekeeping,Guest Lift Lobby, Corner Guest Staircase RHS,Jul-24,LED,QRC
Explora 2,EXPJ-EXP2,EXPJ,EXP2,GLU-15 (LED),3,Housekeeping,Host Corridor FWD ,Host Lift,Jul-24,LED,QRC
Balmoral,FOCL-BALM,FOCL,BALM,GLU-60,8,Galley,Ice Machine,Bulkhead LHS, ,STD,QRC
Balmoral,FOCL-BALM,FOCL,BALM,GLU-60,8,Galley,Garbage Elevator,Bulkhead LHS, ,STD,QRC
Balmoral,FOCL-BALM,FOCL,BALM,Mantis 1 x 2,6,Galley,Main Galley,Entrance AFT (Deck), ,STD,QRC
Balmoral,FOCL-BALM,FOCL,BALM,Mantis 1 x 2,6,Galley,Sorting Table,Bulkhead PORT, ,STD,QRC
Balmoral,FOCL-BALM,FOCL,BALM,Wall Fly 1x18w,5,Messes,Corner Round Table,Bulkhead RHS, ,STD,QRC
Balmoral,FOCL-BALM,FOCL,BALM,Mantis 1 x 2,5,Messes,Mooring Deck,Entrance AFT, ,STD,QRC
Balmoral,FOCL-BALM,FOCL,BALM,Mantis 1 x 2,4,Messes,Toilet,Outside AFT, ,STD,QRC
Balmoral,FOCL-BALM,FOCL,BALM,Mantis 1 x 2,4,Messes,Crew Mess,Sorting Table, ,STD,QRC
Balmoral,FOCL-BALM,FOCL,BALM,Mantis 1 x 2,2,Provisions,Dry Store,Water Tight Door 2-433, ,STD,QRC
Balmoral,FOCL-BALM,FOCL,BALM,Mantis 1 x 2,2,Provisions,Loading Area,Water Tight Door RHS, ,STD,QRC
Balmoral,FOCL-BALM,FOCL,BALM,Mantis 1 x 2,3,Provisions,Loading Area,Water Tight Door LHS, ,STD,QRC
Balmoral,FOCL-BALM,FOCL,BALM,Mantis 1 x 2,3,Provisions,Loading Area,Lift 9, ,STD,QRC
Balmoral,FOCL-BALM,FOCL,BALM,GLU-90,3,Provisions,Shell Door,Bulkhead STBD, ,STD,QRC
Balmoral,FOCL-BALM,FOCL,BALM,GLU-90,3,Provisions,Shell Door,Bulkhead PORT, ,STD,QRC
Balmoral,FOCL-BALM,FOCL,BALM,Wall Fly 1x18w,11,Bars,Marquee Bar,Doorway STBD, ,STD,QRC
Balmoral,FOCL-BALM,FOCL,BALM,Wall Fly 1x18w,11,Bars,Marquee Bar,Doorway PORT, ,STD,QRC
Balmoral,FOCL-BALM,FOCL,BALM,Wall Fly 1x18w,8,Restaurant,Waiter Stn,Bulkhead PORT, ,STD,QRC
Balmoral,FOCL-BALM,FOCL,BALM,Wall Fly 1x18w,8,Restaurant,Exit Door,Bulkhead PORT, ,STD,QRC
Balmoral,FOCL-BALM,FOCL,BALM,Wall Fly 1x18w,7,Restaurant,Palm Café Bar,Entrance PORT , ,STD,QRC
Balmoral,FOCL-BALM,FOCL,BALM,Wall Fly 1x18w,7,Restaurant,Exit Door,Bulkhead AFT STBD, ,STD,QRC
Balmoral,FOCL-BALM,FOCL,BALM,Wall Fly 1x18w,7,Restaurant,Exit Door,Bulkhead PORT, ,STD,QRC
Balmoral,FOCL-BALM,FOCL,BALM,Mantis 1 x 2,3,Garbage,Entrance Door,Bulkhead (Outside), ,STD,QRC
Balmoral,FOCL-BALM,FOCL,BALM,Mantis 1 x 2,3,Garbage,Main Room,Hazardous Locker, ,STD,QRC
Balmoral,FOCL-BALM,FOCL,BALM,Mantis 1 x 2,3,Garbage,Main Room,Tin Cans Press Area, ,STD,QRC
Bolette,FOCL-BOLE,FOCL,BOLE,Mantis 1 x 2,8,Galley,The Poolside,Galylord Control Panel, ,STD,QRC
Bolette,FOCL-BOLE,FOCL,BOLE,Mantis 1 x 2,8,Galley,View Galley,Pantry, ,STD,QRC
Bolette,FOCL-BOLE,FOCL,BOLE,Mantis 1 x 2,4,Galley,Main Galley,Sous Chef Office, ,STD,QRC
Bolette,FOCL-BOLE,FOCL,BOLE,Mantis 1 x 2,A,Messes,Crew Mess,Bins, ,STD,QRC
Bolette,FOCL-BOLE,FOCL,BOLE,Mantis 1 x 2,A,Messes,Petty Officers,Bins, ,STD,QRC
Bolette,FOCL-BOLE,FOCL,BOLE,Mantis 1 x 2,A,Provisions,Loading Area,Shell Door 17 STBD, ,STD,QRC
Bolette,FOCL-BOLE,FOCL,BOLE,Mantis 1 x 2,A,Provisions,Loading Area,Butchers Shop PORT, ,STD,QRC
Bolette,FOCL-BOLE,FOCL,BOLE,Mantis 1 x 2,A,Provisions,Loading Area,Shell Door 16 PORT, ,STD,QRC
Bolette,FOCL-BOLE,FOCL,BOLE,Mantis 1 x 2,A,Provisions,Corridor,Veg. & Fruit Prep Rm 9, ,STD,QRC
Bolette,FOCL-BOLE,FOCL,BOLE,Uplight 1x15wNS,8,Restaurant,View Restaurant,Ice Cream FWD STBD, ,STD,QRC
Bolette,FOCL-BOLE,FOCL,BOLE,Uplight 1x15wNS,8,Restaurant,View Restaurant,Ice Cream FWD PORT, ,STD,QRC
Bolette,FOCL-BOLE,FOCL,BOLE,Uplight 1x15wNS,8,Restaurant,View Restaurant,Entrance AFT STBD (Tel. 5552), ,STD,QRC
Bolette,FOCL-BOLE,FOCL,BOLE,Uplight 1x15wNS,8,Restaurant,View Restaurant,Entrance AFT PORT (Tel. 5556), ,STD,QRC
Bolette,FOCL-BOLE,FOCL,BOLE,Mantis 1 x 2,4,Restaurant,Colours & Taste Galley,Corridor PORT, ,STD,QRC
Bolette,FOCL-BOLE,FOCL,BOLE,Mantis 1 x 2,A,Housekeeping,Crew Alleyway PORT,Electrical Workshop, ,STD,QRC
Bolette,FOCL-BOLE,FOCL,BOLE,Mantis 1 x 2,A,Housekeeping,Crew Alleyway STBD,Garbage Room, ,STD,QRC
Bolette,FOCL-BOLE,FOCL,BOLE,Mantis 1 x 2,A,Housekeeping,Crew Alleyway,Toilet STBD (Opposite), ,STD,QRC
Bolette,FOCL-BOLE,FOCL,BOLE,Mantis 1 x 2,A,Garbage,Garbage Room,Entrance, ,STD,QRC
Bolette,FOCL-BOLE,FOCL,BOLE,Mantis 1 x 2,A,Garbage,Garbage Room,Escape Hatch STBD, ,STD,QRC
Bolette,FOCL-BOLE,FOCL,BOLE,Mantis 1 x 2,A,Garbage,Garbage Room,Somat Control Panel, ,STD,QRC
Bolette,FOCL-BOLE,FOCL,BOLE,Uplight 1x15wNS,8,Deck,Lido Pool,Gents Restroom FWD PORT, ,STD,QRC
Bolette,FOCL-BOLE,FOCL,BOLE,Uplight 1x15wNS,8,Deck,Lido Pool,Locker L 8.01 FWD STBD, ,STD,QRC
Bolette,FOCL-BOLE,FOCL,BOLE,Uplight 1x15wNS,8,Deck,Lido Pool,Fire Locker 8.19 FWD PORT, ,STD,QRC
Bolette,FOCL-BOLE,FOCL,BOLE,Mantis 1 x 2,A,Deck,Marshalling Area,Fire Hydrant A.11 STBD, ,STD,QRC
Bolette,FOCL-BOLE,FOCL,BOLE,Mantis 1 x 2,A,Deck,Marshalling Area,Fire Hydrant A.16 PORT, ,STD,QRC
Bolette,FOCL-BOLE,FOCL,BOLE,Mantis Uplighter,A,Deck,Gangway FWD PORT,Bunker Station A.12, ,STD,QRC
Bolette,FOCL-BOLE,FOCL,BOLE,Mantis Uplighter,A,Deck,Side Gangway FWD STBD,Bunker Station A.11, ,STD,QRC
Borealis,FOCL-BORE,FOCL,BORE,Mantis 1 x 2,8,Galley,Lido Dish Wash,Landing Counter (Opposite), ,STD,QRC
Borealis,FOCL-BORE,FOCL,BORE,Mantis 1 x 2,A,Messes,Crew Bar,Entrance, ,STD,QRC
Borealis,FOCL-BORE,FOCL,BORE,Mantis 1 x 2,A,Messes,Crew Bar,Coke Vending Machine, ,STD,QRC
Borealis,FOCL-BORE,FOCL,BORE,Mantis 1 x 2,A,Messes,Crew Mess,Bins, ,STD,QRC
Borealis,FOCL-BORE,FOCL,BORE,Mantis 1 x 2,A,Messes,Crew Mess,Ice Cream Machine (Rear), ,STD,QRC
Borealis,FOCL-BORE,FOCL,BORE,Mantis 1 x 2,A,Messes,Petty Officer Rm,Entrance (CO? Station), ,STD,QRC
Borealis,FOCL-BORE,FOCL,BORE,Mantis 1 x 2,A,Messes,Petty Officer Rm,Bins, ,STD,QRC
Borealis,FOCL-BORE,FOCL,BORE,Mantis 1 x 2,A,Messes,Petty Officer Rm,Television, ,STD,QRC
Borealis,FOCL-BORE,FOCL,BORE,Mantis 1 x 2,A,Provisions,Loading Area,Butcher Shop PORT, ,STD,QRC
Borealis,FOCL-BORE,FOCL,BORE,Mantis 1 x 2,A,Provisions,Provisions Corridor,Thawing Room 9, ,STD,QRC
Borealis,FOCL-BORE,FOCL,BORE,Mantis 1 x 2,B,Provisions,Dry Provision 2,Bulkhead B.072, ,STD,QRC
Borealis,FOCL-BORE,FOCL,BORE,Uplight 1x15wNS,8,Restaurant,Lido Restaurant,Entrance FWD PORT, ,STD,QRC
Borealis,FOCL-BORE,FOCL,BORE,Uplight 1x15wNS,8,Restaurant,Lido Restaurant,Ice Cream Counter PORT, ,STD,QRC
Borealis,FOCL-BORE,FOCL,BORE,Uplight 1x15wNS,8,Restaurant,Lido Restaurant,Juice Station PORT, ,STD,QRC
Borealis,FOCL-BORE,FOCL,BORE,Uplight 1x15wNS,8,Restaurant,Lido Restaurant,Corridor AFT PORT, ,STD,QRC
Borealis,FOCL-BORE,FOCL,BORE,Uplight 1x15wNS,8,Restaurant,Lido Restaurant,Corridor AFT STBD, ,STD,QRC
Borealis,FOCL-BORE,FOCL,BORE,Uplight 1x15wNS,8,Restaurant,Lido Restaurant,Juice Machine Stn STBD, ,STD,QRC
Borealis,FOCL-BORE,FOCL,BORE,Uplight 1x15wNS,8,Restaurant,Lido Restaurant,Ice Cream Counter STBD, ,STD,QRC
Borealis,FOCL-BORE,FOCL,BORE,Uplight 1x15wNS,8,Restaurant,Lido Restaurant,Entrance FWD STBD, ,STD,QRC
Borealis,FOCL-BORE,FOCL,BORE,Mantis 1 x 2,4,Restaurant,Galley/Pinnacle Grill,Corridor STBD, ,STD,QRC
Borealis,FOCL-BORE,FOCL,BORE,Mantis 1 x 2,A,Housekeeping,Crew Alleyway STBD,Electrical Substation 2 PORT, ,STD,QRC
Borealis,FOCL-BORE,FOCL,BORE,Mantis 1 x 2,A,Housekeeping,Crew Alleyway PORT,Electrical Workshop, ,STD,QRC
Borealis,FOCL-BORE,FOCL,BORE,Mantis 1 x 2,A,Housekeeping,Crew Alleyway,Garbage Cold Room 20, ,STD,QRC
Borealis,FOCL-BORE,FOCL,BORE,Mantis 1 x 2,A,Housekeeping,Crew Alleyway,Crew Toilet STBD, ,STD,QRC
Borealis,FOCL-BORE,FOCL,BORE,Mantis 1 x 2,A,Housekeeping,Crew Corridor AFT,Cabin A067, ,STD,QRC
Borealis,FOCL-BORE,FOCL,BORE,Mantis 1 x 2,A,Housekeeping,Corridor (MID),Crew Staircase (Crew Toilet), ,STD,QRC
Borealis,FOCL-BORE,FOCL,BORE,Mantis 1 x 2,A,Housekeeping,Corridor MID PORT,Crew Staircase, ,STD,QRC
Borealis,FOCL-BORE,FOCL,BORE,Mantis 1 x 2,B,Housekeeping,Crew Cabins (MID),Cabin B146, ,STD,QRC
Borealis,FOCL-BORE,FOCL,BORE,Mantis 1 x 2,B,Housekeeping,Crew Cabins FWD,Houskeeping Office, ,STD,QRC
Borealis,FOCL-BORE,FOCL,BORE,Mantis 1 x 2,B,Housekeeping,Crew Cabins (MID),Water Tight Door 14 (B.025), ,STD,QRC
Borealis,FOCL-BORE,FOCL,BORE,Uplight 1x15wNS,A,Deck,Gangway FWD PORT,Shell Door, ,STD,QRC
Borealis,FOCL-BORE,FOCL,BORE,Uplight 1x15wNS,A,Deck,Gangway FWD STBD,Shell Door 4, ,STD,QRC
Borealis,FOCL-BORE,FOCL,BORE,Mantis 1 x 2,A,Deck,Marshalling Area,Shell Door PORT (Tel. 1235), ,STD,QRC
Borealis,FOCL-BORE,FOCL,BORE,Mantis 1 x 2,A,Deck,Marshalling Area,Fire Door A.058 STBD, ,STD,QRC
Borealis,FOCL-BORE,FOCL,BORE,Mantis 1 x 2,A,Deck,Garbage Room,Entrance, ,STD,QRC
Borealis,FOCL-BORE,FOCL,BORE,Mantis 1 x 2,A,Deck,Garbage Room,Entrance, ,STD,QRC
Borealis,FOCL-BORE,FOCL,BORE,Mantis 1 x 2,A,Deck,Garbage Room,Room 18 (A.068), ,STD,QRC
Borealis,FOCL-BORE,FOCL,BORE,Mantis 1 x 2,A,Deck,Garbage Room,Food Waste Chute , ,STD,QRC
Borealis,FOCL-BORE,FOCL,BORE,Mantis 1 x 2,A,Deck,Garbage Room,Cooling Fan MSB Room, ,STD,QRC
Borealis,FOCL-BORE,FOCL,BORE,Mantis 1 x 2,A,Deck,Garbage Room,Can Compactor, ,STD,QRC
Borealis,FOCL-BORE,FOCL,BORE,Mantis 1 x 2,A,Deck,Garbage Room,Vent Tunnel, ,STD,QRC
Borealis,FOCL-BORE,FOCL,BORE,Uplight 1x15wNS,8,Deck,Lido Pool,A.C. Stn 8/4 (8.017) PORT, ,STD,QRC
Borealis,FOCL-BORE,FOCL,BORE,Mantis Uplighter,8,Deck,Lido Pool,Locker L 8.03 STBD, ,STD,QRC
Borealis,FOCL-BORE,FOCL,BORE,Mantis 1 x 2,8,Deck,Lido Pool,Crew Staircase (Elevator), ,STD,QRC
Expedition,GADV-EXPD,GADV,EXPD,GLU-60,5,Galley,Hot Galley,CO2, ,STD,QRC
Expedition,GADV-EXPD,GADV,EXPD,GLU-60,5,Galley,Plate Drop,Bins, ,STD,QRC
Expedition,GADV-EXPD,GADV,EXPD,Wall Fly 1x18w,5,Messes,Officers Mess,Clock, ,STD,QRC
Expedition,GADV-EXPD,GADV,EXPD,Wall Fly 1x18w,5,Messes,Crew Mess,Servery AFT, ,STD,QRC
Expedition,GADV-EXPD,GADV,EXPD,GLU-60,5,Messes,Crew Mess,Plate Drop (Bins), ,STD,QRC
Expedition,GADV-EXPD,GADV,EXPD,GLU-60,4,Provisions,Galley Scullery  ,Bulkhead PORT, ,STD,QRC
Expedition,GADV-EXPD,GADV,EXPD,GLU-90,4,Provisions,Dry Store,Shelves STBD, ,STD,QRC
Expedition,GADV-EXPD,GADV,EXPD,Wall Fly 1x18w,4,Bars,Discovery Lounge,Exit FWD STBD, ,STD,QRC
Expedition,GADV-EXPD,GADV,EXPD,Wall Fly 1x18w,5,Restaurant,Buffet,Bulkhead AFT PORT, ,STD,QRC
Expedition,GADV-EXPD,GADV,EXPD,Wall Fly 1x18w,5,Restaurant,Buffet,Bulkhead AFT STBD, ,STD,QRC
Expedition,GADV-EXPD,GADV,EXPD,Wall Fly 1x18w,5,Restaurant,Buffet,Exit FWD PORT, ,STD,QRC
Expedition,GADV-EXPD,GADV,EXPD,Wall Fly 1x18w,5,Restaurant,Buffet,Exit FWD STBD, ,STD,QRC
Clio,GCCL-CLIO,GCCL,CLIO,GLU-60,4,Galley,Veranda ,Pantry, ,STD,QRC
Clio,GCCL-CLIO,GCCL,CLIO,GLU-60,2,Galley,Galley,Plate Wash, ,STD,QRC
Clio,GCCL-CLIO,GCCL,CLIO,GLU-60,2,Galley,Galley,Pot Wash, ,STD,QRC
Clio,GCCL-CLIO,GCCL,CLIO,GLU-60,2,Galley,Galley,Hot Galley, ,STD,QRC
Clio,GCCL-CLIO,GCCL,CLIO,GLU-60,1,Galley,Galley,Preparation Room, ,STD,QRC
Clio,GCCL-CLIO,GCCL,CLIO,GLU-60,1,Provisions,Provisions,Vegetable Corridor, ,STD,QRC
Clio,GCCL-CLIO,GCCL,CLIO,Vanquish,1,Provisions,Provisions,Dumb Waiters, ,STD,QRC
Clio,GCCL-CLIO,GCCL,CLIO,Vanquish,1,Provisions,Provisions,Dry Store Cage, ,STD,QRC
Clio,GCCL-CLIO,GCCL,CLIO,GLU-60,3,BarRestaurant,Discovery Lounge,Pantry, ,STD,QRC
Clio,GCCL-CLIO,GCCL,CLIO,GLU-60,2,BarRestaurant,Crew Mess,Entrance, ,STD,QRC
Clio,GCCL-CLIO,GCCL,CLIO,GLU-60,2,BarRestaurant,Crew Mess,Scullary, ,STD,QRC
Clio,GCCL-CLIO,GCCL,CLIO,GLU-60,1,Garbage,Garbage Room,Crusher, ,STD,QRC
Clio,GCCL-CLIO,GCCL,CLIO,GLU-60,2,Deck,Loading Area,Loading Corridor, ,STD,QRC
Corinthian,GCCL-CORI,GCCL,CORI,GLU-60,2,Galley,Crew Mess,Entrance, ,STD,QRC
Corinthian,GCCL-CORI,GCCL,CORI,GLU-60,2,Galley,Crew Mess,Corridor, ,STD,QRC
Corinthian,GCCL-CORI,GCCL,CORI,GLU-60,2,Stores,Stairway,Stairs, ,STD,QRC
Corinthian,GCCL-CORI,GCCL,CORI,GLU-60,2,Garbage,Main Room,Densifier, ,STD,QRC
Heritage Adventurer,HEXP-HADV,HEXP,HADV,GLU-10 (LED),6,Galley,Bistro Galley,Galley AFT,Jan-25,LED,QRC
Heritage Adventurer,HEXP-HADV,HEXP,HADV,GLU-10 (LED),4,Galley,Main Galley,Coffee Station,Jul-24,LED,QRC
Heritage Adventurer,HEXP-HADV,HEXP,HADV,GLU-10 (LED),4,Galley,Main Galley,Enter M. Galley,Jul-24,LED,QRC
Heritage Adventurer,HEXP-HADV,HEXP,HADV,GLU-10 (LED),4,Galley,Main Galley,Dish Wash Area,Jul-24,LED,QRC
Heritage Adventurer,HEXP-HADV,HEXP,HADV,GLU-10 (LED),4,Galley,Main Galley,Pot Wash Area,Jul-24,LED,QRC
Heritage Adventurer,HEXP-HADV,HEXP,HADV,GLU-10 (LED),3,Galley,Crew Galley,Top of Elevator,Jul-24,LED,QRC
Heritage Adventurer,HEXP-HADV,HEXP,HADV,GLU-60,2,Provisions,Provision Corridor,Garbage Room (Infront), ,STD,QRC
Heritage Adventurer,HEXP-HADV,HEXP,HADV,GLU-10 (LED),2,Provisions,Provision Corridor,Garbage Room (Outside),Jul-24,LED,QRC
Heritage Adventurer,HEXP-HADV,HEXP,HADV,GLU-10 (LED),2,Provisions,Provision Corridor,Potato Shelves (Opp.),Jul-24,LED,QRC
Heritage Adventurer,HEXP-HADV,HEXP,HADV,Wall Fly White (LED),5,Bars,Main Bar Pantry,Outside Storage Area,Jul-24,LED,QRC
Heritage Adventurer,HEXP-HADV,HEXP,HADV,GLU-10 (LED),3,Restaurant,Crew Mess,Buffet Area,Jul-24,LED,QRC
Heritage Adventurer,HEXP-HADV,HEXP,HADV,GLU-10 (LED),3,Restaurant,Crew Mess,Dirty Area ,Jul-24,LED,QRC
Heritage Adventurer,HEXP-HADV,HEXP,HADV,GLU-10 (LED),3,Restaurant,Off. Mess,Dining Area,Jul-24,LED,QRC
Heritage Adventurer,HEXP-HADV,HEXP,HADV,GLU-10 (LED),3,Restaurant,Off. Mess,Dirty Area ,Jul-24,LED,QRC
Heritage Adventurer,HEXP-HADV,HEXP,HADV,Wall Fly White (LED),4,Restaurant,MDR,Buffet Port Side,Jul-24,LED,QRC
Heritage Adventurer,HEXP-HADV,HEXP,HADV,Wall Fly White (LED),4,Restaurant,MDR,Buffet Star Port Side,Jul-24,LED,QRC
Heritage Adventurer,HEXP-HADV,HEXP,HADV,Wall Fly White (LED),6,Restaurant,Bistro Dining,Buffet Area,Jul-24,LED,QRC
Heritage Adventurer,HEXP-HADV,HEXP,HADV,GLU-80 (LED),2,Recycling_Centre,Garbage Room,Segregation Area,Jul-24,LED,QRC
Fram,HURT-FRAM,HURT,FRAM,GLU-60,4,Galley,Corridor AFT,Crew Alleyway, ,STD,QRC
Fram,HURT-FRAM,HURT,FRAM,GLU-60,4,Galley, Main Galley,Chefs Officer Wall, ,STD,QRC
Fram,HURT-FRAM,HURT,FRAM,Fly Shield 2,4,Galley, Main Galley,Bistro Alleyway, ,STD,QRC
Fram,HURT-FRAM,HURT,FRAM,GLU-60,3,Messes,Crew Mess,Pantry, ,STD,QRC
Fram,HURT-FRAM,HURT,FRAM,Fly Shield 2,3,Messes,Crew Mess,Wall AFT, ,STD,QRC
Fram,HURT-FRAM,HURT,FRAM,GLU-60,2,Provisions,Loading Area,Elevator AFT, ,STD,QRC
Fram,HURT-FRAM,HURT,FRAM,GLU-60,2,Provisions,Corridor,Elevator AFT, ,STD,QRC
Fram,HURT-FRAM,HURT,FRAM,GLU-90,1,Provisions,Corridor,Dry Store (Outside), ,STD,QRC
Fram,HURT-FRAM,HURT,FRAM,GLU-60,2,Garbage,Garbage Room,Garbage Shute, ,STD,QRC
Fram,HURT-FRAM,HURT,FRAM,GLU-60,2,Garbage,Garbage Room,Incinerator Stairs, ,STD,QRC
Fram,HURT-FRAM,HURT,FRAM,GLU-90,2,Deck,Car Deck,Water Tight Door #13 PORT, ,STD,QRC
Fridtjof Nansen,HURT-FRID,HURT,FRID,GLU-60,9,Galley,Lindstrom Galley,Sink (Opp.), ,STD,QRC
Fridtjof Nansen,HURT-FRID,HURT,FRID,GLU-60,6,Restaurant,Crew Corridoor, Fire Point 305.059, ,STD,QRC
Fridtjof Nansen,HURT-FRID,HURT,FRID,GLU-60,6,Galley,Aune Galley,Pot Wash Area, ,STD,QRC
Fridtjof Nansen,HURT-FRID,HURT,FRID,GLU-60,6,Galley,Aune Galley,Dish Wash (Opp.), ,STD,QRC
Fridtjof Nansen,HURT-FRID,HURT,FRID,Fly Shield 1,4,Housekeeping,Medical Centre,Corridoor, ,STD,QRC
Fridtjof Nansen,HURT-FRID,HURT,FRID,Fly Shield 1,3,Messes,Crew Mess,Refrigerator , ,STD,QRC
Fridtjof Nansen,HURT-FRID,HURT,FRID,GLU-60,3,Galley,Crew Galley,Dish Wash Area, ,STD,QRC
Fridtjof Nansen,HURT-FRID,HURT,FRID,GLU-60,2,Provisions,Provisions,Receiving Area, ,STD,QRC
Fridtjof Nansen,HURT-FRID,HURT,FRID,GLU-60,2,Provisions,Provisions,Thawing Room (Opp.), ,STD,QRC
Fridtjof Nansen,HURT-FRID,HURT,FRID,GLU-60,2,Galley,Preperation Room,Vegetable Preparation, ,STD,QRC
Roald Amundsen,HURT-ROAL,HURT,ROAL,Fly Trap Pro FTP40,6,Galley,Main Galley,Pot wash, ,STD,QRC
Roald Amundsen,HURT-ROAL,HURT,ROAL,Fly Trap Pro FTP40,6,Galley,Service Area,Staircase, ,STD,QRC
Roald Amundsen,HURT-ROAL,HURT,ROAL,Fly Trap Pro FTP40,2,Galley,Prep. Galley,Digester 2, ,STD,QRC
Roald Amundsen,HURT-ROAL,HURT,ROAL,Fly Trap Pro FTP40,2,Provisions,Thawing Room,Corridor (Outside), ,STD,QRC
Roald Amundsen,HURT-ROAL,HURT,ROAL,Fly Trap Pro FTP40,2,Provisions,Loading Bay,Entrance PORT, ,STD,QRC
Roald Amundsen,HURT-ROAL,HURT,ROAL,Fly Trap Pro FTP40,10,Bars,Pool Bar,Pantry, ,STD,QRC
Roald Amundsen,HURT-ROAL,HURT,ROAL,Fly Trap Pro FTP40,3,Deck,Tender Garage, Entrance FWD, ,STD,QRC
Roald Amundsen,HURT-ROAL,HURT,ROAL,Fly Trap Pro FTP40,3,Deck,Garbage Room,General Waste, ,STD,QRC
Roald Amundsen,HURT-ROAL,HURT,ROAL,Fly Trap Pro FTP40,4,Deck,Gangway,Gangway PORT, ,STD,QRC
Roald Amundsen,HURT-ROAL,HURT,ROAL,Glu-60,3,Galley,Crew Mess,Fridge PORT, ,STD,QRC
Spitsbergen,HURT-SPIT,HURT,SPIT,GLU-10 (LED),5,Galley,Galley,Plate Wash,Jul-23,LED,QRC
Spitsbergen,HURT-SPIT,HURT,SPIT,GLU-10 (LED),5,Galley,Galley,Galley and Rest. Corridor,Jul-23,LED,QRC
Spitsbergen,HURT-SPIT,HURT,SPIT,GLU-10 (LED),3,Messes,Crew Mess,Plate Wash,Jul-23,LED,QRC
Spitsbergen,HURT-SPIT,HURT,SPIT,GLU-10 (LED),3,Provisions,Provision ,Corridor PORT,Jul-23,LED,QRC
Spitsbergen,HURT-SPIT,HURT,SPIT,GLU-10 (LED),3,Recycling_Centre,Processing Area,Biodigester Room ,Jul-23,LED,QRC
Spitsbergen,HURT-SPIT,HURT,SPIT,GLU-10 (LED),3,Recycling_Centre,Processing Area,Glass Crusher,Jul-23,LED,QRC
Spitsbergen,HURT-SPIT,HURT,SPIT,GLU-10 (LED),3,Recycling_Centre,Processing Area,Bins,Jul-23,LED,QRC
Spitsbergen,HURT-SPIT,HURT,SPIT,GLU-10 (LED),4,Housekeeping,Gangway,Lobby,Jul-23,LED,QRC
Spitsbergen,HURT-SPIT,HURT,SPIT,GLU-10 (LED),3,Deck,Hangar Deck,Hangar Door STBD,Jul-23,LED,QRC
Spitsbergen,HURT-SPIT,HURT,SPIT,GLU-10 (LED),3,Deck,Hangar Deck,Cargo Door PORT,Jul-23,LED,QRC
Lodbrog,LDAS-LODB,LDAS,LODB,Bar 2 (15W),1,Galley,Pastry,Small Kneeder, ,STD,QRC
Lodbrog,LDAS-LODB,LDAS,LODB,Bar 2 (15W),1,Messes,Mess Room,Coffee Machine, ,STD,QRC
Peter Faber,LDAS-PFAB,LDAS,PFAB,GLU-10 (LED),D,Deck,Bridge,Bulkhead STBD,Jan-25,LED,QRC
Peter Faber,LDAS-PFAB,LDAS,PFAB,GLU-10 (LED),1,Catering,Officer Mess,Bulkhead AFT PORT,Jan-25,LED,QRC
Peter Faber,LDAS-PFAB,LDAS,PFAB,GLU-10 (LED),1,Catering,Crew Mess,Bulkhead FWD,Jan-25,LED,QRC
Peter Faber,LDAS-PFAB,LDAS,PFAB,GLU-10 (LED),1,Catering,Galley,Bulkhead AFT PORT,Jan-25,LED,QRC
Peter Faber,LDAS-PFAB,LDAS,PFAB,GLU-10 (LED),1,Catering,Store Room,Entrance,Jan-25,LED,QRC
Teneo,LDAS-TENE,LDAS,TENE,Lantern,1,Provisions,Dry Store,Stairs, ,STD,QRC
Marella Discovery 2,MARE-DIS2,MARE,DIS2,Mantis 1 x 2,9,Galley,Glass House,Dishwash Clean Area, ,STD,QRC
Marella Discovery 2,MARE-DIS2,MARE,DIS2,Mantis 1 x 2,9,Galley,Glass House,Dishwadh Dirty Area, ,STD,QRC
Marella Discovery 2,MARE-DIS2,MARE,DIS2,Mantis 1 x 2,4,Galley,Main Galley,Cold Pantry, ,STD,QRC
Marella Discovery 2,MARE-DIS2,MARE,DIS2,Mantis 1 x 2,4,Galley,Main Galley,Pastry, ,STD,QRC
Marella Discovery 2,MARE-DIS2,MARE,DIS2,Mantis 1 x 2,1,Provisions,Provision Corridor ,Decanting Area AFT, ,STD,QRC
Marella Discovery 2,MARE-DIS2,MARE,DIS2,Mantis 1 x 2,1,Provisions,Provision Corridor ,Veg Prep Stbd, ,STD,QRC
Marella Discovery 2,MARE-DIS2,MARE,DIS2,Mantis 1 x 2,1,Provisions,Loading Area ,Shell Door Port, ,STD,QRC
Marella Discovery 2,MARE-DIS2,MARE,DIS2,Mantis 1 x 2,1,Provisions,Loading Area ,Shell Door Stbd, ,STD,QRC
Marella Discovery 2,MARE-DIS2,MARE,DIS2,Mantis 1 x 2,1,Provisions,Loading Area ,WTD 1.02, ,STD,QRC
Marella Discovery 2,MARE-DIS2,MARE,DIS2,Mantis 1 x 2,0,Provisions,Provision Corridor,Dry Provision , ,STD,QRC
Marella Discovery 2,MARE-DIS2,MARE,DIS2,Mantis 1 x 2,0,Provisions,Provisions Corridor ,Cleaning Locker , ,STD,QRC
Marella Discovery 2,MARE-DIS2,MARE,DIS2,Mantis 1 x 2,0,Provisions,Provision Corridor ,Crew Elevator AFT, ,STD,QRC
Marella Discovery 2,MARE-DIS2,MARE,DIS2,Mantis Uplighter,9,Restaurant,Island Restaurant,Port Side Entrance, ,STD,QRC
Marella Discovery 2,MARE-DIS2,MARE,DIS2,Mantis Uplighter,9,Restaurant,Island Restaurant,Stbd Side Entrance, ,STD,QRC
Marella Discovery 2,MARE-DIS2,MARE,DIS2,Mantis Uplighter,9,Restaurant,Island Restaurant,Port Coffee Station, ,STD,QRC
Marella Discovery 2,MARE-DIS2,MARE,DIS2,Mantis Uplighter,9,Restaurant,Island Restaurant,Stbd Coffee Station, ,STD,QRC
Marella Discovery 2,MARE-DIS2,MARE,DIS2,Mantis Uplighter,9,Restaurant,Island Restaurant,Stbd Side Aft, ,STD,QRC
Marella Discovery 2,MARE-DIS2,MARE,DIS2,Mantis Uplighter,9,Restaurant,Island Restaurant,Port Dishwash Entrance, ,STD,QRC
Marella Discovery 2,MARE-DIS2,MARE,DIS2,Mantis Uplighter,9,Restaurant,Snack Shack,Time Control Plan, ,STD,QRC
Marella Discovery 2,MARE-DIS2,MARE,DIS2,Mantis 1 x 2,2,Restaurant,Staff Mess,Garbage Area, ,STD,QRC
Marella Discovery 2,MARE-DIS2,MARE,DIS2,Mantis 1 x 2,2,Restaurant,Staff Mess,Officers Mess Area, ,STD,QRC
Marella Discovery 2,MARE-DIS2,MARE,DIS2,Mantis 1 x 2,2,Restaurant,Crew Mess,Garbage Area, ,STD,QRC
Marella Discovery 2,MARE-DIS2,MARE,DIS2,Mantis 1 x 2,1,Housekeeping,Barbar Shop,Chemical Dispensery, ,STD,QRC
Marella Discovery 2,MARE-DIS2,MARE,DIS2,Mantis 1 x 2,1,Housekeeping,I.95,Gangway Stbd, ,STD,QRC
Marella Discovery 2,MARE-DIS2,MARE,DIS2,Mantis Uplighter,1,Housekeeping,Gangway Port,Medical Centre Entrance, ,STD,QRC
Marella Discovery 2,MARE-DIS2,MARE,DIS2,Mantis 1 x 2,1,Housekeeping,I.95,Flag of Morocco, ,STD,QRC
Marella Discovery 2,MARE-DIS2,MARE,DIS2,Mantis 1 x 2,1,Housekeeping,HK Office,Luggage Storage, ,STD,QRC
Marella Discovery 2,MARE-DIS2,MARE,DIS2,Mantis 1 x 2,1,Housekeeping,Crew Area Stbd,Service Lift FWD, ,STD,QRC
Marella Discovery 2,MARE-DIS2,MARE,DIS2,Mantis 1 x 2,9,Housekeeping,Crew Area FWD,Service Lift FWD, ,STD,QRC
Marella Discovery 2,MARE-DIS2,MARE,DIS2,Mantis Uplighter,11,Bars,Bar 11,Port Side, ,STD,QRC
Marella Discovery 2,MARE-DIS2,MARE,DIS2,Mantis 1 x 2,11,Bars,Bar 11,Mobile Service Counter, ,STD,QRC
Marella Discovery 2,MARE-DIS2,MARE,DIS2,Mantis 1 x 2,9,Bars,Pool Bar,Pantry, ,STD,QRC
Marella Discovery 2,MARE-DIS2,MARE,DIS2,Mantis 1 x 2,4,Bars,Atrium Bar,Stbd, ,STD,QRC
Marella Discovery 2,MARE-DIS2,MARE,DIS2,Mantis 1 x 2,4,Bars,Atrium Pantry,Dishwash Area, ,STD,QRC
Marella Discovery 2,MARE-DIS2,MARE,DIS2,Mantis 1 x 2,4,Bars,Broadway Theatre Bar ,Pantry Stbd FWD, ,STD,QRC
Marella Discovery 2,MARE-DIS2,MARE,DIS2,Mantis 1 x 2,2,Bars,Crew Bar,AFT Port, ,STD,QRC
Marella Discovery 2,MARE-DIS2,MARE,DIS2,Mantis 1 x 2,1,Deck,Incinerator Room,Shredder, ,STD,QRC
Marella Discovery 2,MARE-DIS2,MARE,DIS2,Mantis 1 x 2,1,Deck,Incinerator Room,Compactor Machine, ,STD,QRC
Marella Discovery 2,MARE-DIS2,MARE,DIS2,Mantis 1 x 2,1,Deck,Incinerator Room,AFT Port, ,STD,QRC
Marella Explorer 2,MARE-MEX2,MARE,MEX2,GLU-10 (LED),11,Galley,Market Place,Pot Wash,Jul-24,LED,QRC
Marella Explorer 2,MARE-MEX2,MARE,MEX2,GLU-10 (LED),5,Galley,Dish Wash,STBD,Jul-24,LED,QRC
Marella Explorer 2,MARE-MEX2,MARE,MEX2,Wall Fly White (LED),3,Messes,Asian Mess,Exit Midship,Jul-24,LED,QRC
Marella Explorer 2,MARE-MEX2,MARE,MEX2,GLU-10 (LED),3,Messes,Asian Mess,Exit FWD,Jul-24,LED,QRC
Marella Explorer 2,MARE-MEX2,MARE,MEX2,GLU-10 (LED),3,Messes,Asian Mess,Exit AFT,Jul-24,LED,QRC
Marella Explorer 2,MARE-MEX2,MARE,MEX2,Wall Fly White (LED),3,Messes,Healthy Mess,Port Hole PORT,Jul-24,LED,QRC
Marella Explorer 2,MARE-MEX2,MARE,MEX2,Wall Fly White (LED),3,Messes,European Mess,Entrance,Jul-24,LED,QRC
Marella Explorer 2,MARE-MEX2,MARE,MEX2,GLU-10 (LED),3,Provisions,Steering Gear,Entrance,Jul-24,LED,QRC
Marella Explorer 2,MARE-MEX2,MARE,MEX2,GLU-10 (LED),3,Provisions,Vegetable Prep,Entrance (Outside),Jul-24,LED,QRC
Marella Explorer 2,MARE-MEX2,MARE,MEX2,GLU-10 (LED),3,Provisions,Poultry Prep,Entrance (Outside),Jul-24,LED,QRC
Marella Explorer 2,MARE-MEX2,MARE,MEX2,GLU-10 (LED),3,Provisions,Fish Station,Entrance (Outside),Jul-24,LED,QRC
Marella Explorer 2,MARE-MEX2,MARE,MEX2,GLU-10 (LED),3,Provisions, Meat Frozen Fridge ,Entrance (Outside),Jul-24,LED,QRC
Marella Explorer 2,MARE-MEX2,MARE,MEX2,GLU-10 (LED),3,Provisions,Loading Area,Shell Door AFT STBD,Jul-24,LED,QRC
Marella Explorer 2,MARE-MEX2,MARE,MEX2,GLU-10 (LED),3,Provisions,Loading Area,Shell Door FWD STBD,Jul-24,LED,QRC
Marella Explorer 2,MARE-MEX2,MARE,MEX2,GLU-10 (LED),3,Provisions,Loading Area,Shell Door AFT PORT,Jul-24,LED,QRC
Marella Explorer 2,MARE-MEX2,MARE,MEX2,GLU-10 (LED),3,Provisions,Loading Area,Shell Door FWD PORT,Jul-24,LED,QRC
Marella Explorer 2,MARE-MEX2,MARE,MEX2,GLU-10 (LED),3,Provisions,Loading Area,Hand Wash Basin PORT,Jul-24,LED,QRC
Marella Explorer 2,MARE-MEX2,MARE,MEX2,GLU-10 (LED),2,Provisions,Loading Area,Platform Elevator PORT,Jul-24,LED,QRC
Marella Explorer 2,MARE-MEX2,MARE,MEX2,GLU-10 (LED),12,Bars,Indigo Bar,Pantry,Jul-24,LED,QRC
Marella Explorer 2,MARE-MEX2,MARE,MEX2,Wall Fly White (LED),12,Bars,Indigo Bar,Ice Machine,Jul-24,LED,QRC
Marella Explorer 2,MARE-MEX2,MARE,MEX2,GLU-10 (LED),11,Bars,Pool Bar,Pantry,Jul-24,LED,QRC
Marella Explorer 2,MARE-MEX2,MARE,MEX2,GLU-10 (LED),7,Bars,Squid & Anchor Bar,Pantry,Jul-24,LED,QRC
Marella Explorer 2,MARE-MEX2,MARE,MEX2,GLU-10 (LED),6,Bars,Broadway ,Pantry,Jul-24,LED,QRC
Marella Explorer 2,MARE-MEX2,MARE,MEX2,GLU-10 (LED),6,Bars,Flute Bar,Pantry,Jul-24,LED,QRC
Marella Explorer 2,MARE-MEX2,MARE,MEX2,GLU-10 (LED),6,Bars,Aperitif Bar,Pantry FWD,Jul-24,LED,QRC
Marella Explorer 2,MARE-MEX2,MARE,MEX2,GLU-10 (LED),5,Bars,Wine Cellar,Entrance PORT,Jul-24,LED,QRC
Marella Explorer 2,MARE-MEX2,MARE,MEX2,GLU-10 (LED),3,Bars,Staff Bar,Pantry (Outside),Jul-24,LED,QRC
Marella Explorer 2,MARE-MEX2,MARE,MEX2,GLU-10 (LED),3,Bars,Staff Bar,Entrance (Outside),Jul-24,LED,QRC
Marella Explorer 2,MARE-MEX2,MARE,MEX2,GLU-10 (LED),2,Bars,Crew Bar,LHS Opposite Garbage Bins,Jul-24,LED,QRC
Marella Explorer 2,MARE-MEX2,MARE,MEX2,GLU-10 (LED),2,Bars,Crew Bar,RHS by the Counter,Jul-24,LED,QRC
Marella Explorer 2,MARE-MEX2,MARE,MEX2,Wall Fly White (LED),11,Restaurant,Snack Shack,Entrance,Jul-24,LED,QRC
Marella Explorer 2,MARE-MEX2,MARE,MEX2,GLU-10 (LED),11,Restaurant,Beach Cove,Pantry,Jul-24,LED,QRC
Marella Explorer 2,MARE-MEX2,MARE,MEX2,Wall Fly White (LED),11,Restaurant,Panini Station,Corner,Jul-24,LED,QRC
Marella Explorer 2,MARE-MEX2,MARE,MEX2,Wall Fly White (LED),11,Restaurant,Market Place,Buffet MID STBD,Jul-24,LED,QRC
Marella Explorer 2,MARE-MEX2,MARE,MEX2,Wall Fly White (LED),11,Restaurant,Market Place,Buffet MID PORT,Jul-24,LED,QRC
Marella Explorer 2,MARE-MEX2,MARE,MEX2,Wall Fly White (LED),11,Restaurant,Market Place,Buffet AFT STBD,Jul-24,LED,QRC
Marella Explorer 2,MARE-MEX2,MARE,MEX2,Wall Fly White (LED),11,Restaurant,Market Place,Buffet AFT PORT,Jul-24,LED,QRC
Marella Explorer 2,MARE-MEX2,MARE,MEX2,Wall Fly White (LED),11,Restaurant,Market Place,Beverage Stn AFT STBD,Jul-24,LED,QRC
Marella Explorer 2,MARE-MEX2,MARE,MEX2,Wall Fly White (LED),11,Restaurant,Market Place,Beverage Stn AFT PORT,Jul-24,LED,QRC
Marella Explorer 2,MARE-MEX2,MARE,MEX2,Wall Fly White (LED),11,Restaurant,Market Place,Entrance AFT STBD,Jul-24,LED,QRC
Marella Explorer 2,MARE-MEX2,MARE,MEX2,Wall Fly White (LED),11,Restaurant,Market Place,Entrance AFT PORT,Jul-24,LED,QRC
Marella Explorer 2,MARE-MEX2,MARE,MEX2,Wall Fly White (LED),11,Restaurant,Pizzeria,Corner STBD,Jul-24,LED,QRC
Marella Explorer 2,MARE-MEX2,MARE,MEX2,Wall Fly White (LED),11,Restaurant,Nonna's Pizza,Entrance ,Jul-24,LED,QRC
Marella Explorer 2,MARE-MEX2,MARE,MEX2,Wall Fly White (LED),5,Restaurant,Latitude,Entrance STBD,Jul-24,LED,QRC
Marella Explorer 2,MARE-MEX2,MARE,MEX2,Wall Fly White (LED),5,Restaurant,Latitude,Entrance PORT,Jul-24,LED,QRC
Marella Explorer 2,MARE-MEX2,MARE,MEX2,GLU-10 (LED),3,Garbage,Garbage Room,Cold Room,Jul-24,LED,QRC
Marella Explorer 2,MARE-MEX2,MARE,MEX2,GLU-10 (LED),3,Garbage,Garbage Room,Locker,Jul-24,LED,QRC
Marella Explorer 2,MARE-MEX2,MARE,MEX2,GLU-10 (LED),1,Laundry,Dryer Area,Dryer No. 1,Jul-24,LED,QRC
Marella Explorer 2,MARE-MEX2,MARE,MEX2,GLU-10 (LED),1,Laundry,Pressing Area,Presses,Jul-24,LED,QRC
Marella Explorer 2,MARE-MEX2,MARE,MEX2,GLU-10 (LED),10,Deck,Bridge,Pantry,Jul-24,LED,QRC
Marella Explorer 2,MARE-MEX2,MARE,MEX2,GLU-10 (LED),3,Deck,Corridor,Gangway MID STBD,Jul-24,LED,QRC
Marella Explorer 2,MARE-MEX2,MARE,MEX2,GLU-10 (LED),3,Deck,Corridor,Gangway  FWD MID PORT ,Jul-24,LED,QRC
Marella Explorer 2,MARE-MEX2,MARE,MEX2,GLU-10 (LED),3,Deck,Corridor,Gangway  FWD MID STBD ,Jul-24,LED,QRC
Marella Explorer 2,MARE-MEX2,MARE,MEX2,GLU-10 (LED),3,Deck,Corridor,Gangway AFT MID PORT,Jul-24,LED,QRC
Marella Explorer 2,MARE-MEX2,MARE,MEX2,GLU-10 (LED),3,Deck,Corridor,Gangway AFT MID STBD,Jul-24,LED,QRC
Marella Explorer 2,MARE-MEX2,MARE,MEX2,Wall Fly White (LED),3,Deck,Corridor,Gangway FWD PORT,Jul-24,LED,QRC
Marella Explorer 2,MARE-MEX2,MARE,MEX2,Wall Fly White (LED),3,Deck,Corridor,Gangway FWD STBD,Jul-24,LED,QRC
Marella Explorer 2,MARE-MEX2,MARE,MEX2,GLU-10 (LED),2,Technical,ECR,Entrance Pantry,Jul-24,LED,QRC
Marella Explorer,MARE-MEXP,MARE,MEXP,Mantis 1 x 2,11,Galley,Snack Shack,Pantry, ,STD,QRC
Marella Explorer,MARE-MEXP,MARE,MEXP,Mantis Uplighter,11,Galley,Tapas,Pantry by the entrance, ,STD,QRC
Marella Explorer,MARE-MEXP,MARE,MEXP,Mantis 1 x 2,11,Galley,Pizzeria,Cleaning Locker, ,STD,QRC
Marella Explorer,MARE-MEXP,MARE,MEXP,Mantis Uplighter,3,Galley,Cold Buffet Pantry,Chopper, ,STD,QRC
Marella Explorer,MARE-MEXP,MARE,MEXP,Mantis 1 x 2,3,Messes,European Mess,Entrance , ,STD,QRC
Marella Explorer,MARE-MEXP,MARE,MEXP,Mantis 1 x 2,3,Messes,Asian Mess,Entrance FWD, ,STD,QRC
Marella Explorer,MARE-MEXP,MARE,MEXP,Mantis 1 x 2,3,Messes,Asian Mess,Entrance AFT, ,STD,QRC
Marella Explorer,MARE-MEXP,MARE,MEXP,Mantis 1 x 2,3,Messes,Asian Mess,Dishwash Sorting Area, ,STD,QRC
Marella Explorer,MARE-MEXP,MARE,MEXP,Mantis Uplighter,3,Provisions,Loading Area,Fridge #333 Aft, ,STD,QRC
Marella Explorer,MARE-MEXP,MARE,MEXP,Mantis 1 x 2,3,Provisions,Loading Area,Water Tight Door 3/16 LHS, ,STD,QRC
Marella Explorer,MARE-MEXP,MARE,MEXP,Mantis Uplighter,3,Provisions,Loading Area,Water Tight Door 3/16 RHS, ,STD,QRC
Marella Explorer,MARE-MEXP,MARE,MEXP,Mantis Uplighter,3,Provisions,Loading Area,Water Tight Door 3/18, ,STD,QRC
Marella Explorer,MARE-MEXP,MARE,MEXP,Mantis 1 x 2,3,Provisions,Loading Area,Shell Door STBD, ,STD,QRC
Marella Explorer,MARE-MEXP,MARE,MEXP,Mantis Uplighter,3,Provisions,Loading Area,Water Tight Door 3/14, ,STD,QRC
Marella Explorer,MARE-MEXP,MARE,MEXP,Mantis 1 x 2,3,Provisions,Loading Area,Water Tight Door 3/19, ,STD,QRC
Marella Explorer,MARE-MEXP,MARE,MEXP,Mantis Uplighter,3,Provisions,Loading Area,Water Tight Door 3/17, ,STD,QRC
Marella Explorer,MARE-MEXP,MARE,MEXP,Mantis Uplighter,3,Provisions,Loading Area,Water Tight Door 3/22, ,STD,QRC
Marella Explorer,MARE-MEXP,MARE,MEXP,Mantis Uplighter,2,Provisions,Loading Area,Water Tight Door 3/20, ,STD,QRC
Marella Explorer,MARE-MEXP,MARE,MEXP,Mantis Uplighter,2,Provisions,Loading Area,Water Tight Door 2/17, ,STD,QRC
Marella Explorer,MARE-MEXP,MARE,MEXP,Mantis Uplighter,2,Provisions,Loading Area,Fridge #209, ,STD,QRC
Marella Explorer,MARE-MEXP,MARE,MEXP,Mantis 1 x 2,2,Provisions,Loading Area,Fridge #211, ,STD,QRC
Marella Explorer,MARE-MEXP,MARE,MEXP,Mantis 1 x 2,12,Bars,Indigo Bar Aft,Pantry, ,STD,QRC
Marella Explorer,MARE-MEXP,MARE,MEXP,Mantis Uplighter,11,Bars,Pool Bar,Pantry, ,STD,QRC
Marella Explorer,MARE-MEXP,MARE,MEXP,Mantis 1 x 2,3,Bars,Crew Lounge,Entrance, ,STD,QRC
Marella Explorer,MARE-MEXP,MARE,MEXP,Mantis Uplighter,3,Bars,CrewBar,Ice Machine, ,STD,QRC
Marella Explorer,MARE-MEXP,MARE,MEXP,Mantis Uplighter,11,Restaurant,Market Place,Entrance AFT PORT, ,STD,QRC
Marella Explorer,MARE-MEXP,MARE,MEXP,Mantis Uplighter,11,Restaurant,Market Place,Entrance AFT STBD, ,STD,QRC
Marella Explorer,MARE-MEXP,MARE,MEXP,Mantis Uplighter,5,Restaurant,Main Galley ,Coffee Station, ,STD,QRC
Marella Explorer,MARE-MEXP,MARE,MEXP,Mantis 1 x 2,5,Restaurant,Latitude,Pantry, ,STD,QRC
Marella Explorer,MARE-MEXP,MARE,MEXP,Mantis 1 x 2,3,Garbage,Garbage Room,Bulkhead Aft, ,STD,QRC
Marella Explorer,MARE-MEXP,MARE,MEXP,Mantis 1 x 2,3,Garbage,Garbage Room,Entrance  Coridor (outside), ,STD,QRC
Marella Explorer,MARE-MEXP,MARE,MEXP,Mantis 1 x 2,3,Garbage,Garbage Room,Densifier, ,STD,QRC
Marella Explorer,MARE-MEXP,MARE,MEXP,Mantis 1 x 2,4,Housekeeping,Pantry FWD STBD,Cabin 4012 (Infront), ,STD,QRC
Marella Explorer,MARE-MEXP,MARE,MEXP,Mantis Uplighter,3,Housekeeping,Luggage Area,Luggage STBD, ,STD,QRC
Marella Explorer,MARE-MEXP,MARE,MEXP,Mantis 1 x 2,2,Laundry,Main Laundry,Dryer no. 5, ,STD,QRC
Marella Voyager,MARE-MVOY,MARE,MVOY,Mantis 1 x 2,3,Provisions,Loading Area,Shell Door FWD PORT 1, ,STD,QRC
Marella Voyager,MARE-MVOY,MARE,MVOY,Mantis 1 x 2,3,Provisions,Loading Area,Shell Door AFT PORT 1, ,STD,QRC
Marella Voyager,MARE-MVOY,MARE,MVOY,Mantis 1 x 2,3,Provisions,Loading Area,Shell Door FWD STBD, ,STD,QRC
Marella Voyager,MARE-MVOY,MARE,MVOY,Ecolab Uplighter,3,Provisions,Loading Area,Shell Door AFT STBD, ,STD,QRC
Marella Voyager,MARE-MVOY,MARE,MVOY,Mantis 1 x 2,3,Provisions,Corridor,Butchery Entrance, ,STD,QRC
Marella Voyager,MARE-MVOY,MARE,MVOY,Mantis 1 x 2,3,Provisions,Corridor,Cleaning Locker (Engine Store), ,STD,QRC
Marella Voyager,MARE-MVOY,MARE,MVOY,Mantis 1 x 2,3,Provisions,Corridor,Veg. Prep. Room (Outside), ,STD,QRC
Marella Voyager,MARE-MVOY,MARE,MVOY,Mantis 1 x 2,2,Provision ,Corridor,Fire Locker AFT, ,STD,QRC
Marella Voyager,MARE-MVOY,MARE,MVOY,Mantis 1 x 2,2,Provision ,Corridor,Fire Door 02-3-121, ,STD,QRC
Marella Voyager,MARE-MVOY,MARE,MVOY,Ecolab Uplighter,11,Bars,Pool Bar,Pantry: Ice Machine, ,STD,QRC
Marella Voyager,MARE-MVOY,MARE,MVOY,Ecolab Uplighter,7,Bars,Squid & Anchor,Pantry Entrance, ,STD,QRC
Marella Voyager,MARE-MVOY,MARE,MVOY,Mantis 1 x 2,11,Restaurant,Abuelas,Pantry: Cleaning Locker, ,STD,QRC
Marella Voyager,MARE-MVOY,MARE,MVOY,Mantis Uplighter,11,Restaurant,Nonnas,Pantry: Cleaning Locker, ,STD,QRC
Marella Voyager,MARE-MVOY,MARE,MVOY,Ecolab Uplighter,5,Restaurant,Vista Restaurant ,Ice Machine PORT, ,STD,QRC
Marella Voyager,MARE-MVOY,MARE,MVOY,Ecolab Uplighter,5,Restaurant,Vista Restaurant ,Ice Machine STBD, ,STD,QRC
Marella Voyager,MARE-MVOY,MARE,MVOY,Mantis 1 x 2,3,Restaurant,Crew Mess,MID Section, ,STD,QRC
Marella Voyager,MARE-MVOY,MARE,MVOY,Wall Fly 1x18w,3,Restaurant,Asian Mess,Port Hole, ,STD,QRC
Marella Voyager,MARE-MVOY,MARE,MVOY,Mantis 1 x 2,3,Garbage ,Garbage Room,Locker , ,STD,QRC
Marella Voyager,MARE-MVOY,MARE,MVOY,Ecolab Uplighter,3,Garbage ,Garbage Room,Compactor Machine, ,STD,QRC
Marella Voyager,MARE-MVOY,MARE,MVOY,Wall Fly 1x18w,3,Housekeeping,Luggage Area,Water Tight Door 3/9 PORT, ,STD,QRC
Marella Voyager,MARE-MVOY,MARE,MVOY,Mantis 1 x 2,2,Housekeeping,Main Laundry,Hand Wash Sink, ,STD,QRC
Islander,MARG-ISLA,MARG,ISLA,Ecolab Uplighter,10,Galley,JWB Steak House,Entrance (Crew Staircase), ,STD,QRC
Islander,MARG-ISLA,MARG,ISLA,Ecolab Uplighter,9,Galley,Frank & Lola's,Pizzeria Line PORT, ,STD,QRC
Islander,MARG-ISLA,MARG,ISLA,Ecolab Uplighter,9,Galley,Frank & Lola's,Crew Elevator (Entrance), ,STD,QRC
Islander,MARG-ISLA,MARG,ISLA,Ecolab Uplighter,9,Galley,Frank & Lola's,Buffet Pantry AFT PORT, ,STD,QRC
Islander,MARG-ISLA,MARG,ISLA,Mantis 1 x 2,9,Galley,Frank & Lola's,Dishwash Pantry AFT PORT, ,STD,QRC
Islander,MARG-ISLA,MARG,ISLA,GLU-15 (LED),9,Galley,Frank & Lola's,Dish Wash ,Jan-24,LED,QRC
Islander,MARG-ISLA,MARG,ISLA,Mantis 1 x 2,A,Galley,Veg. Prep,Entrance, ,STD,QRC
Islander,MARG-ISLA,MARG,ISLA,Mantis 1 x 2,A,Galley,Pulper Room,Entrance, ,STD,QRC
Islander,MARG-ISLA,MARG,ISLA,Mantis 1 x 2,A,Galley,Crew Galley,Bulk Head AFT, ,STD,QRC
Islander,MARG-ISLA,MARG,ISLA,Mantis 1 x 2,A,Galley,Crew Galley,Dish Wash, ,STD,QRC
Islander,MARG-ISLA,MARG,ISLA,Mantis 1 x 2,A,Galley,Crew Galley,Bulk Head AFT PORT, ,STD,QRC
Islander,MARG-ISLA,MARG,ISLA,Mantis 1 x 2,A,Messes,Officer Mess,Emergency Exit, ,STD,QRC
Islander,MARG-ISLA,MARG,ISLA,Ecolab Uplighter,A,Messes,Officer Mess,Bulk head STBD, ,STD,QRC
Islander,MARG-ISLA,MARG,ISLA,Mantis 1 x 2,A,Messes,Crew Mess,Entrance, ,STD,QRC
Islander,MARG-ISLA,MARG,ISLA,Mantis 1 x 2,A,Messes,Crew Mess,Bulk Head PORT, ,STD,QRC
Islander,MARG-ISLA,MARG,ISLA,Mantis 1 x 2,A,Provisions,Butchers,Entrance, ,STD,QRC
Islander,MARG-ISLA,MARG,ISLA,GLU-15 (LED),A,Provisions,Corridor,ECR Entrance,Jan-24,LED,QRC
Islander,MARG-ISLA,MARG,ISLA,Mantis 1 x 2,A,Provisions,Buffet Preparation,Entrance, ,STD,QRC
Islander,MARG-ISLA,MARG,ISLA,Mantis 1 x 2,A,Provisions,Engine Control Rm,Pantry, ,STD,QRC
Islander,MARG-ISLA,MARG,ISLA,Mantis 1 x 2,B,Provisions,Bottle Store,Corridor Stairs 2.1, ,STD,QRC
Islander,MARG-ISLA,MARG,ISLA,Ecolab Uplighter,10,Restaurant,JWB Steak House,Pantry (Dish Wash), ,STD,QRC
Islander,MARG-ISLA,MARG,ISLA,Ecolab Uplighter,9,Restaurant,Port of Indecision,Restaurant PORT, ,STD,QRC
Islander,MARG-ISLA,MARG,ISLA,Ecolab Uplighter,9,Restaurant,Port of Indecision,Restaurant STBD, ,STD,QRC
Islander,MARG-ISLA,MARG,ISLA,Ecolab Uplighter,9,Restaurant,Buffet Line,Bulk Head STBD, ,STD,QRC
Islander,MARG-ISLA,MARG,ISLA,Ecolab Uplighter,9,Restaurant,Buffet Line,Bulk Head PORT, ,STD,QRC
Islander,MARG-ISLA,MARG,ISLA,Mantis 1 x 2,9,Restaurant,Buffet Line,Dish Wash FWD PORT, ,STD,QRC
Islander,MARG-ISLA,MARG,ISLA,Ecolab Uplighter,9,Restaurant,Buffet Line,Bulk Head AFT PORT, ,STD,QRC
Islander,MARG-ISLA,MARG,ISLA,Ecolab Uplighter,9,Restaurant,Coffee Shop,Coffee Line AFT STBD, ,STD,QRC
Islander,MARG-ISLA,MARG,ISLA,GLU-15 (LED),9,Restaurant,Lido Galley ,Bins (Corridor),Jan-24,LED,QRC
Islander,MARG-ISLA,MARG,ISLA,GLU-15 (LED),9,Restaurant,Lido Galley ,Dish Wash FWD PORT,Jan-24,LED,QRC
Islander,MARG-ISLA,MARG,ISLA,Vanquish (LED),9,Restaurant,Lido Galley ,Bulk Head MID PORT,Jan-24,LED,QRC
Islander,MARG-ISLA,MARG,ISLA,Mantis 1 x 2,9,Restaurant,Lido Buffet,Bulk Head MID STBD, ,STD,QRC
Islander,MARG-ISLA,MARG,ISLA,Vanquish (LED),9,Restaurant,Lido Buffet,Bulk Head FWD STBD,Jan-24,LED,QRC
Islander,MARG-ISLA,MARG,ISLA,Vanquish (LED),9,Restaurant,Lido Buffet,Bulk Head FWD PORT,Jan-24,LED,QRC
Islander,MARG-ISLA,MARG,ISLA,Mantis 1 x 2,3,Restaurant,Wine Store,Entrance, ,STD,QRC
Islander,MARG-ISLA,MARG,ISLA,Mantis 1 x 2,3,Restaurant,Islander Restaurant,Pantry PORT, ,STD,QRC
Islander,MARG-ISLA,MARG,ISLA,Mantis 1 x 2,3,Restaurant,Islander Restaurant,Pantry STBD, ,STD,QRC
Islander,MARG-ISLA,MARG,ISLA,Mantis 1 x 2,2,Restaurant,Lido Buffet,Restaurant Office, ,STD,QRC
Islander,MARG-ISLA,MARG,ISLA,Mantis 1 x 2,2,Restaurant,Fins Restaurant,Pantry STBD, ,STD,QRC
Islander,MARG-ISLA,MARG,ISLA,Mantis 1 x 2,2,Restaurant,Fins Restaurant,Pantry PORT, ,STD,QRC
Islander,MARG-ISLA,MARG,ISLA,Mantis 1 x 2,A,Restaurant,Crew Mess,Buffet Line, ,STD,QRC
Islander,MARG-ISLA,MARG,ISLA,Mantis 1 x 2,C,Housekeeping,Laundry,Mangano, ,STD,QRC
Islander,MARG-ISLA,MARG,ISLA,Mantis 1 x 2,C,Housekeeping,Laundry,Washing Machine #2, ,STD,QRC
Islander,MARG-ISLA,MARG,ISLA,Mantis 1 x 2,C,Housekeeping,Laundry,Sink, ,STD,QRC
Islander,MARG-ISLA,MARG,ISLA,Mantis 1 x 2,A,Deck,Recycling Centre,Entrance, ,STD,QRC
Islander,MARG-ISLA,MARG,ISLA,Mantis 1 x 2,A,Deck,Recycling Centre,Compactor, ,STD,QRC
Islander,MARG-ISLA,MARG,ISLA,Mantis 1 x 2,B,Deck,Recycling Centre,Incinerator Rm, ,STD,QRC
Islander,MARG-ISLA,MARG,ISLA,Mantis 1 x 2,A,Deck,Luggage Area,Luggage STBD, ,STD,QRC
Islander,MARG-ISLA,MARG,ISLA,Mantis 1 x 2,A,Deck,Luggage Area,Luggage PORT, ,STD,QRC
Islander,MARG-ISLA,MARG,ISLA,Mantis 1 x 2,A,Deck,Gym,Entrance, ,STD,QRC
Islander,MARG-ISLA,MARG,ISLA,Mantis 1 x 2,A,Deck,Crew Bar,Exit AFT, ,STD,QRC
Paradise,MARG-PARA,MARG,PARA,Mantis 1 x 2,10,Galley,Mini Galley,Pot Wash, ,STD,QRC
Paradise,MARG-PARA,MARG,PARA,Mantis 1 x 2,8,Galley,Main Galley,Entrance PORT, ,STD,QRC
Paradise,MARG-PARA,MARG,PARA,Mantis 1 x 2,7,Galley,Preparation Area,Elevator, ,STD,QRC
Paradise,MARG-PARA,MARG,PARA,Mantis 1 x 2,7,Galley,Preparation Area,Poultry Entrance (Opp.), ,STD,QRC
Paradise,MARG-PARA,MARG,PARA,Ecolab Uplighter,7,Galley,Preparation Area,Veg. Prep. Entrance, ,STD,QRC
Paradise,MARG-PARA,MARG,PARA,Mantis 1 x 2,4,Provisions,Crew Staircase,Staircase AFT, ,STD,QRC
Paradise,MARG-PARA,MARG,PARA,Mantis 1 x 2,3,Provisions,Loading Area,Elevator, ,STD,QRC
Paradise,MARG-PARA,MARG,PARA,Mantis 1 x 2,3,Provisions,Loading Area,PROVISION AREA STARBOARD SIDE, ,STD,QRC
Paradise,MARG-PARA,MARG,PARA,Mantis 1 x 2,3,Provisions,Staircase AFT,IPM Locker, ,STD,QRC
Paradise,MARG-PARA,MARG,PARA,Mantis Uplighter,7,Bars,Crew Bar,Entrance, ,STD,QRC
Paradise,MARG-PARA,MARG,PARA,Ecolab Uplighter,7,Bars,Crew Bar,INSIDE CREW BAR, ,STD,QRC
Paradise,MARG-PARA,MARG,PARA,Ecolab Uplighter,7,Bars,Crew Bar,INSIDE CREW BAR, ,STD,QRC
Paradise,MARG-PARA,MARG,PARA,Mantis Uplighter,7,Bars,Crew Bar,INSIDE CREW BAR, ,STD,QRC
Paradise,MARG-PARA,MARG,PARA,Mantis 1 x 2,10,Restaurant,Lido Buffet,Glass Door STBD, ,STD,QRC
Paradise,MARG-PARA,MARG,PARA,Mantis 1 x 2,10,Restaurant,Lido Buffet,Buffet Entrance, ,STD,QRC
Paradise,MARG-PARA,MARG,PARA,Mantis 1 x 2,10,Restaurant,Lido Buffet,Crew Staircase, ,STD,QRC
Paradise,MARG-PARA,MARG,PARA,Ecolab Uplighter,10,Restaurant,Lido Buffet,5 O'Clock Bar Entrance, ,STD,QRC
Paradise,MARG-PARA,MARG,PARA,Ecolab Uplighter,10,Restaurant,Lido Buffet,Grill Station Entrance, ,STD,QRC
Paradise,MARG-PARA,MARG,PARA,Mantis Uplighter,10,Restaurant,Lido Buffet,Beverage Station PORT, ,STD,QRC
Paradise,MARG-PARA,MARG,PARA,Mantis Uplighter,10,Restaurant,Lido Buffet,Restaurant Locker PORT, ,STD,QRC
Paradise,MARG-PARA,MARG,PARA,Mantis Uplighter,10,Restaurant,Lido Buffet,Ice Cream STBD, ,STD,QRC
Paradise,MARG-PARA,MARG,PARA,Mantis Uplighter,10,Restaurant,Lido Buffet,Restaurant Locker STBD, ,STD,QRC
Paradise,MARG-PARA,MARG,PARA,Mantis Uplighter,10,Restaurant,Lido Buffet,Toilet, ,STD,QRC
Paradise,MARG-PARA,MARG,PARA,Mantis 1 x 2,10,Restaurant,Lido Buffet,Dish Wash, ,STD,QRC
Paradise,MARG-PARA,MARG,PARA,Ecolab Uplighter,9,Restaurant,Pizzeria,Corner STBD, ,STD,QRC
Paradise,MARG-PARA,MARG,PARA,Mantis Uplighter,5,Restaurant,Room Service,Room Service Entrance, ,STD,QRC
Paradise,MARG-PARA,MARG,PARA,Mantis 1 x 2,5,Restaurant,Room Service,Pantry (Inside), ,STD,QRC
Paradise,MARG-PARA,MARG,PARA,Ecolab Uplighter,4,Restaurant,Crew Mess,Clock, ,STD,QRC
Paradise,MARG-PARA,MARG,PARA,Mantis 1 x 2,4,Restaurant,Crew Mess,Microwave, ,STD,QRC
Paradise,MARG-PARA,MARG,PARA,Mantis Uplighter,4,Restaurant,Staff Mess,Entrance, ,STD,QRC
Paradise,MARG-PARA,MARG,PARA,Ecolab Uplighter,4,Restaurant,Staff Mess,Vacant Room, ,STD,QRC
Paradise,MARG-PARA,MARG,PARA,Mantis 1 x 2,3,Housekeeping,Gangway STBD,Gangway FWD STBD, ,STD,QRC
Paradise,MARG-PARA,MARG,PARA,Mantis 1 x 2,3,Housekeeping,Shell Doors FWD,Housekeeping Office, ,STD,QRC
Paradise,MARG-PARA,MARG,PARA,Mantis 1 x 2,3,Deck,Marshalling Area,Can Compactor, ,STD,QRC
Paradise,MARG-PARA,MARG,PARA,Mantis 1 x 2,3,Deck,Marshalling Area,Marshalling Area STBD, ,STD,QRC
Paradise,MARG-PARA,MARG,PARA,Mantis 1 x 2,3,Deck,Recycling Centre,Food Waste Fridge, ,STD,QRC
Paradise,MARG-PARA,MARG,PARA,Bar 2 (20W),3,Deck,Recycling Centre,Pulper, ,STD,QRC
Paradise,MARG-PARA,MARG,PARA,Insettika Uplighter,3,Deck,Recycling Centre,Incinerator, ,STD,QRC
Paradise,MARG-PARA,MARG,PARA,Generic 1 Bar (15W),3,Deck,Hospital,Passenger Entrance PORT, ,STD,QRC
Paradise,MARG-PARA,MARG,PARA,Generic 1 Bar (15W),3,Deck,Hospital,Consultation Room STBD, ,STD,QRC
Paradise,MARG-PARA,MARG,PARA,Generic 1 Bar (15W),3,Deck,Hospital,Consultation Room PORT, ,STD,QRC
Paradise,MARG-PARA,MARG,PARA,Generic 1 Bar (15W),3,Deck,Hospital,Passenger Entrance STBD, ,STD,QRC
Paradise,MARG-PARA,MARG,PARA,Generic 1 Bar (15W),3,Deck,Hospital,Crew Entrance PORT, ,STD,QRC
Mitsui Ocean Fuji,MOLC-FUJI,MOLC,FUJI,Mantis 1 x 2,8,Galley,Pool Restaurant,Pantry PORT, ,STD,QRC
Mitsui Ocean Fuji,MOLC-FUJI,MOLC,FUJI,Mantis 1 x 2,8,Galley,Buffet Galley, Port Bulkhead, ,STD,QRC
Mitsui Ocean Fuji,MOLC-FUJI,MOLC,FUJI,Mantis 1 x 2,7,Galley,Ocean Sq. Pantry,Plate Wash, ,STD,QRC
Mitsui Ocean Fuji,MOLC-FUJI,MOLC,FUJI,Mantis 1 x 2,4,Galley,Main Galley,Entrance FWD STBD, ,STD,QRC
Mitsui Ocean Fuji,MOLC-FUJI,MOLC,FUJI,Mantis 1 x 2,4,Galley,Main Galley,Entrance AFT STBD, ,STD,QRC
Mitsui Ocean Fuji,MOLC-FUJI,MOLC,FUJI,Mantis 1 x 2,4,Galley,Main Galley,Wash Hand Basin AFT, ,STD,QRC
Mitsui Ocean Fuji,MOLC-FUJI,MOLC,FUJI,Mantis 1 x 2,4,Galley,Main Galley,Bulk Head FWD PORT, ,STD,QRC
Mitsui Ocean Fuji,MOLC-FUJI,MOLC,FUJI,Mantis 1 x 2,4,Galley,Main Galley,Door AFT PORT, ,STD,QRC
Mitsui Ocean Fuji,MOLC-FUJI,MOLC,FUJI,Mantis 1 x 2,3,Galley,Crew Galley,Plate Wash, ,STD,QRC
Mitsui Ocean Fuji,MOLC-FUJI,MOLC,FUJI,Mantis 1 x 2,3,Galley,Fish Prep Rm,Wash Hand Basin, ,STD,QRC
Mitsui Ocean Fuji,MOLC-FUJI,MOLC,FUJI,Mantis 1 x 2,3,Galley,Meat Prep Rm,Sink, ,STD,QRC
Mitsui Ocean Fuji,MOLC-FUJI,MOLC,FUJI,Mantis 1 x 2,3,Galley,Poultry Prep,Entrance, ,STD,QRC
Mitsui Ocean Fuji,MOLC-FUJI,MOLC,FUJI,Mantis 1 x 2,2,Galley,Veg Prep. Room,Entrance, ,STD,QRC
Mitsui Ocean Fuji,MOLC-FUJI,MOLC,FUJI,Mantis 1 x 2,2,Galley,Veg. Prep Corridor,Bulk Head AFT STBD, ,STD,QRC
Mitsui Ocean Fuji,MOLC-FUJI,MOLC,FUJI,Mantis 1 x 2,2,Galley,Veg. Prep Corridor,Bulk Head AFT PORT, ,STD,QRC
Mitsui Ocean Fuji,MOLC-FUJI,MOLC,FUJI,Ecolab Uplighter,3,Messes,Crew Mess,Plate Scrape, ,STD,QRC
Mitsui Ocean Fuji,MOLC-FUJI,MOLC,FUJI,Ecolab Uplighter,3,Messes,Crew Mess,Entrance AFT, ,STD,QRC
Mitsui Ocean Fuji,MOLC-FUJI,MOLC,FUJI,Mantis 1 x 2,3,Provisions,Loading Area,Door AFT PORT, ,STD,QRC
Mitsui Ocean Fuji,MOLC-FUJI,MOLC,FUJI,Mantis 1 x 2,3,Provisions,Corridor,Provision Office, ,STD,QRC
Mitsui Ocean Fuji,MOLC-FUJI,MOLC,FUJI,Mantis 1 x 2,3,Provisions,Corridor,Technical Store, ,STD,QRC
Mitsui Ocean Fuji,MOLC-FUJI,MOLC,FUJI,Mantis 1 x 2,3,Provisions,Corridor,Box STBD, ,STD,QRC
Mitsui Ocean Fuji,MOLC-FUJI,MOLC,FUJI,Mantis 1 x 2,10,Bars,Observation Bar,Pantry, ,STD,QRC
Mitsui Ocean Fuji,MOLC-FUJI,MOLC,FUJI,Mantis 1 x 2,8,Bars,Kosan Bar,Pantry, ,STD,QRC
Mitsui Ocean Fuji,MOLC-FUJI,MOLC,FUJI,Mantis 1 x 2,6,Bars,Ocean Stage,Pantry, ,STD,QRC
Mitsui Ocean Fuji,MOLC-FUJI,MOLC,FUJI,Mantis 1 x 2,5,Bars,Ocean Club,Pantry, ,STD,QRC
Mitsui Ocean Fuji,MOLC-FUJI,MOLC,FUJI,Mantis 1 x 2,3,Bars,Crew Bar,Bulk Head STBD, ,STD,QRC
Mitsui Ocean Fuji,MOLC-FUJI,MOLC,FUJI,Ecolab Uplighter,8,Restaurant,Hachiyo Buffet,Bulk Head FWD, ,STD,QRC
Mitsui Ocean Fuji,MOLC-FUJI,MOLC,FUJI,Ecolab Uplighter,8,Restaurant,Hachiyo Buffet,Bulk Head AFT, ,STD,QRC
Mitsui Ocean Fuji,MOLC-FUJI,MOLC,FUJI,Ecolab Uplighter,4,Restaurant,Main Restaurant,Galley Entrance FWD STBD, ,STD,QRC
Mitsui Ocean Fuji,MOLC-FUJI,MOLC,FUJI,Ecolab Uplighter,4,Restaurant,Main Restaurant,Central Entrance STBD, ,STD,QRC
Mitsui Ocean Fuji,MOLC-FUJI,MOLC,FUJI,Ecolab Uplighter,4,Restaurant,Main Restaurant,Fire Locker AFT STBD, ,STD,QRC
Mitsui Ocean Fuji,MOLC-FUJI,MOLC,FUJI,Ecolab Uplighter,4,Restaurant,Main Restaurant,Fire Locker AFT PORT, ,STD,QRC
Mitsui Ocean Fuji,MOLC-FUJI,MOLC,FUJI,Ecolab Uplighter,4,Restaurant,Main Restaurant,Central Entrance PORT, ,STD,QRC
Mitsui Ocean Fuji,MOLC-FUJI,MOLC,FUJI,Ecolab Uplighter,4,Restaurant,Main Restaurant,Galley Entrance FWD PORT, ,STD,QRC
Mitsui Ocean Fuji,MOLC-FUJI,MOLC,FUJI,Mantis 1 x 2,3,Garbage,Recycling Centre,Densifier, ,STD,QRC
Mitsui Ocean Fuji,MOLC-FUJI,MOLC,FUJI,Mantis 1 x 2,3,Garbage,Recycling Centre,Biodigester, ,STD,QRC
Mitsui Ocean Fuji,MOLC-FUJI,MOLC,FUJI,Mantis 1 x 2,10,Housekeeping,Housekeeping Pantry,Towel Dispenser, ,STD,QRC
Mitsui Ocean Fuji,MOLC-FUJI,MOLC,FUJI,Mantis 1 x 2,7,Housekeeping,Housekeeping Pantry,Wash Hand Basin, ,STD,QRC
Mitsui Ocean Fuji,MOLC-FUJI,MOLC,FUJI,Mantis 1 x 2,6,Housekeeping,Housekeeping Pantry,Wash Hand Basin, ,STD,QRC
Mitsui Ocean Fuji,MOLC-FUJI,MOLC,FUJI,Mantis 1 x 2,4,Housekeeping,Housekeeping Pantry,Towel Dispenser, ,STD,QRC
MSC Armonia,MSCX-ARMO,MSCX,ARMO,GLU-60,4,Galley,Butchers,Preparation Room, ,STD,QRC
MSC Armonia,MSCX-ARMO,MSCX,ARMO,GLU-60,4,Messes,Crew Mess,Television FWD, ,STD,QRC
MSC Armonia,MSCX-ARMO,MSCX,ARMO,GLU-60,4,Messes,Crew Mess,Television AFT, ,STD,QRC
MSC Armonia,MSCX-ARMO,MSCX,ARMO,GLU-60,4,Messes,Crew Mess,Entrance, ,STD,QRC
MSC Armonia,MSCX-ARMO,MSCX,ARMO,GLU-60,4,Messes,Crew Mess,Clock MID, ,STD,QRC
MSC Armonia,MSCX-ARMO,MSCX,ARMO,GLU-60,4,Messes,Crew Mess,Clock MID, ,STD,QRC
MSC Armonia,MSCX-ARMO,MSCX,ARMO,GLU-60,4,Messes,Officer Mess,Entrance, ,STD,QRC
MSC Armonia,MSCX-ARMO,MSCX,ARMO,GLU-60,4,Messes,PO Mess,Clock, ,STD,QRC
MSC Armonia,MSCX-ARMO,MSCX,ARMO,GLU-60,4,Messes,PO/Off Scullery,Bins, ,STD,QRC
MSC Armonia,MSCX-ARMO,MSCX,ARMO,GLU-90,4,Provisions,Loading area ,Scissors Lift, ,STD,QRC
MSC Armonia,MSCX-ARMO,MSCX,ARMO,GLU-60,4,Provisions,Loading area,Crew Stairs No.9, ,STD,QRC
MSC Armonia,MSCX-ARMO,MSCX,ARMO,GLU-90,4,Provisions,Loading area,Shell Door PORT, ,STD,QRC
MSC Armonia,MSCX-ARMO,MSCX,ARMO,GLU-90,3,Provisions,Loading area,Crew Service Elevator AFT, ,STD,QRC
MSC Armonia,MSCX-ARMO,MSCX,ARMO,GLU-90,3,Provisions,Loading Corridor ,Water Tight Door 309, ,STD,QRC
MSC Armonia,MSCX-ARMO,MSCX,ARMO,GLU-90,4,Provisions,Loading Area,Platform Lift, ,STD,QRC
MSC Armonia,MSCX-ARMO,MSCX,ARMO,GLU-90,4,Provisions,Loading Area,Shell Door 409 RHS STBD, ,STD,QRC
MSC Armonia,MSCX-ARMO,MSCX,ARMO,GLU-60,4,Bars,Crew Bar,Entrance, ,STD,QRC
MSC Armonia,MSCX-ARMO,MSCX,ARMO,GLU-60,11,Restaurant,Buffet,Entrance PORT (Dumb waiter), ,STD,QRC
MSC Armonia,MSCX-ARMO,MSCX,ARMO,GLU-60,11,Restaurant,Buffet,Pastry (Bar POS), ,STD,QRC
MSC Armonia,MSCX-ARMO,MSCX,ARMO,GLU-60,11,Restaurant,Buffet,Pastry (Fire Locker) , ,STD,QRC
MSC Armonia,MSCX-ARMO,MSCX,ARMO,GLU-60,11,Restaurant,Buffet,Entrance STBD (Dumb Waiter), ,STD,QRC
MSC Armonia,MSCX-ARMO,MSCX,ARMO,GLU-60,11,Restaurant,Buffet,Entrance PORT, ,STD,QRC
MSC Armonia,MSCX-ARMO,MSCX,ARMO,GLU-60,11,Restaurant,Buffet,Entrance STBD, ,STD,QRC
MSC Armonia,MSCX-ARMO,MSCX,ARMO,GLU-90,4,Garbage,Garbage Room,Can Crusher, ,STD,QRC
MSC Armonia,MSCX-ARMO,MSCX,ARMO,GLU-90,4,Garbage,Garbage Room,Entrance, ,STD,QRC
MSC Armonia,MSCX-ARMO,MSCX,ARMO,GLU-90,4,Garbage,Garbage Room,Sorting Room, ,STD,QRC
MSC Armonia,MSCX-ARMO,MSCX,ARMO,GLU-90,4,Garbage,Garbage Room,Incinerator 2, ,STD,QRC
MSC Armonia,MSCX-ARMO,MSCX,ARMO,Fusion 4,4,Housekeeping,Main Crew Corridors,Plumber Workshops, ,STD,QRC
MSC Armonia,MSCX-ARMO,MSCX,ARMO,Fusion 4,4,Housekeeping,Main Crew Corridors,Crew Elevator FWD, ,STD,QRC
MSC Armonia,MSCX-ARMO,MSCX,ARMO,Fusion 4,4,Housekeeping,Main Crew Corridors,Luggage Room Door FWD PORT, ,STD,QRC
MSC Armonia,MSCX-ARMO,MSCX,ARMO,Fusion 4,4,Housekeeping,Main Crew Corridors,HK Office (near FD04314), ,STD,QRC
MSC Armonia,MSCX-ARMO,MSCX,ARMO,Fusion 4,4,Housekeeping,Main Crew Corridors,Crew Stairs F, ,STD,QRC
MSC Armonia,MSCX-ARMO,MSCX,ARMO,Fusion 4,4,Housekeeping,Main Crew Corridors,Crew Stairs 6 MVZ 8, ,STD,QRC
MSC Armonia,MSCX-ARMO,MSCX,ARMO,Fusion 4,4,Housekeeping,Main Crew Corridors,Crew Mess (Opp), ,STD,QRC
MSC Armonia,MSCX-ARMO,MSCX,ARMO,Fusion 4,4,Housekeeping,Main Crew Corridors,Cold Room 0609 AFT, ,STD,QRC
MSC Bellissima,MSCX-BELL,MSCX,BELL,GLU-60,19,Galley,One Pool,Pantry, ,STD,QRC
MSC Bellissima,MSCX-BELL,MSCX,BELL,GLU-60,18,Galley,Yacht Club Galley,Bins, ,STD,QRC
MSC Bellissima,MSCX-BELL,MSCX,BELL,GLU-60,15,Galley,Buffet Galley,Bins, ,STD,QRC
MSC Bellissima,MSCX-BELL,MSCX,BELL,GLU-60,15,Galley,Buffet Galley,Chiller (Bins), ,STD,QRC
MSC Bellissima,MSCX-BELL,MSCX,BELL,GLU-60,15,Galley,Buffet Hot Section,Wash Hand Basin (Bins), ,STD,QRC
MSC Bellissima,MSCX-BELL,MSCX,BELL,GLU-60,15,Galley,Plate Wash STBD,Bins, ,STD,QRC
MSC Bellissima,MSCX-BELL,MSCX,BELL,GLU-60,15,Galley,Plate Wash PORT,Plate Wash (Bins), ,STD,QRC
MSC Bellissima,MSCX-BELL,MSCX,BELL,MSC White Uplighter,15,Galley,Buffet Galley,Telephone 3560, ,STD,QRC
MSC Bellissima,MSCX-BELL,MSCX,BELL,GLU-60,15,Galley,Pot Wash,Bins (Tel 2592), ,STD,QRC
MSC Bellissima,MSCX-BELL,MSCX,BELL,GLU-60,6,Galley,Upper Galley STBD,Beverage Station, ,STD,QRC
MSC Bellissima,MSCX-BELL,MSCX,BELL,GLU-60,6,Galley,Upper Galley PORT,Beverage Station, ,STD,QRC
MSC Bellissima,MSCX-BELL,MSCX,BELL,GLU-60,6,Galley,Upper Galley,Wine Cellar (Opposite), ,STD,QRC
MSC Bellissima,MSCX-BELL,MSCX,BELL,GLU-60,6,Galley,Upper Galley,Crew Corridor PORT, ,STD,QRC
MSC Bellissima,MSCX-BELL,MSCX,BELL,GLU-60,5,Galley,Main Galley,Hot Section (Svc Line), ,STD,QRC
MSC Bellissima,MSCX-BELL,MSCX,BELL,GLU-60,5,Galley,Main Galley,Pastry (Escalator), ,STD,QRC
MSC Bellissima,MSCX-BELL,MSCX,BELL,GLU-60,5,Galley,Main Galley,Ice Cream (Chemical Locker), ,STD,QRC
MSC Bellissima,MSCX-BELL,MSCX,BELL,GLU-60,5,Galley,Main Galley,Cold Galley (CO2 Alarm), ,STD,QRC
MSC Bellissima,MSCX-BELL,MSCX,BELL,GLU-60,5,Galley,Main Galley,Garde Manger (RHS TV), ,STD,QRC
MSC Bellissima,MSCX-BELL,MSCX,BELL,MSC White Uplighter,3,Galley,Main Galley,Fruit & Veg Preparation), ,STD,QRC
MSC Bellissima,MSCX-BELL,MSCX,BELL,GLU-60,4,Messes,Street Food Market,Plate Scrape Bins, ,STD,QRC
MSC Bellissima,MSCX-BELL,MSCX,BELL,GLU-60,4,Messes,Street Food Market,NEC Wi-Fi, ,STD,QRC
MSC Bellissima,MSCX-BELL,MSCX,BELL,GLU-60,4,Messes,Street Food Market,Port Hole 1 & 2, ,STD,QRC
MSC Bellissima,MSCX-BELL,MSCX,BELL,GLU-60,4,Messes,Street Food Market,Large Wash Hand Basin, ,STD,QRC
MSC Bellissima,MSCX-BELL,MSCX,BELL,GLU-60,4,Messes,Street Food Market,Port Hole 5, ,STD,QRC
MSC Bellissima,MSCX-BELL,MSCX,BELL,GLU-60,4,Messes,Mediteranean,Port Hole 1 & 2, ,STD,QRC
MSC Bellissima,MSCX-BELL,MSCX,BELL,GLU-60,4,Messes,Mediteranean,Clock, ,STD,QRC
MSC Bellissima,MSCX-BELL,MSCX,BELL,GLU-60,4,Messes,Mediteranean,Plate Wash Corridor, ,STD,QRC
MSC Bellissima,MSCX-BELL,MSCX,BELL,GLU-60,4,Messes,Mediteranean,Vending Machine, ,STD,QRC
MSC Bellissima,MSCX-BELL,MSCX,BELL,GLU-60,4,Messes,Mediteranean,Port Hole 5, ,STD,QRC
MSC Bellissima,MSCX-BELL,MSCX,BELL,GLU-60,4,Messes,Plate House - Med,Wash Hand Basin, ,STD,QRC
MSC Bellissima,MSCX-BELL,MSCX,BELL,GLU-60,4,Messes,Plate House - Int,Wash Hand Basin, ,STD,QRC
MSC Bellissima,MSCX-BELL,MSCX,BELL,GLU-60,4,Messes,International M3,Port Hole 1, ,STD,QRC
MSC Bellissima,MSCX-BELL,MSCX,BELL,GLU-60,4,Messes,International M3,Port Hole 3 & 4, ,STD,QRC
MSC Bellissima,MSCX-BELL,MSCX,BELL,GLU-60,4,Messes,International M3,Port Hole 6 & 7, ,STD,QRC
MSC Bellissima,MSCX-BELL,MSCX,BELL,GLU-60,4,Messes,International M3,Television (Door), ,STD,QRC
MSC Bellissima,MSCX-BELL,MSCX,BELL,Fly Shield 2,15,Buffet,ST1 Kids & Outside PORT,Men's Toilet, ,STD,QRC
MSC Bellissima,MSCX-BELL,MSCX,BELL,Fly Shield 2,15,Buffet,ST1 Kids & Outside PORT,Servery Bulkhead, ,STD,QRC
MSC Bellissima,MSCX-BELL,MSCX,BELL,Fly Shield 1,15,Buffet,ST1 Kids & Outside PORT,Dirty Station (Exit 1144), ,STD,QRC
MSC Bellissima,MSCX-BELL,MSCX,BELL,Fly Shield 2,15,Buffet,ST2 Kids & Outside PORT,Dirty Station (Exit 1148), ,STD,QRC
MSC Bellissima,MSCX-BELL,MSCX,BELL,Fly Shield 2,15,Buffet,ST2 Kids & Outside PORT,Fire Point 513.064, ,STD,QRC
MSC Bellissima,MSCX-BELL,MSCX,BELL,Fly Shield 2,15,Buffet,ST3 Wellness,White column (Seating side), ,STD,QRC
MSC Bellissima,MSCX-BELL,MSCX,BELL,Fly Shield 2,15,Buffet,ST3 Wellness,White column (Entrance side), ,STD,QRC
MSC Bellissima,MSCX-BELL,MSCX,BELL,Fly Shield 2,15,Buffet,ST4 FWD PORT,Cold Cuts, ,STD,QRC
MSC Bellissima,MSCX-BELL,MSCX,BELL,Fly Shield 2,15,Buffet,ST5 FWD PORT,Desserts, ,STD,QRC
MSC Bellissima,MSCX-BELL,MSCX,BELL,Fly Shield 2,15,Buffet,ST6 AFT PORT,Crew Door 1354, ,STD,QRC
MSC Bellissima,MSCX-BELL,MSCX,BELL,Fly Shield 2,15,Buffet,ST6 AFT PORT,Dirty Station, ,STD,QRC
MSC Bellissima,MSCX-BELL,MSCX,BELL,Fly Shield 2,15,Buffet,ST6 AFT PORT,Breakfast/Grill, ,STD,QRC
MSC Bellissima,MSCX-BELL,MSCX,BELL,Fly Shield 2,15,Buffet,ST7 AFT,Men's Toilet Sign, ,STD,QRC
MSC Bellissima,MSCX-BELL,MSCX,BELL,Fly Shield 2,15,Buffet,ST9 AFT STBD,Dirty Station, ,STD,QRC
MSC Bellissima,MSCX-BELL,MSCX,BELL,Fly Shield 2,15,Buffet,ST9 AFT STBD,Pizza/Bakery, ,STD,QRC
MSC Bellissima,MSCX-BELL,MSCX,BELL,Fly Shield 2,15,Buffet,ST9 AFT STBD,Veg Counter (Door 9142), ,STD,QRC
MSC Bellissima,MSCX-BELL,MSCX,BELL,Fly Shield 2,15,Buffet,ST9 AFT STBD,Crew Door 1360, ,STD,QRC
MSC Bellissima,MSCX-BELL,MSCX,BELL,Fly Shield 2,15,Buffet,ST10 AFT STBD,Desserts (CO2 Alarm), ,STD,QRC
MSC Bellissima,MSCX-BELL,MSCX,BELL,Fly Shield 2,15,Buffet,ST10 FWD STBD,Desserts Column LHS, ,STD,QRC
MSC Bellissima,MSCX-BELL,MSCX,BELL,Fly Shield 2,15,Buffet,ST11 FWD STBD,Grill, ,STD,QRC
MSC Bellissima,MSCX-BELL,MSCX,BELL,Fly Shield 2,15,Buffet,ST11 Grill Area,Alarm 15-603, ,STD,QRC
MSC Bellissima,MSCX-BELL,MSCX,BELL,Fly Shield 2,15,Buffet,ST12 Bar,Seating side (Column), ,STD,QRC
MSC Bellissima,MSCX-BELL,MSCX,BELL,Fly Shield 2,15,Buffet,ST12 Bar,Entrance side (Column), ,STD,QRC
MSC Bellissima,MSCX-BELL,MSCX,BELL,Fly Shield 2,15,Buffet,ST13 Hot Pot,Entrance , ,STD,QRC
MSC Bellissima,MSCX-BELL,MSCX,BELL,Fly Shield 2,15,Buffet,ST13 Hot Pot,Crew Door 1150, ,STD,QRC
MSC Bellissima,MSCX-BELL,MSCX,BELL,Fly Shield 2,15,Buffet,ST14 Hot Pot,Woman Toilet Sign, ,STD,QRC
MSC Bellissima,MSCX-BELL,MSCX,BELL,Fusion 4,4,Provisions,Loading Area,Shell Door STBD, ,STD,QRC
MSC Bellissima,MSCX-BELL,MSCX,BELL,Fusion 4,4,Provisions,Loading Area,Beverage Store, ,STD,QRC
MSC Bellissima,MSCX-BELL,MSCX,BELL,Fusion 4,4,Provisions,Loading Area,Shell Door PORT, ,STD,QRC
MSC Bellissima,MSCX-BELL,MSCX,BELL,Fusion 4,4,Provisions,Provision Lift Area,Provision Lift, ,STD,QRC
MSC Bellissima,MSCX-BELL,MSCX,BELL,GLU-60,4,Provisions,Provision Lift Area,Human Resources Point, ,STD,QRC
MSC Bellissima,MSCX-BELL,MSCX,BELL,GLU-60,3,Provisions,Corridor (Stairs),NEC Wi-Fi, ,STD,QRC
MSC Bellissima,MSCX-BELL,MSCX,BELL,Fusion 4,3,Provisions,Corridor (Stairs),Red Wine, ,STD,QRC
MSC Bellissima,MSCX-BELL,MSCX,BELL,Fusion 4,3,Provisions,Preparation Corridor,Water Fountain, ,STD,QRC
MSC Bellissima,MSCX-BELL,MSCX,BELL,GLU-60,8,Bars,Crew Disco,Bar Area, ,STD,QRC
MSC Bellissima,MSCX-BELL,MSCX,BELL,GLU-60,8,Bars,Crew Disco,Games Room, ,STD,QRC
MSC Bellissima,MSCX-BELL,MSCX,BELL,GLU-60,4,Bars,Crew Bar,Picture, ,STD,QRC
MSC Bellissima,MSCX-BELL,MSCX,BELL,GLU-60,4,Bars,Crew Bar,Port Hole 3, ,STD,QRC
MSC Bellissima,MSCX-BELL,MSCX,BELL,GLU-60,4,Garbage,Sorting Room,Bins, ,STD,QRC
MSC Bellissima,MSCX-BELL,MSCX,BELL,GLU-60,4,Garbage,Main Garbage,Silo B, ,STD,QRC
MSC Bellissima,MSCX-BELL,MSCX,BELL,GLU-60,4,Garbage,Main Garbage,Hoist Control, ,STD,QRC
MSC Bellissima,MSCX-BELL,MSCX,BELL,Fusion 4,4,Housekeeping,Crew Corridor,Provision Office, ,STD,QRC
MSC Bellissima,MSCX-BELL,MSCX,BELL,Fusion 4,4,Housekeeping,Crew Corridor,Ships Plans (Opp Fire Station), ,STD,QRC
MSC Bellissima,MSCX-BELL,MSCX,BELL,Fusion 4,4,Housekeeping,Crew Corridor,Stairway H, ,STD,QRC
MSC Bellissima,MSCX-BELL,MSCX,BELL,Fusion 4,4,Housekeeping,Crew Corridor,Stairway 3, ,STD,QRC
MSC Bellissima,MSCX-BELL,MSCX,BELL,Fusion 4,4,Housekeeping,Crew Corridor,Telephone 3543, ,STD,QRC
MSC Bellissima,MSCX-BELL,MSCX,BELL,Fusion 4,4,Housekeeping,Crew Corridor,Print Shop (Opposite), ,STD,QRC
MSC Bellissima,MSCX-BELL,MSCX,BELL,Fusion 4,4,Housekeeping,Pax Gangway FWD STBD,Switch, ,STD,QRC
MSC Bellissima,MSCX-BELL,MSCX,BELL,Fusion 4,4,Housekeeping,Pax Gangway FWD POR,Telephone 2385, ,STD,QRC
MSC Bellissima,MSCX-BELL,MSCX,BELL,Fusion 4,4,Housekeeping,Crew Gangway STBD,Human Resources Point, ,STD,QRC
MSC Bellissima,MSCX-BELL,MSCX,BELL,Fusion 4,4,Housekeeping,Pax Gangway MID PORT,Telephone 2388, ,STD,QRC
MSC Bellissima,MSCX-BELL,MSCX,BELL,Fusion 4,4,Housekeeping,Pax Gangway MID STBD,Telephone 2387, ,STD,QRC
MSC Bellissima,MSCX-BELL,MSCX,BELL,Fusion 4,4,Housekeeping,Crew Gangway MID PORT,Telephone 3530, ,STD,QRC
MSC Bellissima,MSCX-BELL,MSCX,BELL,Fusion 4,4,Housekeeping,Crew Gangway MID STBD,Escape Hatch, ,STD,QRC
MSC Divina,MSCX-DIVI,MSCX,DIVI,GLU-60,16,Galley,Yatch Club Galley,Entrance, ,STD,QRC
MSC Divina,MSCX-DIVI,MSCX,DIVI,GLU-60,15,Galley,Lemuse Galley,Entrance, ,STD,QRC
MSC Divina,MSCX-DIVI,MSCX,DIVI,GLU-60,14,Galley,Cafeteria Galley,Toilet 1331, ,STD,QRC
MSC Divina,MSCX-DIVI,MSCX,DIVI,GLU-60,6,Galley,Main Galley,Fire Point 705115, ,STD,QRC
MSC Divina,MSCX-DIVI,MSCX,DIVI,GLU-60,6,Galley,Main Galley,Pantry AFT (Chiller), ,STD,QRC
MSC Divina,MSCX-DIVI,MSCX,DIVI,GLU-60,6,Galley,Gardemanger,Wash Hand Basin, ,STD,QRC
MSC Divina,MSCX-DIVI,MSCX,DIVI,GLU-60,6,Galley,Main Galley,Television, ,STD,QRC
MSC Divina,MSCX-DIVI,MSCX,DIVI,GLU-60,6,Galley,Dish Wash,Telephone 2273, ,STD,QRC
MSC Divina,MSCX-DIVI,MSCX,DIVI,GLU-60,6,Galley,Dish Wash,Red Co2 Alarm x2, ,STD,QRC
MSC Divina,MSCX-DIVI,MSCX,DIVI,GLU-60,5,Galley,Garde Manger,Entrance, ,STD,QRC
MSC Divina,MSCX-DIVI,MSCX,DIVI,GLU-60,5,Galley,Pastry,Hi-Fog CRV457-01, ,STD,QRC
MSC Divina,MSCX-DIVI,MSCX,DIVI,GLU-60,5,Galley,Main Galley,Television, ,STD,QRC
MSC Divina,MSCX-DIVI,MSCX,DIVI,GLU-60,5,Galley,Main Galley,Telephone 2672, ,STD,QRC
MSC Divina,MSCX-DIVI,MSCX,DIVI,GLU-60,5,Galley,Dish Wash,Fire Point 704016, ,STD,QRC
MSC Divina,MSCX-DIVI,MSCX,DIVI,GLU-60,5,Galley,Room Service,Telephone 2674, ,STD,QRC
MSC Divina,MSCX-DIVI,MSCX,DIVI,GLU-60,5,Galley,Pastry,Wash Hand Basin, ,STD,QRC
MSC Divina,MSCX-DIVI,MSCX,DIVI,GLU-60,5,Galley,Pastry,Chiller (End), ,STD,QRC
MSC Divina,MSCX-DIVI,MSCX,DIVI,GLU-60,5,Galley,Bakery,Telephone 2677, ,STD,QRC
MSC Divina,MSCX-DIVI,MSCX,DIVI,GLU-60,5,Galley,Bakery,Bin (Elec FV831), ,STD,QRC
MSC Divina,MSCX-DIVI,MSCX,DIVI,GLU-60,5,Galley,Bakery,Entrance, ,STD,QRC
MSC Divina,MSCX-DIVI,MSCX,DIVI,GLU-60,5,Galley,Butcher,Entrance, ,STD,QRC
MSC Divina,MSCX-DIVI,MSCX,DIVI,GLU-60,5,Galley,Main Galley PORT,Entrance, ,STD,QRC
MSC Divina,MSCX-DIVI,MSCX,DIVI,MSC Convex,4,Messes,Officer Mess,Entrance, ,STD,QRC
MSC Divina,MSCX-DIVI,MSCX,DIVI,MSC Convex,4,Messes,Officer Mess,Port Hole 2, ,STD,QRC
MSC Divina,MSCX-DIVI,MSCX,DIVI,MSC Convex,4,Messes,Staff Mess,Plate Scrape Counter, ,STD,QRC
MSC Divina,MSCX-DIVI,MSCX,DIVI,MSC Convex,4,Messes,Staff Mess,Pictures (Face & Funny Head), ,STD,QRC
MSC Divina,MSCX-DIVI,MSCX,DIVI,MSC Convex,4,Messes,Petty Officer Mess,Plate Scrape, ,STD,QRC
MSC Divina,MSCX-DIVI,MSCX,DIVI,MSC Convex,4,Messes,Petty Officer Mess,Port Hole 2, ,STD,QRC
MSC Divina,MSCX-DIVI,MSCX,DIVI,GLU-60,4,Messes,Crew Mess (Large),Plate Scrape, ,STD,QRC
MSC Divina,MSCX-DIVI,MSCX,DIVI,GLU-60,4,Messes,Crew Mess (Large),Television, ,STD,QRC
MSC Divina,MSCX-DIVI,MSCX,DIVI,GLU-60,4,Messes,Crew Mess (Large),Port Hole 1 & 2, ,STD,QRC
MSC Divina,MSCX-DIVI,MSCX,DIVI,GLU-60,4,Messes,Crew Mess (Large),Port Hole 5, ,STD,QRC
MSC Divina,MSCX-DIVI,MSCX,DIVI,GLU-60,4,Messes,Crew Mess (Small),Clock, ,STD,QRC
MSC Divina,MSCX-DIVI,MSCX,DIVI,GLU-60,4,Messes,Crew Mess (Small),Port Hole 3, ,STD,QRC
MSC Divina,MSCX-DIVI,MSCX,DIVI,GLU-60,4,Messes,Crew Mess (Small),Muster list, ,STD,QRC
MSC Divina,MSCX-DIVI,MSCX,DIVI,Fusion 4,4,Provisions,Loading Area STBD,Shell Door, ,STD,QRC
MSC Divina,MSCX-DIVI,MSCX,DIVI,Fusion 4,4,Provisions,Provision Corridor,Fire Point 803044, ,STD,QRC
MSC Divina,MSCX-DIVI,MSCX,DIVI,Fusion 4,4,Provisions,Provision Corridor,Steering Gear Door 332, ,STD,QRC
MSC Divina,MSCX-DIVI,MSCX,DIVI,Fusion 4,4,Provisions,Loading Area,4th Elevator, ,STD,QRC
MSC Divina,MSCX-DIVI,MSCX,DIVI,Fusion 4,4,Provisions,Loading Area PORT,Shell Door, ,STD,QRC
MSC Divina,MSCX-DIVI,MSCX,DIVI,Fusion 4,4,Provisions,Provision Corridor,Fruit & Veg Prep (Outside), ,STD,QRC
MSC Divina,MSCX-DIVI,MSCX,DIVI,Fusion 4,4,Provisions,Loading Area STBD,CCTV, ,STD,QRC
MSC Divina,MSCX-DIVI,MSCX,DIVI,GLU-60,3,Provisions,Loading Area,Electrical Sub-station 672, ,STD,QRC
MSC Divina,MSCX-DIVI,MSCX,DIVI,GLU-60,3,Provisions,Corridor,Fire Door (Crew Stairs 29), ,STD,QRC
MSC Divina,MSCX-DIVI,MSCX,DIVI,GLU-60,3,Provisions,Corridor,Ice Cream Freezer, ,STD,QRC
MSC Divina,MSCX-DIVI,MSCX,DIVI,Fly Shield 2,14,Restaurant,Callumet Buffet,Dirty Station PORT AFT, ,STD,QRC
MSC Divina,MSCX-DIVI,MSCX,DIVI,MSC Convex,14,Restaurant,Callumet Buffet,Children's Corner PORT, ,STD,QRC
MSC Divina,MSCX-DIVI,MSCX,DIVI,MSC Convex,14,Restaurant,Callumet Buffet,Daily Special PORT, ,STD,QRC
MSC Divina,MSCX-DIVI,MSCX,DIVI,MSC Convex,14,Restaurant,Callumet Buffet,Carving Station PORT, ,STD,QRC
MSC Divina,MSCX-DIVI,MSCX,DIVI,Fly Shield 2,14,Restaurant,Callumet Buffet,Fruit Station PORT, ,STD,QRC
MSC Divina,MSCX-DIVI,MSCX,DIVI,Fly Shield 2,14,Restaurant,Callumet Buffet,Dirty Station FWD PORT, ,STD,QRC
MSC Divina,MSCX-DIVI,MSCX,DIVI,Fly Shield 2,14,Restaurant,Callumet Buffet,Coffee Station, ,STD,QRC
MSC Divina,MSCX-DIVI,MSCX,DIVI,Fly Shield 2,14,Restaurant,Callumet Buffet,Dirty Station FWD STBD, ,STD,QRC
MSC Divina,MSCX-DIVI,MSCX,DIVI,Fly Shield 2,14,Restaurant,Callumet Buffet,Fruit Station STBD, ,STD,QRC
MSC Divina,MSCX-DIVI,MSCX,DIVI,MSC Convex,14,Restaurant,Callumet Buffet,Carving Station STBD, ,STD,QRC
MSC Divina,MSCX-DIVI,MSCX,DIVI,MSC Convex,14,Restaurant,Callumet Buffet,Daily Special STBD, ,STD,QRC
MSC Divina,MSCX-DIVI,MSCX,DIVI,MSC Convex,14,Restaurant,Callumet Buffet,Ethnic Corner STBD, ,STD,QRC
MSC Divina,MSCX-DIVI,MSCX,DIVI,Fly Shield 2,14,Restaurant,Callumet Buffet,Dirty Station AFT STBD, ,STD,QRC
MSC Divina,MSCX-DIVI,MSCX,DIVI,MSC Convex,4,Bars,Crew Bars,Sammontana Sign, ,STD,QRC
MSC Divina,MSCX-DIVI,MSCX,DIVI,GLU-60,4,Garbage,Sorting Room,Pink Bins, ,STD,QRC
MSC Divina,MSCX-DIVI,MSCX,DIVI,GLU-60,4,Garbage,Main Garbage,Telephone 2540, ,STD,QRC
MSC Divina,MSCX-DIVI,MSCX,DIVI,GLU-90,4,Garbage,Main Garbage,Deck Vent, ,STD,QRC
MSC Divina,MSCX-DIVI,MSCX,DIVI,GLU-60,4,Garbage,Main Garbage,Compactor Machine, ,STD,QRC
MSC Divina,MSCX-DIVI,MSCX,DIVI,GLU-90,4,Garbage,Main Garbage,Densifier, ,STD,QRC
MSC Divina,MSCX-DIVI,MSCX,DIVI,Fusion 4,4,Housekeeping,Crew Corridor FWD,Crew Shop, ,STD,QRC
MSC Divina,MSCX-DIVI,MSCX,DIVI,GLU-60,4,Housekeeping,Crew Corridor FWD,Fire Point 206030, ,STD,QRC
MSC Divina,MSCX-DIVI,MSCX,DIVI,Fusion 4,4,Housekeeping,Crew Corridor FWD,Smile Mirror, ,STD,QRC
MSC Divina,MSCX-DIVI,MSCX,DIVI,Fusion 4,4,Housekeeping,Crew Corridor FWD,Fire Door 2163, ,STD,QRC
MSC Divina,MSCX-DIVI,MSCX,DIVI,Fusion 4,4,Housekeeping,Crew Corridor FWD,Smile Pictures, ,STD,QRC
MSC Divina,MSCX-DIVI,MSCX,DIVI,Fusion 4,4,Deck,Crew Corridor AFT,Service Alley 303, ,STD,QRC
MSC Divina,MSCX-DIVI,MSCX,DIVI,Fusion 4,4,Deck,Crew Corridor AFT,Human Resources (ECR), ,STD,QRC
MSC Divina,MSCX-DIVI,MSCX,DIVI,Fusion 4,4,Deck,Gangway FWD PORT,Shell Door 402, ,STD,QRC
MSC Divina,MSCX-DIVI,MSCX,DIVI,Fusion 4,4,Deck,Gangway FWD PORT,Gangway, ,STD,QRC
MSC Divina,MSCX-DIVI,MSCX,DIVI,Fusion 4,4,Deck,Gangway FWD STBD,Shell Door 401, ,STD,QRC
MSC Divina,MSCX-DIVI,MSCX,DIVI,Fusion 4,4,Deck,Gangway FWD STBD,Gangway, ,STD,QRC
MSC Divina,MSCX-DIVI,MSCX,DIVI,Fusion 4,4,Deck,Gangway Mid PORT,Ventilation Over Pressure, ,STD,QRC
MSC Divina,MSCX-DIVI,MSCX,DIVI,Fusion 4,4,Deck,Gangway Mid PORT,Sockets (Red/White), ,STD,QRC
MSC Divina,MSCX-DIVI,MSCX,DIVI,Fusion 4,4,Deck,Gangway MD STBD,Ventilation Over Pressure, ,STD,QRC
MSC Divina,MSCX-DIVI,MSCX,DIVI,Fusion 4,4,Deck,Gangway MD STBD,Telephone Socket (Ref:2), ,STD,QRC
MSC Divina,MSCX-DIVI,MSCX,DIVI,Fusion 4,4,Deck,Crew Corridor AFT,Mirror, ,STD,QRC
MSC Euribia,MSCX-EURI,MSCX,EURI,GLU-10 (LED),19,Galley,One Pool Pantry ,Red Sounder RHS,Jan-24,LED,QRC
MSC Euribia,MSCX-EURI,MSCX,EURI,GLU-15 (LED),19,Galley,Food Lift ,Entrance,Jan-24,LED,QRC
MSC Euribia,MSCX-EURI,MSCX,EURI,GLU-10 (LED),18,Galley,Dish wash , Bins ,Jan-24,LED,QRC
MSC Euribia,MSCX-EURI,MSCX,EURI,GLU-15 (LED),15,Galley,Garde Manager/Pastry,Notice Board ,Jan-24,LED,QRC
MSC Euribia,MSCX-EURI,MSCX,EURI,GLU-10 (LED),15,Galley,Dish Wash PORT, Bins,Jan-24,LED,QRC
MSC Euribia,MSCX-EURI,MSCX,EURI,GLU-15 (LED),15,Galley,Pot Wash,Bins,Jan-24,LED,QRC
MSC Euribia,MSCX-EURI,MSCX,EURI,GLU-10 (LED),15,Galley,Dish Wash STBD,Bins,Jan-24,LED,QRC
MSC Euribia,MSCX-EURI,MSCX,EURI,GLU-15 (LED),6,Galley,Le Greer,Cold Preparation Svce Line (Opp.),Jan-24,LED,QRC
MSC Euribia,MSCX-EURI,MSCX,EURI,GLU-10 (LED),5,Galley,Bottom of Escalator,Manual Callpoint ,Jan-24,LED,QRC
MSC Euribia,MSCX-EURI,MSCX,EURI,GLU-10 (LED),5,Galley,Corridor ,Notice Board ,Jan-24,LED,QRC
MSC Euribia,MSCX-EURI,MSCX,EURI,GLU-15 (LED),5,Galley,Pastry/Ice Cream,Bulkhead Grey Box G5AB75D (Opp.),Jan-24,LED,QRC
MSC Euribia,MSCX-EURI,MSCX,EURI,GLU-10 (LED),5,Galley,Garde Manager/Pastry,Bakery Oven ,Jan-24,LED,QRC
MSC Euribia,MSCX-EURI,MSCX,EURI,GLU-10 (LED),5,Galley,Garde Manager/Pastry,Red Alarm LHS,Jan-24,LED,QRC
MSC Euribia,MSCX-EURI,MSCX,EURI,GLU-10 (LED),3,Galley,Meat Preparation,Bins,Jan-24,LED,QRC
MSC Euribia,MSCX-EURI,MSCX,EURI,GLU-10 (LED),3,Galley,Pot Wash,Entrance,Jan-24,LED,QRC
MSC Euribia,MSCX-EURI,MSCX,EURI,Vanquish (LED),4,Messes,American Mess,Quiet Mess Area WHB LHS ,Jan-24,LED,QRC
MSC Euribia,MSCX-EURI,MSCX,EURI,Vanquish (LED),4,Messes,American Mess,Port Hole 4 & 5,Jan-24,LED,QRC
MSC Euribia,MSCX-EURI,MSCX,EURI,Vanquish (LED),4,Messes,American Mess,"Rear Service Line, Grey C9AB73D RHS ",Jan-24,LED,QRC
MSC Euribia,MSCX-EURI,MSCX,EURI,Vanquish (LED),4,Messes,International Restaurant ,Port Hole 1 & 2 ,Jan-24,LED,QRC
MSC Euribia,MSCX-EURI,MSCX,EURI,Vanquish (LED),4,Messes,International Restaurant ,Rear Service Line Sign LHS ,Jan-24,LED,QRC
MSC Euribia,MSCX-EURI,MSCX,EURI,Vanquish (LED),4,Messes,International Restaurant ,Bins,Jan-24,LED,QRC
MSC Euribia,MSCX-EURI,MSCX,EURI,GLU-15 (LED),4,Messes,International Restaurant ,Dish Wash Plate Scrape RHS,Jan-24,LED,QRC
MSC Euribia,MSCX-EURI,MSCX,EURI,Vanquish (LED),4,Messes,Mediterranean Mess,Rear Service Line Sign LHS,Jan-24,LED,QRC
MSC Euribia,MSCX-EURI,MSCX,EURI,Vanquish (LED),4,Messes,Mediterranean Mess,Port Holes 1 & 2,Jan-24,LED,QRC
MSC Euribia,MSCX-EURI,MSCX,EURI,Vanquish (LED),4,Messes,Mediterranean Mess,Port Holes 3 & 4,Jan-24,LED,QRC
MSC Euribia,MSCX-EURI,MSCX,EURI,Vanquish (LED),4,Messes,Mediterranean Mess,Television LHS ,Jan-24,LED,QRC
MSC Euribia,MSCX-EURI,MSCX,EURI,Vanquish (LED),4,Messes,Crew Burger Mess,Hot Plates LHS,Jan-24,LED,QRC
MSC Euribia,MSCX-EURI,MSCX,EURI,Vanquish (LED),4,Messes,Crew Burger Mess,Red Bulkhead Hand Wash Sink ,Jan-24,LED,QRC
MSC Euribia,MSCX-EURI,MSCX,EURI,GLU-15 (LED),4,Provisions,Loading area PORT,Fire Plan LHS,Jan-24,LED,QRC
MSC Euribia,MSCX-EURI,MSCX,EURI,GLU-10 (LED),4,Provisions,Loading area PORT,Grey Elec Box D1AB73B RHS,Jan-24,LED,QRC
MSC Euribia,MSCX-EURI,MSCX,EURI,GLU-15 (LED),4,Provisions,Loading area STBD,Elec Box BOP1 LHS,Jan-24,LED,QRC
MSC Euribia,MSCX-EURI,MSCX,EURI,GLU-15 (LED),4,Provisions,Loading area STBD,Telephone 2193 LHS,Jan-24,LED,QRC
MSC Euribia,MSCX-EURI,MSCX,EURI,GLU-15 (LED),3,Provisions,Main Corridor,Fire Point 603.005 RHS,Jan-24,LED,QRC
MSC Euribia,MSCX-EURI,MSCX,EURI,GLU-15 (LED),3,Provisions,Freezer Corridor,Grey Box T6AB63B LHS,Jan-24,LED,QRC
MSC Euribia,MSCX-EURI,MSCX,EURI,GLU-15 (LED),3,Provisions,Freezer Corridor,Grey Box T6AB63C LHS,Jan-24,LED,QRC
MSC Euribia,MSCX-EURI,MSCX,EURI,GLU-15 (LED),3,Provisions,Elevator Corridor PS,Telephone 2187 LHS,Jan-24,LED,QRC
MSC Euribia,MSCX-EURI,MSCX,EURI,Vanquish (LED),8,Bars,Crew Disco,Port Hole 2 & 3,Jan-24,LED,QRC
MSC Euribia,MSCX-EURI,MSCX,EURI,Vanquish (LED),4,Bars,Crew Bar,Entrance Door,Jan-24,LED,QRC
MSC Euribia,MSCX-EURI,MSCX,EURI,Vanquish (LED),4,Bars,Crew Bar,Speaker RHS,Jan-24,LED,QRC
MSC Euribia,MSCX-EURI,MSCX,EURI,GLU-10 (LED),6,Restaurant,Wine Cellar PORT,Entrance Door RHS,Jan-24,LED,QRC
MSC Euribia,MSCX-EURI,MSCX,EURI,GLU-10 (LED),6,Restaurant,Beverage Station PORT,Doors to Escalator,Jan-24,LED,QRC
MSC Euribia,MSCX-EURI,MSCX,EURI,GLU-10 (LED),6,Restaurant,Beverage Station STBD,Doors to Escalator,Jan-24,LED,QRC
MSC Euribia,MSCX-EURI,MSCX,EURI,GLU-10 (LED),6,Restaurant,Wine Cellar STBD,Grey Box BJM7 RHS,Jan-24,LED,QRC
MSC Euribia,MSCX-EURI,MSCX,EURI,GLU-15 (LED),4,Recycling,Sorting Room,Telephone IT631041 LHS,Jan-24,LED,QRC
MSC Euribia,MSCX-EURI,MSCX,EURI,GLU-10 (LED),4,Recycling,Main Recycling Room,Pulper Disposal RHS,Jan-24,LED,QRC
MSC Euribia,MSCX-EURI,MSCX,EURI,GLU-15 (LED),4,Recycling,Main Recycling Room,Hopper B,Jan-24,LED,QRC
MSC Euribia,MSCX-EURI,MSCX,EURI,GLU-10 (LED),4,Housekeeping,Crew Corridor,Fire Point 702.055 RHS,Jan-24,LED,QRC
MSC Euribia,MSCX-EURI,MSCX,EURI,GLU-10 (LED),4,Housekeeping,Crew Corridor (Fire Point 604.027),Wash Bins Door 341 RHS,Jan-24,LED,QRC
MSC Euribia,MSCX-EURI,MSCX,EURI,GLU-15 (LED),4,Housekeeping,Crew Corridor,Crew Stair E LHS,Jan-24,LED,QRC
MSC Euribia,MSCX-EURI,MSCX,EURI,GLU-15 (LED),4,Housekeeping,Crew Corridor,Crew Stair J LHS,Jan-24,LED,QRC
MSC Euribia,MSCX-EURI,MSCX,EURI,GLU-15 (LED),4,Housekeeping,Crew Corridor,Print Shop (Opp.),Jan-24,LED,QRC
MSC Euribia,MSCX-EURI,MSCX,EURI,Vanquish (LED),15,Buffet ,Family & Kids ,Service Station 1 & 2 PORT,Jan-24,LED,QRC
MSC Euribia,MSCX-EURI,MSCX,EURI,Vanquish (LED),15,Buffet ,Market Place,Cold Cut PORT,Jan-24,LED,QRC
MSC Euribia,MSCX-EURI,MSCX,EURI,Vanquish (LED),15,Buffet ,Market Place,Service Station Aft PORT,Jan-24,LED,QRC
MSC Euribia,MSCX-EURI,MSCX,EURI,Vanquish (LED),15,Buffet ,Market Place,Service Station Aft STBD ,Jan-24,LED,QRC
MSC Euribia,MSCX-EURI,MSCX,EURI,Vanquish (LED),15,Buffet ,Market Place,Cold Cut STBD ,Jan-24,LED,QRC
MSC Euribia,MSCX-EURI,MSCX,EURI,Vanquish (LED),15,Buffet ,Family & Kids ,Market Place Entrance STBD  ,Jan-24,LED,QRC
MSC Euribia,MSCX-EURI,MSCX,EURI,Vanquish (LED),4,Deck,Gangway MID PORT,Elec FD-04-05-32 LHS,Jan-24,LED,QRC
MSC Euribia,MSCX-EURI,MSCX,EURI,Vanquish (LED),4,Deck,Gangway MID STBD,Staircase P,Jan-24,LED,QRC
MSC Euribia,MSCX-EURI,MSCX,EURI,Vanquish (LED),4,Deck,Gangway MID Pax STBD,Security Gate,Jan-24,LED,QRC
MSC Euribia,MSCX-EURI,MSCX,EURI,Vanquish (LED),4,Deck ,Gangway FWD Ramp 403,Grey  Sockets RHS,Jan-24,LED,QRC
MSC Euribia,MSCX-EURI,MSCX,EURI,Vanquish (LED),4,Deck ,Gangway FWD Ramp PORT,Grey Sockets,Jan-24,LED,QRC
MSC Euribia,MSCX-EURI,MSCX,EURI,Vanquish (LED),4,Deck ,Gangway Pax PORT,Fire Plan ,Jan-24,LED,QRC
MSC Euribia,MSCX-EURI,MSCX,EURI,Vanquish (LED),4,Deck ,Gangway Pax STBD,Shell Door 401,Jan-24,LED,QRC
MSC Fantasia,MSCX-FANT,MSCX,FANT,GLU-60,15,Galley,Dish Wash ,Telephone: 2752, ,STD,QRC
MSC Fantasia,MSCX-FANT,MSCX,FANT,GLU-60,15,Galley,Cold Section ,Hobart , ,STD,QRC
MSC Fantasia,MSCX-FANT,MSCX,FANT,GLU-60,7,Galley,Butchers Cut,Cold Wash Area PORT, ,STD,QRC
MSC Fantasia,MSCX-FANT,MSCX,FANT,Fly Shield 2,7,Galley,Butchers Cut,Wood Panels PORT, ,STD,QRC
MSC Fantasia,MSCX-FANT,MSCX,FANT,GLU-60,6,Galley,Dish Wash Area,Bins AFT STBD (Alarms), ,STD,QRC
MSC Fantasia,MSCX-FANT,MSCX,FANT,GLU-60,6,Galley,Pantry,Bins STBD, ,STD,QRC
MSC Fantasia,MSCX-FANT,MSCX,FANT,GLU-60,6,Galley,Dish Wash,Bins, ,STD,QRC
MSC Fantasia,MSCX-FANT,MSCX,FANT,GLU-60,6,Galley,Pantry,Fire Point 705.081 PORT, ,STD,QRC
MSC Fantasia,MSCX-FANT,MSCX,FANT,GLU-60,6,Galley,Pantry,Hi-Fog CRV467 PORT, ,STD,QRC
MSC Fantasia,MSCX-FANT,MSCX,FANT,GLU-60,6,Galley,Garde Manger,White Notice Board PORT, ,STD,QRC
MSC Fantasia,MSCX-FANT,MSCX,FANT,GLU-60,6,Galley,Pantry,Pasta Machine PORT, ,STD,QRC
MSC Fantasia,MSCX-FANT,MSCX,FANT,GLU-60,6,Galley,Pantry,Bins PORT (CRV467-04), ,STD,QRC
MSC Fantasia,MSCX-FANT,MSCX,FANT,GLU-60,5,Galley,Dish Wash Area,Telephone: 2674, ,STD,QRC
MSC Fantasia,MSCX-FANT,MSCX,FANT,GLU-60,5,Galley,Pastry,Hobart Mixer STBD , ,STD,QRC
MSC Fantasia,MSCX-FANT,MSCX,FANT,GLU-60,5,Galley,Pastry,Bins STBD (Co2 Cabinet), ,STD,QRC
MSC Fantasia,MSCX-FANT,MSCX,FANT,GLU-60,5,Galley,Ice Cream ,Hobart STBD, ,STD,QRC
MSC Fantasia,MSCX-FANT,MSCX,FANT,GLU-60,5,Galley,Bakery,Telephone: 2544, ,STD,QRC
MSC Fantasia,MSCX-FANT,MSCX,FANT,GLU-60,5,Galley,Bakery,Bins PORT (Elec Box FV831), ,STD,QRC
MSC Fantasia,MSCX-FANT,MSCX,FANT,GLU-60,5,Galley,Pot Wash,Bins PORT (Opp. Pot Wash), ,STD,QRC
MSC Fantasia,MSCX-FANT,MSCX,FANT,GLU-60,5,Galley,Butchers,Butchers Corridor PORT, ,STD,QRC
MSC Fantasia,MSCX-FANT,MSCX,FANT,GLU-60,5,Galley,Fish,Fish Preparation (Outside), ,STD,QRC
MSC Fantasia,MSCX-FANT,MSCX,FANT,GLU-60,5,Galley,Hot Galley,Pot Wash Bins (Red Alarms), ,STD,QRC
MSC Fantasia,MSCX-FANT,MSCX,FANT,Fly Shield 1,5,Galley,Garde Manger,Wash Hand Basin, ,STD,QRC
MSC Fantasia,MSCX-FANT,MSCX,FANT,GLU-60,5,Galley,Hot Galley,Television PORT (Baby Menu), ,STD,QRC
MSC Fantasia,MSCX-FANT,MSCX,FANT,GLU-60,5,Galley,Hot Galley,Bins (White Notice Board), ,STD,QRC
MSC Fantasia,MSCX-FANT,MSCX,FANT,GLU-60,5,Galley,Wine Cellar ,Bins (Opp. Wine Cellar), ,STD,QRC
MSC Fantasia,MSCX-FANT,MSCX,FANT,GLU-60,5,Galley,Pantry,Entrance PORT, ,STD,QRC
MSC Fantasia,MSCX-FANT,MSCX,FANT,GLU-60,5,Galley,Dish Wash ,Bins STBD (White Menus), ,STD,QRC
MSC Fantasia,MSCX-FANT,MSCX,FANT,GLU-60,4,Galley,Veg & Fruit Prep.,Bins PORT (Opp. Clean Rack), ,STD,QRC
MSC Fantasia,MSCX-FANT,MSCX,FANT,GLU-60,4,Galley,Veg & Fruit Prep.,Pulper PORT, ,STD,QRC
MSC Fantasia,MSCX-FANT,MSCX,FANT,GLU-60,4,Galley ,Crew Galley ,Main Door (FD04606), ,STD,QRC
MSC Fantasia,MSCX-FANT,MSCX,FANT,GLU-60,4,Galley ,Crew Galley ,Pot Wash Bins, ,STD,QRC
MSC Fantasia,MSCX-FANT,MSCX,FANT,GLU-60,4,Galley ,Crew Galley ,Cold Section Bins, ,STD,QRC
MSC Fantasia,MSCX-FANT,MSCX,FANT,GLU-60,4,Messes,Officers Mess,Wash Hand Basin (Skt 046214), ,STD,QRC
MSC Fantasia,MSCX-FANT,MSCX,FANT,GLU-60,4,Messes,Officers Mess,Plate Scrape, ,STD,QRC
MSC Fantasia,MSCX-FANT,MSCX,FANT,GLU-60,4,Messes,Staff Mess,Plate Scrape, ,STD,QRC
MSC Fantasia,MSCX-FANT,MSCX,FANT,GLU-60,4,Messes,Staff Mess,Fire Locker (Picture), ,STD,QRC
MSC Fantasia,MSCX-FANT,MSCX,FANT,GLU-60,4,Messes,Staff Mess,Port Hole 4 & 5, ,STD,QRC
MSC Fantasia,MSCX-FANT,MSCX,FANT,GLU-60,4,Messes,PO Mess,Plate Scrape, ,STD,QRC
MSC Fantasia,MSCX-FANT,MSCX,FANT,GLU-60,4,Messes,PO Mess,Service Line & Picture, ,STD,QRC
MSC Fantasia,MSCX-FANT,MSCX,FANT,GLU-60,4,Messes,Crew Mess (Small),Service Line (Store Request Folder), ,STD,QRC
MSC Fantasia,MSCX-FANT,MSCX,FANT,GLU-60,4,Messes,Crew Mess (Small),Port Hole 1, ,STD,QRC
MSC Fantasia,MSCX-FANT,MSCX,FANT,GLU-60,4,Messes,Crew Mess (Large),Door Release FD04702, ,STD,QRC
MSC Fantasia,MSCX-FANT,MSCX,FANT,GLU-60,4,Messes,Crew Mess (Large),Extinguisher (FP 703.209), ,STD,QRC
MSC Fantasia,MSCX-FANT,MSCX,FANT,GLU-60,4,Messes,Crew Mess (Large),Clock, ,STD,QRC
MSC Fantasia,MSCX-FANT,MSCX,FANT,GLU-60,4,Messes,Crew Mess (Large),Plate Scrape, ,STD,QRC
MSC Fantasia,MSCX-FANT,MSCX,FANT,GLU-60,4,Bars,Crew Bar,Bins (Television), ,STD,QRC
MSC Fantasia,MSCX-FANT,MSCX,FANT,GLU-60,4,Bars,Crew Bar,Crew Stair Door 43 (Notice 35.01.01), ,STD,QRC
MSC Fantasia,MSCX-FANT,MSCX,FANT,Fusion 4,4,Provisions,Loading Area,Yellow Rail (Grey Pipe), ,STD,QRC
MSC Fantasia,MSCX-FANT,MSCX,FANT,Fusion 4,4,Provisions,Loading Area,Cart Wash 1245 (Door Release), ,STD,QRC
MSC Fantasia,MSCX-FANT,MSCX,FANT,Fusion 4,4,Provisions,Loading Area,Elevator Door 1 & 2 (Yellow Sign), ,STD,QRC
MSC Fantasia,MSCX-FANT,MSCX,FANT,Fusion 4,4,Provisions,Loading Area,Elevator 4, ,STD,QRC
MSC Fantasia,MSCX-FANT,MSCX,FANT,Fusion 4,4,Provisions,Loading Area,Corner PORT, ,STD,QRC
MSC Fantasia,MSCX-FANT,MSCX,FANT,Fusion 4,4,Provisions,Loading Area,Vegetable Prep (Opposite), ,STD,QRC
MSC Fantasia,MSCX-FANT,MSCX,FANT,Fusion 4,4,Provisions,Corridor,Fire Point 803.004, ,STD,QRC
MSC Fantasia,MSCX-FANT,MSCX,FANT,Fusion 4,4,Provisions,Corridor,Bins (WTD 401), ,STD,QRC
MSC Fantasia,MSCX-FANT,MSCX,FANT,Fusion 4,4,Provisions,Corridor,Fire Point 802.120, ,STD,QRC
MSC Fantasia,MSCX-FANT,MSCX,FANT,Fusion 4,3,Provisions,Liquor Store,Entrance, ,STD,QRC
MSC Fantasia,MSCX-FANT,MSCX,FANT,Fusion 4,3,Provisions,Elevator 1,Elevator 1 (Green Exit Sign), ,STD,QRC
MSC Fantasia,MSCX-FANT,MSCX,FANT,Fusion 4,3,Provisions,Alcatel Wi-Fi,Alcatel Wi-Fi, ,STD,QRC
MSC Fantasia,MSCX-FANT,MSCX,FANT,GLU-90,4,Garbage,Sorting Room,Bins, ,STD,QRC
MSC Fantasia,MSCX-FANT,MSCX,FANT,GLU-90,4,Garbage,Garbage Room,Densifier, ,STD,QRC
MSC Fantasia,MSCX-FANT,MSCX,FANT,GLU-90,4,Garbage,Garbage Room,Feeders & Hoppers (Rear), ,STD,QRC
MSC Fantasia,MSCX-FANT,MSCX,FANT,GLU-90,4,Garbage,Garbage Room,Main Plan, ,STD,QRC
MSC Fantasia,MSCX-FANT,MSCX,FANT,Fly Shield 2,14,Buffet,African Bar,Dirty Station 4 AFT STBD (Plan), ,STD,QRC
MSC Fantasia,MSCX-FANT,MSCX,FANT,Fly Shield 2,14,Buffet,African Bar, Dirty Station 6 AFT STBD, ,STD,QRC
MSC Fantasia,MSCX-FANT,MSCX,FANT,Fly Shield 2,14,Buffet,African Bar,Dirty Station 7 AFT PORT, ,STD,QRC
MSC Fantasia,MSCX-FANT,MSCX,FANT,Fly Shield 2,14,Buffet,African Bar,Dirty Station 8 PORT (Plan), ,STD,QRC
MSC Fantasia,MSCX-FANT,MSCX,FANT,Fly Shield 2,14,Buffet,African Bar,Fire Locker STBD, ,STD,QRC
MSC Fantasia,MSCX-FANT,MSCX,FANT,Fly Shield 2,14,Buffet,African Bar,Fire Locker S46 PORT, ,STD,QRC
MSC Fantasia,MSCX-FANT,MSCX,FANT,Fly Shield 2,14,Buffet,Zanzi Bar ,Bin Area PORT, ,STD,QRC
MSC Fantasia,MSCX-FANT,MSCX,FANT,Fly Shield 2,14,Buffet,Zanzi Bar ,Dirty Napkin Container (Opp. WHB), ,STD,QRC
MSC Fantasia,MSCX-FANT,MSCX,FANT,Fly Shield 2,14,Buffet,Zanzi Bar ,Dirty Station 9, ,STD,QRC
MSC Fantasia,MSCX-FANT,MSCX,FANT,Fly Shield 2,14,Buffet,Zanzi Bar ,Beverage Station PORT (Opp. Tbl Stn 9), ,STD,QRC
MSC Fantasia,MSCX-FANT,MSCX,FANT,Fly Shield 2,14,Buffet,Zanzi Bar ,Daily Special Section PORT, ,STD,QRC
MSC Fantasia,MSCX-FANT,MSCX,FANT,Fly Shield 2,14,Buffet,Zanzi Bar ,Vegetarian & Health PORT, ,STD,QRC
MSC Fantasia,MSCX-FANT,MSCX,FANT,Fly Shield 2,14,Buffet,Zanzi Bar ,Dirty Station 11 PORT, ,STD,QRC
MSC Fantasia,MSCX-FANT,MSCX,FANT,Fly Shield 2,14,Buffet,Zanzi Bar ,Beverage Station PORT (Ice Machine), ,STD,QRC
MSC Fantasia,MSCX-FANT,MSCX,FANT,Fly Shield 2,14,Buffet,Zanzi Bar ,Pasta Station, ,STD,QRC
MSC Fantasia,MSCX-FANT,MSCX,FANT,Fly Shield 2,14,Buffet,Zanzi Bar ,Pizza Station (Sveba Oven), ,STD,QRC
MSC Fantasia,MSCX-FANT,MSCX,FANT,Fly Shield 2,14,Buffet,Zanzi Bar ,Dirty Station FWD PORT, ,STD,QRC
MSC Fantasia,MSCX-FANT,MSCX,FANT,Fly Shield 2,14,Buffet,Zanzi Bar ,Soup of the day (Telephone), ,STD,QRC
MSC Fantasia,MSCX-FANT,MSCX,FANT,Fly Shield 2,14,Buffet,Zanzi Bar ,Salad Bar STBD (Telephone), ,STD,QRC
MSC Fantasia,MSCX-FANT,MSCX,FANT,Fly Shield 2,14,Buffet,Zanzi Bar ,Pasta STBD, ,STD,QRC
MSC Fantasia,MSCX-FANT,MSCX,FANT,Fly Shield 2,14,Buffet,Zanzi Bar ,Salad STBD (Fruit Station), ,STD,QRC
MSC Fantasia,MSCX-FANT,MSCX,FANT,Fly Shield 2,14,Buffet,Zanzi Bar ,Beverage Station STBD (Ice Machine), ,STD,QRC
MSC Fantasia,MSCX-FANT,MSCX,FANT,Fly Shield 2,14,Buffet,Zanzi Bar ,Vegetable & Health STBD, ,STD,QRC
MSC Fantasia,MSCX-FANT,MSCX,FANT,Fly Shield 2,14,Buffet,Zanzi Bar ,Daily Special STBD, ,STD,QRC
MSC Fantasia,MSCX-FANT,MSCX,FANT,Fly Shield 2,14,Buffet,Zanzi Bar ,Beverage Station FWD STBD (Ice machine), ,STD,QRC
MSC Fantasia,MSCX-FANT,MSCX,FANT,Fly Shield 2,14,Buffet,Zanzi Bar ,Beverage Station FWD PORT, ,STD,QRC
MSC Fantasia,MSCX-FANT,MSCX,FANT,Fly Shield 2,14,Buffet,Zanzi Bar ,Dirty Station 3 (Crew Door/Dessert), ,STD,QRC
MSC Fantasia,MSCX-FANT,MSCX,FANT,Fly Shield 2,14,Buffet,Zanzi Bar ,Ethnic, ,STD,QRC
MSC Fantasia,MSCX-FANT,MSCX,FANT,GLU-60,14,Buffet,Dish Wash Port,Oven PORT, ,STD,QRC
MSC Fantasia,MSCX-FANT,MSCX,FANT,GLU-60,14,Buffet,Pot Wash,White Speaker PORT, ,STD,QRC
MSC Fantasia,MSCX-FANT,MSCX,FANT,GLU-60,14,Buffet,Main Corridor,Red Alarms STBD, ,STD,QRC
MSC Fantasia,MSCX-FANT,MSCX,FANT,GLU-60,14,Buffet,Main Corridor,Fire Point 719.018 STBD, ,STD,QRC
MSC Fantasia,MSCX-FANT,MSCX,FANT,GLU-60,14,Buffet,Pot Wash ,Pulper PORT, ,STD,QRC
MSC Fantasia,MSCX-FANT,MSCX,FANT,GLU-60,14,Buffet,Pot Wash ,Hi-Fog CRV547 STBD, ,STD,QRC
MSC Fantasia,MSCX-FANT,MSCX,FANT,GLU-60,14,Buffet,Pizza Section,Bins PORT, ,STD,QRC
MSC Fantasia,MSCX-FANT,MSCX,FANT,Fusion 4,4,Deck,Gangway MID (Corridor STDB),Air Conditioning Room 445, ,STD,QRC
MSC Fantasia,MSCX-FANT,MSCX,FANT,Fusion 4,4,Deck,Gangway MID (Corridor STDB),Fire Point 407.002 PORT, ,STD,QRC
MSC Fantasia,MSCX-FANT,MSCX,FANT,Fusion 4,4,Deck,Gangway MID (Corridor STDB),Smile Mirror, ,STD,QRC
MSC Fantasia,MSCX-FANT,MSCX,FANT,Fusion 4,4,Deck,Gangway FWD STBD,Entrance Door, ,STD,QRC
MSC Fantasia,MSCX-FANT,MSCX,FANT,Fusion 4,4,Deck,Gangway FWD PORT,White Electric TFE43, ,STD,QRC
MSC Fantasia,MSCX-FANT,MSCX,FANT,Fusion 4,4,Deck,Gangway FWD (Crew Corridor),One Family Sign, ,STD,QRC
MSC Fantasia,MSCX-FANT,MSCX,FANT,Fusion 4,4,Deck,Gangway FWD (Crew Corridor),Liquor Shop (FD04203), ,STD,QRC
MSC Fantasia,MSCX-FANT,MSCX,FANT,Fusion 4,4,Deck,Gangway MID STBD,One Family Sign (Green Exit Sign), ,STD,QRC
MSC Fantasia,MSCX-FANT,MSCX,FANT,Fusion 4,4,Deck,Gangway MID STBD,CCTV (Notice 34.02.00), ,STD,QRC
MSC Fantasia,MSCX-FANT,MSCX,FANT,Fusion 4,4,Deck,Gangway MID PORT,Closing Fire damper (FDR50402), ,STD,QRC
MSC Fantasia,MSCX-FANT,MSCX,FANT,Fusion 4,4,Deck,Gangway MID (Prov Corridor),Officers Mess, ,STD,QRC
MSC Fantasia,MSCX-FANT,MSCX,FANT,Fusion 4,4,Deck,Gangway MID (Prov Corridor),Alcatel Wi-Fi (Crew Stairs 47), ,STD,QRC
MSC Fantasia,MSCX-FANT,MSCX,FANT,GLU-60,4,Deck,Gangway MID (Prov Corridor),Suitcase Trollies (Opp. Changing Rm 316), ,STD,QRC
MSC Grandiosa,MSCX-GRAN,MSCX,GRAN,Fly Shield 2,18,Galley,Yacht Club Galley,Dish Wash (Opposite), ,STD,QRC
MSC Grandiosa,MSCX-GRAN,MSCX,GRAN,GLU-60,15,Galley,Lido Galley,Telephone 2592, ,STD,QRC
MSC Grandiosa,MSCX-GRAN,MSCX,GRAN,GLU-60,15,Galley,Lido Galley,Dish Wash STBD (Bins), ,STD,QRC
MSC Grandiosa,MSCX-GRAN,MSCX,GRAN,GLU-60,15,Galley,Lido Galley,Dish Wash PORT (Bins), ,STD,QRC
MSC Grandiosa,MSCX-GRAN,MSCX,GRAN,GLU-60,15,Galley,Lido Galley,Co2 Alarm, ,STD,QRC
MSC Grandiosa,MSCX-GRAN,MSCX,GRAN,GLU-60,19,Galley,One Pool,Pantry (Bins), ,STD,QRC
MSC Grandiosa,MSCX-GRAN,MSCX,GRAN,GLU-60,19,Galley,One Pool,Entrance, ,STD,QRC
MSC Grandiosa,MSCX-GRAN,MSCX,GRAN,GLU-60,6,Galley,Upper Galley,Fire Door 678, ,STD,QRC
MSC Grandiosa,MSCX-GRAN,MSCX,GRAN,GLU-60,6,Galley,Upper Galley,Fire Door 6612 & 674, ,STD,QRC
MSC Grandiosa,MSCX-GRAN,MSCX,GRAN,GLU-60,6,Galley,Upper Galley,Fire Door 6711, ,STD,QRC
MSC Grandiosa,MSCX-GRAN,MSCX,GRAN,GLU-60,6,Galley,Upper Galley,Fire Door 673 & 6613, ,STD,QRC
MSC Grandiosa,MSCX-GRAN,MSCX,GRAN,GLU-60,5,Galley,Main Galley,Hot Section (Fire Damper), ,STD,QRC
MSC Grandiosa,MSCX-GRAN,MSCX,GRAN,GLU-60,5,Galley,Main Galley,Chemical Locker, ,STD,QRC
MSC Grandiosa,MSCX-GRAN,MSCX,GRAN,GLU-60,5,Galley,Main Galley,Cold Galley (Co2 Alarm), ,STD,QRC
MSC Grandiosa,MSCX-GRAN,MSCX,GRAN,GLU-60,5,Galley,Main Galley,Garde Manger (FP 703.049), ,STD,QRC
MSC Grandiosa,MSCX-GRAN,MSCX,GRAN,GLU-60,5,Galley,Main Galley,Dish Wash Opposite (Bins), ,STD,QRC
MSC Grandiosa,MSCX-GRAN,MSCX,GRAN,Fly Shield 2,5,Galley,Pastry Area,Manual Call Point 703.022, ,STD,QRC
MSC Grandiosa,MSCX-GRAN,MSCX,GRAN,GLU-60,4,Messes, Crew Burger Mess,Plate Scrape, ,STD,QRC
MSC Grandiosa,MSCX-GRAN,MSCX,GRAN,GLU-60,4,Messes, Crew Burger Mess,Port Hole 1 & 2, ,STD,QRC
MSC Grandiosa,MSCX-GRAN,MSCX,GRAN,GLU-60,4,Messes, Crew Burger Mess,Fire Damper Door, ,STD,QRC
MSC Grandiosa,MSCX-GRAN,MSCX,GRAN,GLU-60,4,Messes,Crew Mess Int.,Plate Scrape , ,STD,QRC
MSC Grandiosa,MSCX-GRAN,MSCX,GRAN,GLU-60,4,Messes,Crew Mess Int.,International Sign, ,STD,QRC
MSC Grandiosa,MSCX-GRAN,MSCX,GRAN,GLU-60,4,Messes,Crew Mess Int.,Port Hole 1, ,STD,QRC
MSC Grandiosa,MSCX-GRAN,MSCX,GRAN,GLU-60,4,Messes,Crew Mess Int.,Wash Hand Basin, ,STD,QRC
MSC Grandiosa,MSCX-GRAN,MSCX,GRAN,GLU-60,4,Messes,Crew Mess,Food Waste (Wash Hand Basin), ,STD,QRC
MSC Grandiosa,MSCX-GRAN,MSCX,GRAN,GLU-60,4,Messes,Crew Mess,Large Wash Hand Basin, ,STD,QRC
MSC Grandiosa,MSCX-GRAN,MSCX,GRAN,Fly Shield 2,4,Messes,Crew Mess,Fire Door 04 624, ,STD,QRC
MSC Grandiosa,MSCX-GRAN,MSCX,GRAN,GLU-60,4,Messes,Mediterranean Restaurant,Television, ,STD,QRC
MSC Grandiosa,MSCX-GRAN,MSCX,GRAN,GLU-60,4,Messes,Mediterranean Restaurant,Port Hole 1 & 2, ,STD,QRC
MSC Grandiosa,MSCX-GRAN,MSCX,GRAN,GLU-60,4,Messes,Mediterranean Restaurant,Port Hole 5 & 6, ,STD,QRC
MSC Grandiosa,MSCX-GRAN,MSCX,GRAN,GLU-60,4,Messes,Mediterranean Restaurant,Mediterranean Sign, ,STD,QRC
MSC Grandiosa,MSCX-GRAN,MSCX,GRAN,GLU-60,4,Messes,International Restaurant,International Sign, ,STD,QRC
MSC Grandiosa,MSCX-GRAN,MSCX,GRAN,GLU-60,4,Messes,International Restaurant,Bins, ,STD,QRC
MSC Grandiosa,MSCX-GRAN,MSCX,GRAN,GLU-60,4,Messes,International Restaurant,Port Hole 1 & 2, ,STD,QRC
MSC Grandiosa,MSCX-GRAN,MSCX,GRAN,Fly Shield 2,4,Messes,International Restaurant,Fire Door 04 632, ,STD,QRC
MSC Grandiosa,MSCX-GRAN,MSCX,GRAN,GLU-60,3,Provisions,Provision Corridor,NEC Wi-Fi, ,STD,QRC
MSC Grandiosa,MSCX-GRAN,MSCX,GRAN,Fusion 4,3,Provisions,Provision Corridor,Fish store 195 (Opposite), ,STD,QRC
MSC Grandiosa,MSCX-GRAN,MSCX,GRAN,Fusion 4,3,Provisions,Provision Corridor,Red Wine 181, ,STD,QRC
MSC Grandiosa,MSCX-GRAN,MSCX,GRAN,Fusion 4,3,Provisions,Preparation Corridor,Telephone No. 2187, ,STD,QRC
MSC Grandiosa,MSCX-GRAN,MSCX,GRAN,Fusion 4,4,Provisions,Loading Area,Shell Door 419 STBD (Pipes) , ,STD,QRC
MSC Grandiosa,MSCX-GRAN,MSCX,GRAN,Fusion 4,4,Provisions,Loading Area,Telephone No. 2193, ,STD,QRC
MSC Grandiosa,MSCX-GRAN,MSCX,GRAN,Fusion 4,4,Provisions,Loading Area,Water Tight Door 402, ,STD,QRC
MSC Grandiosa,MSCX-GRAN,MSCX,GRAN,Fusion 4,4,Provisions,Loading Area,NEC Wi-Fi, ,STD,QRC
MSC Grandiosa,MSCX-GRAN,MSCX,GRAN,Fusion 4,4,Provisions,Loading Area,Shell Door 420 PORT, ,STD,QRC
MSC Grandiosa,MSCX-GRAN,MSCX,GRAN,Fusion 4,4,Provisions,Crew Corridor,Provision Office, ,STD,QRC
MSC Grandiosa,MSCX-GRAN,MSCX,GRAN,Fly Shield 2,15,Buffet,Market Place Buffet,Fire Door 15720, ,STD,QRC
MSC Grandiosa,MSCX-GRAN,MSCX,GRAN,Fly Shield 2,15,Buffet,Market Place Buffet,Men Toilet Sign, ,STD,QRC
MSC Grandiosa,MSCX-GRAN,MSCX,GRAN,Fly Shield 2,15,Buffet,Market Place Buffet,Women Toilet Sign, ,STD,QRC
MSC Grandiosa,MSCX-GRAN,MSCX,GRAN,Fly Shield 2,15,Buffet,Market Place Buffet,Fire Door 15717, ,STD,QRC
MSC Grandiosa,MSCX-GRAN,MSCX,GRAN,Fly Shield 2,15,Buffet,Market Place Buffet,Bakery AFT STBD, ,STD,QRC
MSC Grandiosa,MSCX-GRAN,MSCX,GRAN,Fly Shield 2,15,Buffet,Market Place Buffet,Bakery FWD STBD, ,STD,QRC
MSC Grandiosa,MSCX-GRAN,MSCX,GRAN,Fly Shield 2,15,Buffet,Market Place Buffet,Buffet Bar (RHS Column), ,STD,QRC
MSC Grandiosa,MSCX-GRAN,MSCX,GRAN,Fly Shield 2,15,Buffet,Market Place Buffet,Buffet Bar (LHS Column), ,STD,QRC
MSC Grandiosa,MSCX-GRAN,MSCX,GRAN,Fly Shield 2,15,Buffet,Market Place Buffet,Center Section, ,STD,QRC
MSC Grandiosa,MSCX-GRAN,MSCX,GRAN,Fly Shield 2,15,Buffet,Market Place Buffet,Entrance Door FWD STBD (FP 513.040), ,STD,QRC
MSC Grandiosa,MSCX-GRAN,MSCX,GRAN,Fly Shield 2,15,Buffet,Market Place Buffet,Bakery FWD PORT (Column), ,STD,QRC
MSC Grandiosa,MSCX-GRAN,MSCX,GRAN,Fly Shield 2,15,Buffet,Market Place Buffet,Clearing Station 3 (Centre), ,STD,QRC
MSC Grandiosa,MSCX-GRAN,MSCX,GRAN,Fly Shield 2,15,Buffet,Market Place Buffet,Family & Kids, ,STD,QRC
MSC Grandiosa,MSCX-GRAN,MSCX,GRAN,Fly Shield 2,15,Buffet,Market Place Buffet,Cereals & Yogurt (Co2 Alarm), ,STD,QRC
MSC Grandiosa,MSCX-GRAN,MSCX,GRAN,Fly Shield 2,15,Buffet,Market Place Buffet,Eggs & Omelettes (Co2 Alarm), ,STD,QRC
MSC Grandiosa,MSCX-GRAN,MSCX,GRAN,Fly Shield 2,15,Buffet,Market Place Buffet,Main Deck Doors PORT (WHB), ,STD,QRC
MSC Grandiosa,MSCX-GRAN,MSCX,GRAN,Fly Shield 2,15,Buffet,Market Place Buffet,Telephone No. 2910, ,STD,QRC
MSC Grandiosa,MSCX-GRAN,MSCX,GRAN,GLU-60,4,Garbage,Garbage Room,Marpol Sign, ,STD,QRC
MSC Grandiosa,MSCX-GRAN,MSCX,GRAN,GLU-60,4,Garbage,Garbage Room,Glass Crusher, ,STD,QRC
MSC Grandiosa,MSCX-GRAN,MSCX,GRAN,GLU-60,4,Garbage,Garbage Room,Wash Bin Entrance, ,STD,QRC
MSC Grandiosa,MSCX-GRAN,MSCX,GRAN,Fly Shield 2,4,Garbage,Garbage Room,Incinerator Entrance, ,STD,QRC
MSC Grandiosa,MSCX-GRAN,MSCX,GRAN,GLU-60,8,Deck,Crew Disco,Entrance Door, ,STD,QRC
MSC Grandiosa,MSCX-GRAN,MSCX,GRAN,GLU-60,8,Deck,Crew Disco,Port Hole 1 & 2, ,STD,QRC
MSC Grandiosa,MSCX-GRAN,MSCX,GRAN,GLU-60,8,Deck,Crew Disco,Mirror (Bins), ,STD,QRC
MSC Grandiosa,MSCX-GRAN,MSCX,GRAN,Fusion 4,4,Deck,Crew Corridor,Wash Bin Room 341, ,STD,QRC
MSC Grandiosa,MSCX-GRAN,MSCX,GRAN,Fusion 4,4,Deck,Crew Corridor,Stairs (INDIA), ,STD,QRC
MSC Grandiosa,MSCX-GRAN,MSCX,GRAN,Fusion 4,4,Deck,Crew Corridor,Crew Stairs 3 PORT, ,STD,QRC
MSC Grandiosa,MSCX-GRAN,MSCX,GRAN,Fusion 4,4,Deck,Crew Corridor,Telephone No. 2046, ,STD,QRC
MSC Grandiosa,MSCX-GRAN,MSCX,GRAN,Fusion 4,4,Deck,Crew Corridor,Print Shop (Opposite), ,STD,QRC
MSC Grandiosa,MSCX-GRAN,MSCX,GRAN,GLU-60,4,Deck,Crew Bar,Bins (Telephone), ,STD,QRC
MSC Grandiosa,MSCX-GRAN,MSCX,GRAN,GLU-60,4,Deck,Crew Bar,Port Hole 3, ,STD,QRC
MSC Grandiosa,MSCX-GRAN,MSCX,GRAN,Fusion 4,4,Deck,Luggage Room FWD STBD,Internet Point IT351042 , ,STD,QRC
MSC Grandiosa,MSCX-GRAN,MSCX,GRAN,Fusion 4,4,Deck,Pax Gangway FWD PORT,Fire Plan STBD , ,STD,QRC
MSC Grandiosa,MSCX-GRAN,MSCX,GRAN,Fusion 4,4,Deck,Pax Gangway MID STBD,Internet Point IT553209, ,STD,QRC
MSC Grandiosa,MSCX-GRAN,MSCX,GRAN,Fusion 4,4,Deck,Crew Gangway MID PORT,Power Breaker, ,STD,QRC
MSC Lirica,MSCX-LIRI,MSCX,LIRI,MSC White Uplighter,12,Bars,Disco bar,FIRE EXT 12.69, ,STD,QRC
MSC Lirica,MSCX-LIRI,MSCX,LIRI,GLU-60,11,Galley,Grill pantry,FIRE EXT  11.5.11, ,STD,QRC
MSC Lirica,MSCX-LIRI,MSCX,LIRI,FLY SHIELD 2,11,Restaurant,Buffet,FIRE POINT 23.31 PS, ,STD,QRC
MSC Lirica,MSCX-LIRI,MSCX,LIRI,FLY SHIELD 2,11,Restaurant,Buffet,DIRTY STATION  PS, ,STD,QRC
MSC Lirica,MSCX-LIRI,MSCX,LIRI,FLY SHIELD 2,11,Restaurant,Buffet, FD 11605 PS, ,STD,QRC
MSC Lirica,MSCX-LIRI,MSCX,LIRI,FLY SHIELD 2,11,Restaurant,Buffet,FD 23.27 PS, ,STD,QRC
MSC Lirica,MSCX-LIRI,MSCX,LIRI,FLY SHIELD 2,11,Restaurant,Buffet,TELEPHONE 2603 PS, ,STD,QRC
MSC Lirica,MSCX-LIRI,MSCX,LIRI,FLY SHIELD 2,11,Restaurant,Buffet,WINE CELLAR  PS, ,STD,QRC
MSC Lirica,MSCX-LIRI,MSCX,LIRI,FLY SHIELD 2,11,Restaurant,Buffet,WINE CELLAR  STBD, ,STD,QRC
MSC Lirica,MSCX-LIRI,MSCX,LIRI,FLY SHIELD 2,11,Restaurant,Buffet,TELPHONE 2604 STBD, ,STD,QRC
MSC Lirica,MSCX-LIRI,MSCX,LIRI,FLY SHIELD 2,11,Restaurant,Buffet,FD 23.24 STBD, ,STD,QRC
MSC Lirica,MSCX-LIRI,MSCX,LIRI,FLY SHIELD 2,11,Restaurant,Buffet, FD 11606 STBD, ,STD,QRC
MSC Lirica,MSCX-LIRI,MSCX,LIRI,FLY SHIELD 2,11,Restaurant,Buffet,FIRE POINT 23.18 STBD, ,STD,QRC
MSC Lirica,MSCX-LIRI,MSCX,LIRI,FLY SHIELD 2,11,Restaurant,Buffet,DIRTY STATION STBD, ,STD,QRC
MSC Lirica,MSCX-LIRI,MSCX,LIRI,MSC White Uplighter,6,Restaurant,Lappocampo, STATION NO 16  STBD, ,STD,QRC
MSC Lirica,MSCX-LIRI,MSCX,LIRI,MSC White Uplighter,6,Restaurant,Lappocampo, STATION 18 PORT.S, ,STD,QRC
MSC Lirica,MSCX-LIRI,MSCX,LIRI,GLU-60,6,Galley,Dis Wash ,FIRE POINT 20.45, ,STD,QRC
MSC Lirica,MSCX-LIRI,MSCX,LIRI,GLU-60,6,Galley,Hot Galley,FOOD LIFT LHS, ,STD,QRC
MSC Lirica,MSCX-LIRI,MSCX,LIRI,GLU-60,6,Galley,Pantry, FIRE POINT 20.33, ,STD,QRC
MSC Lirica,MSCX-LIRI,MSCX,LIRI,GLU-60,5,Galley,Pantry,FIRE EXT 5.6.26.PS, ,STD,QRC
MSC Lirica,MSCX-LIRI,MSCX,LIRI,GLU-60,5,Galley,Pastry, FIRE EXT 19/69.PS, ,STD,QRC
MSC Lirica,MSCX-LIRI,MSCX,LIRI,GLU-60,5,Galley,Pot wash,BIN, ,STD,QRC
MSC Lirica,MSCX-LIRI,MSCX,LIRI,GLU-60,5,Galley,Hot Galley,TV RHS, ,STD,QRC
MSC Lirica,MSCX-LIRI,MSCX,LIRI,GLU-60,5,Galley,Garde manger,SLAISING MACHINE RHS, ,STD,QRC
MSC Lirica,MSCX-LIRI,MSCX,LIRI,GLU-60,5,Galley,Garde manger,TABLE 1.STBD RHS, ,STD,QRC
MSC Lirica,MSCX-LIRI,MSCX,LIRI,GLU-60,5,Galley,Dis Wash ,PUBLIC ADDRESS RHS, ,STD,QRC
MSC Lirica,MSCX-LIRI,MSCX,LIRI,GLU-60,5,Galley,Galley corridor,FIRE POINT.20.60 LHS, ,STD,QRC
MSC Lirica,MSCX-LIRI,MSCX,LIRI,MSC White Uplighter,5,Restaurant,Labussola, Mater'D Desk AFT, ,STD,QRC
MSC Lirica,MSCX-LIRI,MSCX,LIRI,MSC White Uplighter,5,Restaurant,Labussola, Mater'D Desk AFT, ,STD,QRC
MSC Lirica,MSCX-LIRI,MSCX,LIRI,MSC White Uplighter,5,Restaurant,Labussola, Mater'D Desk FWD, ,STD,QRC
MSC Lirica,MSCX-LIRI,MSCX,LIRI,MSC White Uplighter,5,Restaurant,Labussola, Mater'D Desk FWD, ,STD,QRC
MSC Lirica,MSCX-LIRI,MSCX,LIRI,GLU-60,4,Galley,BUTCHER,FD. 04619 RHS, ,STD,QRC
MSC Lirica,MSCX-LIRI,MSCX,LIRI,GLU-60,4,Galley,BAKERY,HOBART MIXER, ,STD,QRC
MSC Lirica,MSCX-LIRI,MSCX,LIRI,FUSION 4,4,Provisions,Loading bay, Trolley wash room, ,STD,QRC
MSC Lirica,MSCX-LIRI,MSCX,LIRI,FUSION 4,4,Provisions,Loading bay,FIRE HOSE 4.6.16, ,STD,QRC
MSC Lirica,MSCX-LIRI,MSCX,LIRI,FUSION 4,4,Provisions,Loading bay,WTD .401 RHS, ,STD,QRC
MSC Lirica,MSCX-LIRI,MSCX,LIRI,FUSION 4,4,Provisions,Loading bay,WTD. 402 LHS, ,STD,QRC
MSC Lirica,MSCX-LIRI,MSCX,LIRI,FUSION 4,4,Provisions,Loading bay, ELEVATOR DECK PS, ,STD,QRC
MSC Lirica,MSCX-LIRI,MSCX,LIRI,GLU-60,4,Provisions,Corridor,WTD 403 LHS, ,STD,QRC
MSC Lirica,MSCX-LIRI,MSCX,LIRI,GLU-60,4,Provisions,Corridor, Electric BOX T9E55, ,STD,QRC
MSC Lirica,MSCX-LIRI,MSCX,LIRI,GLU-90,4,Garbage,Garbage Room,NO SMOKING SIGN RHS, ,STD,QRC
MSC Lirica,MSCX-LIRI,MSCX,LIRI,GLU-90,4,Garbage,Garbage Room,INCENERATOR B LHS, ,STD,QRC
MSC Lirica,MSCX-LIRI,MSCX,LIRI,GLU-90,4,Garbage,Garbage Room,FIRE EXT 46.43 LHS, ,STD,QRC
MSC Lirica,MSCX-LIRI,MSCX,LIRI,GLU-90,4,Garbage,Washing room,FD.4607 LHS, ,STD,QRC
MSC Lirica,MSCX-LIRI,MSCX,LIRI,GLU-90,4,Garbage,Sorting room,Washing Station LHS , ,STD,QRC
MSC Lirica,MSCX-LIRI,MSCX,LIRI,GLU-60,4,Galley,GRILL HOT PLATE,NOTICE, ,STD,QRC
MSC Lirica,MSCX-LIRI,MSCX,LIRI,GLU-60,4,Galley,POT WASH, FIST AID BOX, ,STD,QRC
MSC Lirica,MSCX-LIRI,MSCX,LIRI,GLU-60,4,Galley,crew galley,OVEN, ,STD,QRC
MSC Lirica,MSCX-LIRI,MSCX,LIRI,GLU-60,4,Bars,CREW BAR,TV RHS, ,STD,QRC
MSC Lirica,MSCX-LIRI,MSCX,LIRI,FUSION 4,4,Bars,CREW BAR,BIN, ,STD,QRC
MSC Lirica,MSCX-LIRI,MSCX,LIRI,FUSION 4,4,Deck,Crew corridor,FD 32.01 Opposite, ,STD,QRC
MSC Lirica,MSCX-LIRI,MSCX,LIRI,FUSION 4,4,Deck,Crew corridor,FD 04406 Opposite, ,STD,QRC
MSC Lirica,MSCX-LIRI,MSCX,LIRI,FUSION 4,4,Deck,Crew corridor, FIRE POINT.08.22, ,STD,QRC
MSC Lirica,MSCX-LIRI,MSCX,LIRI,FUSION 4,4,Deck,Crew corridor,FIRE DOOR. 04312, ,STD,QRC
MSC Lirica,MSCX-LIRI,MSCX,LIRI,Fusion 4,4,Deck,Crew corridor,FIRE DOOR.04224, ,STD,QRC
MSC Lirica,MSCX-LIRI,MSCX,LIRI,Fusion 4,4,Deck,Crew corridor,Bountyque store door 0352, ,STD,QRC
MSC Lirica,MSCX-LIRI,MSCX,LIRI,Fusion 4,3,Deck,Crew corridor,COOL ROOM 0609 RHS , ,STD,QRC
MSC Lirica,MSCX-LIRI,MSCX,LIRI,Fusion 4,3,Deck,Crew corridor,FIRE POINT.14.64 RHS., ,STD,QRC
MSC Lirica,MSCX-LIRI,MSCX,LIRI,FUSION 4,4,Deck,Gang Way stbd,SEPTY HELMET RHS , ,STD,QRC
MSC Lirica,MSCX-LIRI,MSCX,LIRI,FUSION 4,4,Deck,Gang Way port,TELPHONE 2112, ,STD,QRC
MSC Lirica,MSCX-LIRI,MSCX,LIRI,FUSION 4,3,Provisions,Corridor,AC ROOM 501 RHS , ,STD,QRC
MSC Lirica,MSCX-LIRI,MSCX,LIRI,FUSION 4,3,Provisions,Corridor,FISH STORE 0077, ,STD,QRC
MSC Lirica,MSCX-LIRI,MSCX,LIRI,GLU-60,3,Provisions,Corridor,FIRE POINT. 19.102, ,STD,QRC
MSC Lirica,MSCX-LIRI,MSCX,LIRI,GLU-60,3,Provisions,Corridor,CREW ELEVATOR RHS, ,STD,QRC
MSC Magnifica,MSCX-MAGN,MSCX,MAGN,Fly Shield 2,13,Buffet,Sahara & L'Oasis,Entrance STBD (Outside), ,STD,QRC
MSC Magnifica,MSCX-MAGN,MSCX,MAGN,Fly Shield 2,13,Buffet,Sahara & L'Oasis,Entrance PORT (Outside), ,STD,QRC
MSC Magnifica,MSCX-MAGN,MSCX,MAGN,Fly Shield 2,13,Buffet,Sahara & L'Oasis,Dirty Station 10 STBD, ,STD,QRC
MSC Magnifica,MSCX-MAGN,MSCX,MAGN,Fly Shield 2,13,Buffet,Sahara & L'Oasis,Fruit Bar STBD, ,STD,QRC
MSC Magnifica,MSCX-MAGN,MSCX,MAGN,Fly Shield 2,13,Buffet,Sahara & L'Oasis,Salad Bar PORT, ,STD,QRC
MSC Magnifica,MSCX-MAGN,MSCX,MAGN,Fly Shield 2,13,Buffet,Sahara & L'Oasis,Dirty Station 1 PORT, ,STD,QRC
MSC Magnifica,MSCX-MAGN,MSCX,MAGN,Fly Shield 2,13,Buffet,Sahara & L'Oasis,Pizza STBD (FD 13605), ,STD,QRC
MSC Magnifica,MSCX-MAGN,MSCX,MAGN,Fly Shield 2,13,Buffet,Sahara & L'Oasis,Pizza STBD (Tel. 2755), ,STD,QRC
MSC Magnifica,MSCX-MAGN,MSCX,MAGN,Fly Shield 2,13,Buffet,Sahara & L'Oasis,Dessert & Fruit, ,STD,QRC
MSC Magnifica,MSCX-MAGN,MSCX,MAGN,Fly Shield 2,13,Buffet,Sahara & L'Oasis,Entrance Btwn Rests FWD (FD 13617), ,STD,QRC
MSC Magnifica,MSCX-MAGN,MSCX,MAGN,Fly Shield 2,13,Buffet,Sahara & L'Oasis,Entrance Btwn Rests AFT (FD 13617), ,STD,QRC
MSC Magnifica,MSCX-MAGN,MSCX,MAGN,Fly Shield 2,13,Buffet,Sahara & L'Oasis,Entrance Btwn Rests AFT (FD 13616), ,STD,QRC
MSC Magnifica,MSCX-MAGN,MSCX,MAGN,Fly Shield 2,13,Buffet,Sahara & L'Oasis,Entrance Btwn Rests FWD (FD 13616), ,STD,QRC
MSC Magnifica,MSCX-MAGN,MSCX,MAGN,Fly Shield 2,13,Buffet,Sahara & L'Oasis,Daily Special, ,STD,QRC
MSC Magnifica,MSCX-MAGN,MSCX,MAGN,Fly Shield 2,13,Buffet,Sahara & L'Oasis,Carving, ,STD,QRC
MSC Magnifica,MSCX-MAGN,MSCX,MAGN,Fly Shield 2,13,Buffet,Sahara & L'Oasis,Bar & Kids Corner, ,STD,QRC
MSC Magnifica,MSCX-MAGN,MSCX,MAGN,Fly Shield 2,13,Buffet,Sahara & L'Oasis,Dirty Station 5 AFT STBD, ,STD,QRC
MSC Magnifica,MSCX-MAGN,MSCX,MAGN,Fly Shield 2,13,Buffet,Sahara & L'Oasis,Dirty Station 9 AFT PORT, ,STD,QRC
MSC Magnifica,MSCX-MAGN,MSCX,MAGN,Fly Shield 2,13,Buffet,Sahara & L'Oasis,Ethnic & Bar Counter, ,STD,QRC
MSC Magnifica,MSCX-MAGN,MSCX,MAGN,Fly Shield 2,13,Buffet,Sahara & L'Oasis,Carving PORT, ,STD,QRC
MSC Magnifica,MSCX-MAGN,MSCX,MAGN,Fly Shield 2,13,Buffet,Sahara & L'Oasis,Cold Meats & Cheese, ,STD,QRC
MSC Magnifica,MSCX-MAGN,MSCX,MAGN,Fly Shield 2,13,Buffet,Sahara & L'Oasis,Dessert & Fruit, ,STD,QRC
MSC Magnifica,MSCX-MAGN,MSCX,MAGN,Fly Shield 2,13,Buffet,Sahara & L'Oasis,Grill LHS, ,STD,QRC
MSC Magnifica,MSCX-MAGN,MSCX,MAGN,Fly Shield 2,13,Buffet,Sahara & L'Oasis,Grill RHS, ,STD,QRC
MSC Magnifica,MSCX-MAGN,MSCX,MAGN,GLU-60,13,Galley,Sahara Galley,Sanitising Sinks, ,STD,QRC
MSC Magnifica,MSCX-MAGN,MSCX,MAGN,GLU-60,13,Galley,Oasis Galley,White Speaker, ,STD,QRC
MSC Magnifica,MSCX-MAGN,MSCX,MAGN,GLU-60,13,Galley,Oasis Galley,Speaker (Bins), ,STD,QRC
MSC Magnifica,MSCX-MAGN,MSCX,MAGN,GLU-60,6,Galley,Dish Wash,Speaker (Bins), ,STD,QRC
MSC Magnifica,MSCX-MAGN,MSCX,MAGN,GLU-60,6,Galley,Pot Wash,Bins (Dirty), ,STD,QRC
MSC Magnifica,MSCX-MAGN,MSCX,MAGN,GLU-60,6,Galley,Hot Galley,Bins , ,STD,QRC
MSC Magnifica,MSCX-MAGN,MSCX,MAGN,GLU-60,6,Galley,Hot Galley,Bakery Entrance, ,STD,QRC
MSC Magnifica,MSCX-MAGN,MSCX,MAGN,GLU-60,6,Galley,Hot Galley,Pastry Entrance, ,STD,QRC
MSC Magnifica,MSCX-MAGN,MSCX,MAGN,GLU-60,6,Galley,Bakery,Telephone 2691, ,STD,QRC
MSC Magnifica,MSCX-MAGN,MSCX,MAGN,GLU-60,6,Galley,Garde Manger,Bins, ,STD,QRC
MSC Magnifica,MSCX-MAGN,MSCX,MAGN,GLU-60,6,Galley,Garde Manger,Pasta Machine, ,STD,QRC
MSC Magnifica,MSCX-MAGN,MSCX,MAGN,GLU-60,6,Galley,Pantry,White Speaker, ,STD,QRC
MSC Magnifica,MSCX-MAGN,MSCX,MAGN,GLU-60,5,Galley,Dish Wash,Bins, ,STD,QRC
MSC Magnifica,MSCX-MAGN,MSCX,MAGN,GLU-60,5,Galley,Chef Office,Bins (White Speaker), ,STD,QRC
MSC Magnifica,MSCX-MAGN,MSCX,MAGN,GLU-60,5,Galley,Pastry,Steam Duct Cleaning Door, ,STD,QRC
MSC Magnifica,MSCX-MAGN,MSCX,MAGN,GLU-60,5,Galley,Garde Manger,Telephone 2674, ,STD,QRC
MSC Magnifica,MSCX-MAGN,MSCX,MAGN,GLU-60,5,Galley,Garde Manger,Bins, ,STD,QRC
MSC Magnifica,MSCX-MAGN,MSCX,MAGN,GLU-60,5,Galley,Pantry,Speaker, ,STD,QRC
MSC Magnifica,MSCX-MAGN,MSCX,MAGN,GLU-60,5,Galley,Elevator Corridor,Elevator 3, ,STD,QRC
MSC Magnifica,MSCX-MAGN,MSCX,MAGN,GLU-60,4,Galley,Pot Wash,Telephone 2646, ,STD,QRC
MSC Magnifica,MSCX-MAGN,MSCX,MAGN,Fly Shield 1,4,Galley,Crew Galley,Speaker (Fryer), ,STD,QRC
MSC Magnifica,MSCX-MAGN,MSCX,MAGN,Fly Shield 1,4,Galley,Crew Galley,Double Locker Door, ,STD,QRC
MSC Magnifica,MSCX-MAGN,MSCX,MAGN,Fly Shield 2,4,Messes,Officers Mess,Main Door, ,STD,QRC
MSC Magnifica,MSCX-MAGN,MSCX,MAGN,Fly Shield 2,4,Messes,Officers Mess,Fire Detection System Box, ,STD,QRC
MSC Magnifica,MSCX-MAGN,MSCX,MAGN,Fly Shield 2,4,Messes,Petty Mess,Television, ,STD,QRC
MSC Magnifica,MSCX-MAGN,MSCX,MAGN,Fly Shield 2,4,Messes,Petty Mess,Bins, ,STD,QRC
MSC Magnifica,MSCX-MAGN,MSCX,MAGN,Fly Shield 2,4,Messes,Staff Mess,Main Door , ,STD,QRC
MSC Magnifica,MSCX-MAGN,MSCX,MAGN,Fly Shield 2,4,Messes,Staff Mess,Television, ,STD,QRC
MSC Magnifica,MSCX-MAGN,MSCX,MAGN,Fly Shield 2,4,Messes,Staff Mess,Plate Scrape, ,STD,QRC
MSC Magnifica,MSCX-MAGN,MSCX,MAGN,GLU-60,4,Messes,Crew Mess,Television, ,STD,QRC
MSC Magnifica,MSCX-MAGN,MSCX,MAGN,GLU-60,4,Messes,Crew Mess,Plate Scrape, ,STD,QRC
MSC Magnifica,MSCX-MAGN,MSCX,MAGN,GLU-60,4,Messes,Crew Mess,Clock (Tel 2641), ,STD,QRC
MSC Magnifica,MSCX-MAGN,MSCX,MAGN,GLU-60,4,Messes,Crew Mess,No Smoking Sign AFT, ,STD,QRC
MSC Magnifica,MSCX-MAGN,MSCX,MAGN,Fusion 4,4,Provisions,Loading Area,Service Alley 274, ,STD,QRC
MSC Magnifica,MSCX-MAGN,MSCX,MAGN,Fusion 4,4,Provisions,Loading Area,Elevator 1, ,STD,QRC
MSC Magnifica,MSCX-MAGN,MSCX,MAGN,Fusion 4,4,Provisions,Loading Area,Emer. Stop (FD 72301), ,STD,QRC
MSC Magnifica,MSCX-MAGN,MSCX,MAGN,Fusion 4,4,Provisions,Loading Area,CCTV (Rear), ,STD,QRC
MSC Magnifica,MSCX-MAGN,MSCX,MAGN,Fusion 4,4,Provisions,Loading Area,White Speaker, ,STD,QRC
MSC Magnifica,MSCX-MAGN,MSCX,MAGN,Fusion 4,4,Provisions,Corridor AFT,Butchers Door, ,STD,QRC
MSC Magnifica,MSCX-MAGN,MSCX,MAGN,Fusion 4,4,Provisions,Dry Store/Fridge Area,WI-FI (2 Notices), ,STD,QRC
MSC Magnifica,MSCX-MAGN,MSCX,MAGN,Fusion 4,3,Provisions,Corridor AFT,Veg. Store 174, ,STD,QRC
MSC Magnifica,MSCX-MAGN,MSCX,MAGN,Fusion 4,3,Provisions,Loading Area,Water Tight Door 319, ,STD,QRC
MSC Magnifica,MSCX-MAGN,MSCX,MAGN,Fusion 4,3,Provisions,Loading Area,Elevator 3, ,STD,QRC
MSC Magnifica,MSCX-MAGN,MSCX,MAGN,Fusion 4,4,Garbage,Garbage Room,Bins, ,STD,QRC
MSC Magnifica,MSCX-MAGN,MSCX,MAGN,Fusion 4,4,Garbage,Garbage Room,Telephone 2513, ,STD,QRC
MSC Magnifica,MSCX-MAGN,MSCX,MAGN,Fusion 4,4,Garbage,Garbage Room,Densifier, ,STD,QRC
MSC Magnifica,MSCX-MAGN,MSCX,MAGN,Fusion 4,4,Garbage,Garbage Corridor,Notice Board (FP 703.092), ,STD,QRC
MSC Magnifica,MSCX-MAGN,MSCX,MAGN,Fusion 4,4,Deck,I-95 to Gangway AFT,Telephone 2640, ,STD,QRC
MSC Magnifica,MSCX-MAGN,MSCX,MAGN,Fusion 4,4,Deck,I-95 to Gangway AFT,Fire Point 602.039, ,STD,QRC
MSC Magnifica,MSCX-MAGN,MSCX,MAGN,Fusion 4,4,Deck,I-95 to Gangway AFT,Picture (FD 04517), ,STD,QRC
MSC Magnifica,MSCX-MAGN,MSCX,MAGN,Fusion 4,4,Deck,Gangway AFT STBD,CCTV, ,STD,QRC
MSC Magnifica,MSCX-MAGN,MSCX,MAGN,Fusion 4,4,Deck,Gangway AFT PORT,WI-FI Access Point, ,STD,QRC
MSC Magnifica,MSCX-MAGN,MSCX,MAGN,Fusion 4,4,Deck,Gangway AFT to Gangway FWD,Crew Alley 226, ,STD,QRC
MSC Magnifica,MSCX-MAGN,MSCX,MAGN,Fusion 4,4,Deck,Gangway AFT to Gangway FWD,Fire Point 505.044, ,STD,QRC
MSC Magnifica,MSCX-MAGN,MSCX,MAGN,Fusion 4,4,Deck,Gangway AFT to Gangway FWD,Picture (FP 309.132), ,STD,QRC
MSC Magnifica,MSCX-MAGN,MSCX,MAGN,Fusion 4,4,Deck,Gangway AFT to Gangway FWD,Fire Point 309.124, ,STD,QRC
MSC Magnifica,MSCX-MAGN,MSCX,MAGN,Fusion 4,4,Deck,Gangway FWD STBD,CCTV, ,STD,QRC
MSC Magnifica,MSCX-MAGN,MSCX,MAGN,Fusion 4,4,Deck,Gangway FWD PORT,5 X Power Sockets, ,STD,QRC
MSC Magnifica,MSCX-MAGN,MSCX,MAGN,Fusion 4,4,Deck,Gangway FWD to I-95,Crew Alley 193 (FD 4219), ,STD,QRC
MSC Magnifica,MSCX-MAGN,MSCX,MAGN,Fusion 4,4,Deck,Gangway FWD to I-96,Crew Alley 193 (FD 4213), ,STD,QRC
MSC Meraviglia,MSCX-MERA,MSCX,MERA,GLU-60,19,Galley,One Pool Pantry, Telephone 2376, ,STD,QRC
MSC Meraviglia,MSCX-MERA,MSCX,MERA,GLU-60,18,Galley,Yacht Club Galley, Cleaning Material Locker, ,STD,QRC
MSC Meraviglia,MSCX-MERA,MSCX,MERA,GLU-60,15,Galley,Crew Corridor, Man Toilet PORT, ,STD,QRC
MSC Meraviglia,MSCX-MERA,MSCX,MERA,GLU-60,15,Galley,Crew Corridor,Woman Toilet STBD (Opp.), ,STD,QRC
MSC Meraviglia,MSCX-MERA,MSCX,MERA,GLU-60,15,Galley,Lido Galley, Electrical Locker 1570, ,STD,QRC
MSC Meraviglia,MSCX-MERA,MSCX,MERA,GLU-60,15,Galley,Lido Galley,Dish Wash (Bin), ,STD,QRC
MSC Meraviglia,MSCX-MERA,MSCX,MERA,GLU-60,15,Galley,Plate Wash PORT, Cleaning Locker 1530, ,STD,QRC
MSC Meraviglia,MSCX-MERA,MSCX,MERA,GLU-60,15,Galley,Coffee Station,Food PORT (Bin), ,STD,QRC
MSC Meraviglia,MSCX-MERA,MSCX,MERA,GLU-60,15,Galley,Grab & Go, Telephone 2785, ,STD,QRC
MSC Meraviglia,MSCX-MERA,MSCX,MERA,GLU-60,6,Galley,Upper Galley,Wine Cellar (Opp.), ,STD,QRC
MSC Meraviglia,MSCX-MERA,MSCX,MERA,GLU-60,6,Galley,Upper Galley,Crew Corridor PORT, ,STD,QRC
MSC Meraviglia,MSCX-MERA,MSCX,MERA,GLU-60,6,Galley,Upper Galley STBD,Beverage Station (WHB), ,STD,QRC
MSC Meraviglia,MSCX-MERA,MSCX,MERA,GLU-60,6,Galley,Upper Galley PORT,Beverage Station (WHB), ,STD,QRC
MSC Meraviglia,MSCX-MERA,MSCX,MERA,GLU-60,5,Galley,Main Galley, Crew Toilet 0484, ,STD,QRC
MSC Meraviglia,MSCX-MERA,MSCX,MERA,GLU-60,5,Galley,Main Galley,Cleaning Locker, ,STD,QRC
MSC Meraviglia,MSCX-MERA,MSCX,MERA,GLU-60,5,Galley,Hot Galley,Bins, ,STD,QRC
MSC Meraviglia,MSCX-MERA,MSCX,MERA,GLU-60,5,Galley,Hot Galley, Fire Extinguisher, ,STD,QRC
MSC Meraviglia,MSCX-MERA,MSCX,MERA,GLU-60,4,Messes,Street Food Market,"Eat, Drink Joy (TV)", ,STD,QRC
MSC Meraviglia,MSCX-MERA,MSCX,MERA,GLU-60,4,Messes,Street Food Market,Porthole 1 & 2, ,STD,QRC
MSC Meraviglia,MSCX-MERA,MSCX,MERA,GLU-60,4,Messes,Street Food Market,Porthole 5 & 6, ,STD,QRC
MSC Meraviglia,MSCX-MERA,MSCX,MERA,GLU-60,4,Messes,Street Food Market, Cleaning Locker, ,STD,QRC
MSC Meraviglia,MSCX-MERA,MSCX,MERA,GLU-60,4,Messes,Street Food Market,Wash Hand Basin, ,STD,QRC
MSC Meraviglia,MSCX-MERA,MSCX,MERA,GLU-60,4,Messes,Street Food Market,Opposite Vending Machine, ,STD,QRC
MSC Meraviglia,MSCX-MERA,MSCX,MERA,GLU-60,4,Messes,Mediterranean,Plate House (WHB), ,STD,QRC
MSC Meraviglia,MSCX-MERA,MSCX,MERA,GLU-60,4,Messes,Mediterranean, Cleaning Locker, ,STD,QRC
MSC Meraviglia,MSCX-MERA,MSCX,MERA,GLU-60,4,Messes,Mediterranean,Porthole 3 & 4, ,STD,QRC
MSC Meraviglia,MSCX-MERA,MSCX,MERA,GLU-60,4,Messes,Mediterranean," Eat, Drink Joy", ,STD,QRC
MSC Meraviglia,MSCX-MERA,MSCX,MERA,GLU-60,4,Messes,Mediterranean, Fire Extinguisher, ,STD,QRC
MSC Meraviglia,MSCX-MERA,MSCX,MERA,GLU-60,4,Messes,International, Red Picture, ,STD,QRC
MSC Meraviglia,MSCX-MERA,MSCX,MERA,GLU-60,4,Messes,International,Television, ,STD,QRC
MSC Meraviglia,MSCX-MERA,MSCX,MERA,Fusion 4,4,Provisions,Loading area,Beverage Store STBD, ,STD,QRC
MSC Meraviglia,MSCX-MERA,MSCX,MERA,GLU-60,4,Provisions,Crew Corridor,Provision Office, ,STD,QRC
MSC Meraviglia,MSCX-MERA,MSCX,MERA,GLU-60,4,Provisions,Loading area,Gangway AFT STBD, ,STD,QRC
MSC Meraviglia,MSCX-MERA,MSCX,MERA,GLU-60,4,Provisions,Loading area,Gangway AFT PORT, ,STD,QRC
MSC Meraviglia,MSCX-MERA,MSCX,MERA,GLU-90,3,Provisions,Prep Corridor, Telephone 3542, ,STD,QRC
MSC Meraviglia,MSCX-MERA,MSCX,MERA,GLU-90,3,Provisions,Corridor To Stair, Red Wine, ,STD,QRC
MSC Meraviglia,MSCX-MERA,MSCX,MERA,GLU-60,3,Provisions,Corridor To Stair, NEC Wi-fi, ,STD,QRC
MSC Meraviglia,MSCX-MERA,MSCX,MERA,GLU-60,8,Bars,Crew Disco,Games Room, ,STD,QRC
MSC Meraviglia,MSCX-MERA,MSCX,MERA,GLU-60,8,Bars,Crew Disco,Bar Area, ,STD,QRC
MSC Meraviglia,MSCX-MERA,MSCX,MERA,GLU-60,4,Bars,Crew Bar, Pictures, ,STD,QRC
MSC Meraviglia,MSCX-MERA,MSCX,MERA,GLU-60,4,Bars,Crew Bar, Port Hole 5, ,STD,QRC
MSC Meraviglia,MSCX-MERA,MSCX,MERA,GLU-90,4,Garbage,Crew Sorting Room,Bins, ,STD,QRC
MSC Meraviglia,MSCX-MERA,MSCX,MERA,GLU-90,4,Garbage,Main Garbage, Incinerator A, ,STD,QRC
MSC Meraviglia,MSCX-MERA,MSCX,MERA,GLU-90,4,Garbage,Main Garbage, Glass Crusher, ,STD,QRC
MSC Meraviglia,MSCX-MERA,MSCX,MERA,Fusion 4,4,Housekeeping,Crew Corridor,Print Shop (Opp.), ,STD,QRC
MSC Meraviglia,MSCX-MERA,MSCX,MERA,Fusion 4,4,Housekeeping,Gangway Pax FWD STBD,Electrical Lkr 0446 (Opp.), ,STD,QRC
MSC Meraviglia,MSCX-MERA,MSCX,MERA,Fusion 4,4,Housekeeping,Gangway Pax FWD PORT, Telephone 2385, ,STD,QRC
MSC Meraviglia,MSCX-MERA,MSCX,MERA,Fusion 4,4,Housekeeping,Crew Corridor, Telephone 3543, ,STD,QRC
MSC Meraviglia,MSCX-MERA,MSCX,MERA,Fusion 4,4,Housekeeping,Crew Corridor,Stairway 3, ,STD,QRC
MSC Meraviglia,MSCX-MERA,MSCX,MERA,Fusion 4,4,Housekeeping,Crew Corridor,Stairway H, ,STD,QRC
MSC Meraviglia,MSCX-MERA,MSCX,MERA,Fusion 4,4,Housekeeping,Gangway Pax MID STBD, Telephone 2387, ,STD,QRC
MSC Meraviglia,MSCX-MERA,MSCX,MERA,Fusion 4,4,Housekeeping,Gangway Pax MID PORT, Telephone 2388, ,STD,QRC
MSC Meraviglia,MSCX-MERA,MSCX,MERA,Fusion 4,4,Housekeeping,Crew Gangway MID STBD, NEC Wi-fi, ,STD,QRC
MSC Meraviglia,MSCX-MERA,MSCX,MERA,Fusion 4,4,Housekeeping,Crew Gangway MID PORT, Telephone 3530, ,STD,QRC
MSC Meraviglia,MSCX-MERA,MSCX,MERA,Fusion 4,4,Housekeeping,Crew Gangway MID STBD, Passenger Card Point, ,STD,QRC
MSC Meraviglia,MSCX-MERA,MSCX,MERA,MSC White Uplighter,15,Buffet,Market Place,Clearing Station AFT STBD, ,STD,QRC
MSC Meraviglia,MSCX-MERA,MSCX,MERA,MSC White Uplighter,15,Buffet,Market Place,Dessert Counter STBD, ,STD,QRC
MSC Meraviglia,MSCX-MERA,MSCX,MERA,MSC White Uplighter,15,Buffet,Market Place,Cold Cuts & Cheese STBD, ,STD,QRC
MSC Meraviglia,MSCX-MERA,MSCX,MERA,MSC White Uplighter,15,Buffet,Market Place,Clearing Station FWD STBD, ,STD,QRC
MSC Meraviglia,MSCX-MERA,MSCX,MERA,MSC White Uplighter,15,Buffet,Market Place,Clearing Station AFT PORT, ,STD,QRC
MSC Meraviglia,MSCX-MERA,MSCX,MERA,MSC White Uplighter,15,Buffet,Market Place,Dessert Counter Port, ,STD,QRC
MSC Meraviglia,MSCX-MERA,MSCX,MERA,MSC White Uplighter,15,Buffet,Market Place,Cold Cuts & Cheese PORT, ,STD,QRC
MSC Meraviglia,MSCX-MERA,MSCX,MERA,MSC White Uplighter,15,Buffet,Market Place,Clearing Station FWD PORT, ,STD,QRC
MSC Musica,MSCX-MUSI,MSCX,MUSI,GLU-60,13,Galley,Elevator AFT,Common Toilet, ,STD,QRC
MSC Musica,MSCX-MUSI,MSCX,MUSI,Fly Shield 2,13,Galley,Buffet Galley FWD,Dish Wash (Opp.), ,STD,QRC
MSC Musica,MSCX-MUSI,MSCX,MUSI,Fly Shield 2,13,Galley,Buffet Galley AFT,Hot Section (Fire Door 13712), ,STD,QRC
MSC Musica,MSCX-MUSI,MSCX,MUSI,Fly Shield 2,13,Galley,Buffet Galley AFT,Exit Sign (Fire Door 13711), ,STD,QRC
MSC Musica,MSCX-MUSI,MSCX,MUSI,Fusion 4,6,Galley,Pantry,Bins (Toaster), ,STD,QRC
MSC Musica,MSCX-MUSI,MSCX,MUSI,Fusion 4,6,Galley,Garde Manger,Bins (Telephone: 2690), ,STD,QRC
MSC Musica,MSCX-MUSI,MSCX,MUSI,Fusion 4,6,Galley,Hot Section,Bins (Opp.Hot Plates), ,STD,QRC
MSC Musica,MSCX-MUSI,MSCX,MUSI,Fusion 4,6,Galley,Hot Section,Mid Bulkhead, ,STD,QRC
MSC Musica,MSCX-MUSI,MSCX,MUSI,Fusion 4,6,Galley,Pot Wash,Wash Hand Basin, ,STD,QRC
MSC Musica,MSCX-MUSI,MSCX,MUSI,Fusion 4,6,Galley,Dish Wash,Bins, ,STD,QRC
MSC Musica,MSCX-MUSI,MSCX,MUSI,Fusion 4,5,Galley,Cold Pantry,Bins, ,STD,QRC
MSC Musica,MSCX-MUSI,MSCX,MUSI,Fusion 4,5,Galley,Garde Manger,Bins (057458), ,STD,QRC
MSC Musica,MSCX-MUSI,MSCX,MUSI,Fusion 4,5,Galley,Washing Area,Bins (Large Sink), ,STD,QRC
MSC Musica,MSCX-MUSI,MSCX,MUSI,GLU-60,5,Galley,Chef Office,Cold Room (Notice Board), ,STD,QRC
MSC Musica,MSCX-MUSI,MSCX,MUSI,GLU-60,5,Galley,Elevator AFT,Common Toilet No 300, ,STD,QRC
MSC Musica,MSCX-MUSI,MSCX,MUSI,GLU-60,4,Galley,Crew Galley,Bins (Opp. Pot Wash), ,STD,QRC
MSC Musica,MSCX-MUSI,MSCX,MUSI,GLU-60,4,Galley,Butchers,Telephone 2649 , ,STD,QRC
MSC Musica,MSCX-MUSI,MSCX,MUSI,GLU-60,4,Galley,Fish Prep,Freezer, ,STD,QRC
MSC Musica,MSCX-MUSI,MSCX,MUSI,Fly Shield 2,4,Messes,Crew Mess,Television, ,STD,QRC
MSC Musica,MSCX-MUSI,MSCX,MUSI,GLU-60,4,Messes,Crew Mess,Bins (Opp. Large Sink), ,STD,QRC
MSC Musica,MSCX-MUSI,MSCX,MUSI,Fly Shield 2,4,Messes,Crew Mess,Emergency Hatch Bulkhead LHS, ,STD,QRC
MSC Musica,MSCX-MUSI,MSCX,MUSI,Fly Shield 2,4,Messes,Officers Mess,Entrance (Diagram Picture), ,STD,QRC
MSC Musica,MSCX-MUSI,MSCX,MUSI,Fly Shield 2,4,Messes,Petty Mess,Plate Scrape (Opp.), ,STD,QRC
MSC Musica,MSCX-MUSI,MSCX,MUSI,Fly Shield 2,4,Messes,Petty Mess,Television (Tel: 2644), ,STD,QRC
MSC Musica,MSCX-MUSI,MSCX,MUSI,Fly Shield 2,4,Messes,Staff Mess,Plate Scrape (Tel: 2643), ,STD,QRC
MSC Musica,MSCX-MUSI,MSCX,MUSI,Fly Shield 2,4,Messes,Staff Mess,Television (Btwn Pictures), ,STD,QRC
MSC Musica,MSCX-MUSI,MSCX,MUSI,Fly Shield 2,4,Messes,Staff Mess,Suggestion Book (No Smoking Sign), ,STD,QRC
MSC Musica,MSCX-MUSI,MSCX,MUSI,Fly Shield 2,14,Bars,Q32 Disco bar,Hand Wash Basin (Door Exit), ,STD,QRC
MSC Musica,MSCX-MUSI,MSCX,MUSI,GLU-60,4,Bars,Crew Bar,Bar Counter (Picture), ,STD,QRC
MSC Musica,MSCX-MUSI,MSCX,MUSI,GLU-90,4,Provisions,Loading Area,Trolley Wash (FD04709), ,STD,QRC
MSC Musica,MSCX-MUSI,MSCX,MUSI,GLU-90,4,Provisions,Loading Area,Human Resources Point, ,STD,QRC
MSC Musica,MSCX-MUSI,MSCX,MUSI,GLU-90,4,Provisions,Loading Area,Wi-Fi (Sink), ,STD,QRC
MSC Musica,MSCX-MUSI,MSCX,MUSI,GLU-90,4,Provisions,Loading Area,Butchers (FD 04720), ,STD,QRC
MSC Musica,MSCX-MUSI,MSCX,MUSI,GLU-60,3,Provisions,Loading Area,Veg Prep Rm (FD 03703), ,STD,QRC
MSC Musica,MSCX-MUSI,MSCX,MUSI,GLU-60,3,Provisions,Loading Area,Dry Flour Store, ,STD,QRC
MSC Musica,MSCX-MUSI,MSCX,MUSI,GLU-90,3,Provisions,Loading Area,Bins (Nr Fruit Storage), ,STD,QRC
MSC Musica,MSCX-MUSI,MSCX,MUSI,GLU-90,4,Garbage,Garbage Room,Bins (Opp. Glass Crush), ,STD,QRC
MSC Musica,MSCX-MUSI,MSCX,MUSI,GLU-90,4,Garbage,Garbage Room,Telephone 2540, ,STD,QRC
MSC Musica,MSCX-MUSI,MSCX,MUSI,Fly Shield 2,13,Restaurant,IL Giardino,Entrance Door PORT, ,STD,QRC
MSC Musica,MSCX-MUSI,MSCX,MUSI,Fly Shield 2,13,Restaurant,IL Giardino,Entrance Door STBD, ,STD,QRC
MSC Musica,MSCX-MUSI,MSCX,MUSI,Fly Shield 2,13,Restaurant,IL Giardino,Hot Section (Telephone: 2759), ,STD,QRC
MSC Musica,MSCX-MUSI,MSCX,MUSI,Fly Shield 2,13,Restaurant,IL Giardino,Cold Cuts (Rear), ,STD,QRC
MSC Musica,MSCX-MUSI,MSCX,MUSI,Fly Shield 2,13,Restaurant,IL Giardino,Pizza Section (Rear), ,STD,QRC
MSC Musica,MSCX-MUSI,MSCX,MUSI,Fly Shield 2,13,Restaurant,IL Giardino,Fruit Salad Section (Opp.), ,STD,QRC
MSC Musica,MSCX-MUSI,MSCX,MUSI,Fly Shield 2,13,Restaurant,IL Giardino,Vegetable Salad Section, ,STD,QRC
MSC Musica,MSCX-MUSI,MSCX,MUSI,Fly Shield 2,13,Restaurant,IL Giardino,Bakery Section, ,STD,QRC
MSC Musica,MSCX-MUSI,MSCX,MUSI,Fly Shield 2,6,Restaurant,Belle Epoque Restaurant,Assembly Station (G Sign), ,STD,QRC
MSC Musica,MSCX-MUSI,MSCX,MUSI,Fly Shield 2,5,Restaurant,Lóleandro Restaurant,Opp Clearing Station (Opp.), ,STD,QRC
MSC Musica,MSCX-MUSI,MSCX,MUSI,Fusion 4,4,Deck,Gangway MID PORT,Telephone 2637, ,STD,QRC
MSC Musica,MSCX-MUSI,MSCX,MUSI,Fly Shield 2,4,Deck,Gangways,Gangway MID STBD (Tel: 2368), ,STD,QRC
MSC Musica,MSCX-MUSI,MSCX,MUSI,Fly Shield 2,4,Deck,Gangways,Gangway FWD STBD (CCTV), ,STD,QRC
MSC Musica,MSCX-MUSI,MSCX,MUSI,Fly Shield 2,4,Deck,Gangways,Gangway FWD (Security Mchn), ,STD,QRC
MSC Opera,MSCX-OPER,MSCX,OPER,GLU-60,5,Galley,Wine Cellar,Entrance PORT, ,STD,QRC
MSC Opera,MSCX-OPER,MSCX,OPER,Fusion 4,5,Galley,Dish Wash,Entrance STBD, ,STD,QRC
MSC Opera,MSCX-OPER,MSCX,OPER,GLU-60,4,Messes,Crew Mess,Cleaning Locker, ,STD,QRC
MSC Opera,MSCX-OPER,MSCX,OPER,Fusion 4,4,Messes,Crew Mess,Clock, ,STD,QRC
MSC Opera,MSCX-OPER,MSCX,OPER,GLU-60,4,Messes,Officers Mess,Clock, ,STD,QRC
MSC Opera,MSCX-OPER,MSCX,OPER,GLU-60,4,Messes,Staff Mess,Clock, ,STD,QRC
MSC Opera,MSCX-OPER,MSCX,OPER,GLU-90,4,Provision,Loading PORT,Toilet, ,STD,QRC
MSC Opera,MSCX-OPER,MSCX,OPER,GLU-90,4,Provision,Loading PORT,Shell Door (PORT), ,STD,QRC
MSC Opera,MSCX-OPER,MSCX,OPER,GLU-90,4,Provision,Loading STBD,Shell Door (STBD), ,STD,QRC
MSC Opera,MSCX-OPER,MSCX,OPER,Fusion 4,4,Provision,Bakery,Entrance, ,STD,QRC
MSC Opera,MSCX-OPER,MSCX,OPER,GLU-90,3,Provision,Fruit Store,Entrance, ,STD,QRC
MSC Opera,MSCX-OPER,MSCX,OPER,Fusion 4,3,Provision,Food Preparation,Entrance, ,STD,QRC
MSC Opera,MSCX-OPER,MSCX,OPER,GLU-90,3,Provision,Sorting Area,Chemical Store, ,STD,QRC
MSC Opera,MSCX-OPER,MSCX,OPER,GLU-60,4,Bars,Crew Bar,Clock, ,STD,QRC
MSC Opera,MSCX-OPER,MSCX,OPER,GLU-90,4,Garbage,Sorting Room,Entrance, ,STD,QRC
MSC Opera,MSCX-OPER,MSCX,OPER,GLU-60,4,Garbage,Glass Crush,Glass Shredder (Rear), ,STD,QRC
MSC Opera,MSCX-OPER,MSCX,OPER,GLU-60,4,Garbage,Glass Crush,Glass Shredder (Front), ,STD,QRC
MSC Opera,MSCX-OPER,MSCX,OPER,GLU-90,4,Housekeeping,Luggage Room,Bulkhead PORT, ,STD,QRC
MSC Opera,MSCX-OPER,MSCX,OPER,GLU-90,4,Housekeeping,Luggage Room,Bulkhead STBD, ,STD,QRC
MSC Opera,MSCX-OPER,MSCX,OPER,Fusion 4,4,Housekeeping,Engine Control Room,Printer Machine, ,STD,QRC
MSC Opera,MSCX-OPER,MSCX,OPER,Fusion 4,11,Buffet,Fruit Station,Bulkhead PORT, ,STD,QRC
MSC Opera,MSCX-OPER,MSCX,OPER,Fusion 4,11,Buffet,Fruit Station,Bulkhead STBD, ,STD,QRC
MSC Opera,MSCX-OPER,MSCX,OPER,GLU-60,11,Buffet,Wine Cellar,Fruit Station, ,STD,QRC
MSC Opera,MSCX-OPER,MSCX,OPER,GLU-60,11,Buffet,Pizzeira,Entrance, ,STD,QRC
MSC Opera,MSCX-OPER,MSCX,OPER,GLU-60,11,Buffet,Grill,Entrance, ,STD,QRC
MSC Orchestra,MSCX-ORCH,MSCX,ORCH,Fly Shield 2,13,Buffet,4 Seasons Buffet,Electric Door PORT (FD 13616), ,STD,QRC
MSC Orchestra,MSCX-ORCH,MSCX,ORCH,Fly Shield 2,13,Buffet,4 Seasons Buffet,Daily Special PORT, ,STD,QRC
MSC Orchestra,MSCX-ORCH,MSCX,ORCH,Fly Shield 2,13,Buffet,4 Seasons Buffet,Bakery Corner PORT, ,STD,QRC
MSC Orchestra,MSCX-ORCH,MSCX,ORCH,Fly Shield 2,13,Buffet,4 Seasons Buffet,Bar LHS, ,STD,QRC
MSC Orchestra,MSCX-ORCH,MSCX,ORCH,Fly Shield 2,13,Buffet,4 Seasons Buffet,Dirty Station 6 PORT, ,STD,QRC
MSC Orchestra,MSCX-ORCH,MSCX,ORCH,Fly Shield 2,13,Buffet,4 Seasons Buffet,Dirty Station 3 STBD, ,STD,QRC
MSC Orchestra,MSCX-ORCH,MSCX,ORCH,Fly Shield 2,13,Buffet,4 Seasons Buffet,Bar RHS, ,STD,QRC
MSC Orchestra,MSCX-ORCH,MSCX,ORCH,Fly Shield 2,13,Buffet,5 Seasons Buffet,Ethnic Corner, ,STD,QRC
MSC Orchestra,MSCX-ORCH,MSCX,ORCH,Fly Shield 2,13,Buffet,4 Seasons Buffet,Bakery Corner STBD, ,STD,QRC
MSC Orchestra,MSCX-ORCH,MSCX,ORCH,Fly Shield 2,13,Buffet,4 Seasons Buffet,Daily Special STBD, ,STD,QRC
MSC Orchestra,MSCX-ORCH,MSCX,ORCH,Fly Shield 2,13,Buffet,4 Seasons Buffet,Electric Door STBD (FD 13617), ,STD,QRC
MSC Orchestra,MSCX-ORCH,MSCX,ORCH,Fly Shield 2,13,Buffet,La Pizzetta Buffet,Entrance PORT, ,STD,QRC
MSC Orchestra,MSCX-ORCH,MSCX,ORCH,Fly Shield 2,13,Buffet,La Pizzetta Buffet,Bar RHS, ,STD,QRC
MSC Orchestra,MSCX-ORCH,MSCX,ORCH,Fly Shield 2,13,Buffet,La Pizzetta Buffet,Grill PORT, ,STD,QRC
MSC Orchestra,MSCX-ORCH,MSCX,ORCH,Fly Shield 2,13,Buffet,La Pizzetta Buffet,Pasta Station PORT, ,STD,QRC
MSC Orchestra,MSCX-ORCH,MSCX,ORCH,Fly Shield 2,13,Buffet,La Pizzetta Buffet,Electric Door PORT (FD 13616), ,STD,QRC
MSC Orchestra,MSCX-ORCH,MSCX,ORCH,Fly Shield 2,13,Buffet,La Pizzetta Buffet,Electric Door STBD (FD 13617), ,STD,QRC
MSC Orchestra,MSCX-ORCH,MSCX,ORCH,Fly Shield 2,13,Buffet,La Pizzetta Buffet,Pasta Station STBD, ,STD,QRC
MSC Orchestra,MSCX-ORCH,MSCX,ORCH,Fly Shield 2,13,Buffet,La Pizzetta Buffet,Grill LHS STBD, ,STD,QRC
MSC Orchestra,MSCX-ORCH,MSCX,ORCH,Fly Shield 2,13,Buffet,La Pizzetta Buffet,Grill RHS STBD, ,STD,QRC
MSC Orchestra,MSCX-ORCH,MSCX,ORCH,Fly Shield 2,13,Buffet,La Pizzetta Buffet,Bar RHS, ,STD,QRC
MSC Orchestra,MSCX-ORCH,MSCX,ORCH,Fly Shield 2,13,Buffet,La Pizzetta Buffet,Entrance STBD, ,STD,QRC
MSC Orchestra,MSCX-ORCH,MSCX,ORCH,GLU-60,13,Galley,4 Season Galley,HG (White Speaker), ,STD,QRC
MSC Orchestra,MSCX-ORCH,MSCX,ORCH,GLU-60,13,Galley,4 Season Galley,Dish Wash Bins, ,STD,QRC
MSC Orchestra,MSCX-ORCH,MSCX,ORCH,GLU-60,13,Galley,La Piazzetta Galley,Dirty Rack FD13614, ,STD,QRC
MSC Orchestra,MSCX-ORCH,MSCX,ORCH,GLU-60,13,Galley,La Piazzetta Galley,Wash Hand Basin, ,STD,QRC
MSC Orchestra,MSCX-ORCH,MSCX,ORCH,GLU-60,13,Galley,La Piazzetta Galley,Plate Wash (Opposite), ,STD,QRC
MSC Orchestra,MSCX-ORCH,MSCX,ORCH,GLU-60,7,Galley,Shanghai Galley,Trolley Lift, ,STD,QRC
MSC Orchestra,MSCX-ORCH,MSCX,ORCH,GLU-60,6,Galley,Upper Galley,Bakery x2691, ,STD,QRC
MSC Orchestra,MSCX-ORCH,MSCX,ORCH,GLU-60,6,Galley,Upper Galley,Hooks (Opposite HG), ,STD,QRC
MSC Orchestra,MSCX-ORCH,MSCX,ORCH,GLU-60,6,Galley,Upper Galley,Bakery Entrance (Opposite HG), ,STD,QRC
MSC Orchestra,MSCX-ORCH,MSCX,ORCH,GLU-60,6,Galley,Upper Galley,Gluten Free Table Bins, ,STD,QRC
MSC Orchestra,MSCX-ORCH,MSCX,ORCH,GLU-60,6,Galley,Upper Galley,Dish Wash Bins, ,STD,QRC
MSC Orchestra,MSCX-ORCH,MSCX,ORCH,GLU-60,6,Galley,Upper Galley,Garde Manger Bins, ,STD,QRC
MSC Orchestra,MSCX-ORCH,MSCX,ORCH,GLU-60,6,Galley,Upper Galley,Beverage Pantry Bins, ,STD,QRC
MSC Orchestra,MSCX-ORCH,MSCX,ORCH,GLU-60,6,Galley,Upper Galley,Elevator Corridor, ,STD,QRC
MSC Orchestra,MSCX-ORCH,MSCX,ORCH,GLU-60,5,Galley,Main Galley,Dish Wash Bins, ,STD,QRC
MSC Orchestra,MSCX-ORCH,MSCX,ORCH,GLU-60,5,Galley,Main Galley,Pastry (Steam Galley), ,STD,QRC
MSC Orchestra,MSCX-ORCH,MSCX,ORCH,GLU-60,5,Galley,Main Galley,Salsa/Sauce (Sign), ,STD,QRC
MSC Orchestra,MSCX-ORCH,MSCX,ORCH,GLU-60,5,Galley,Main Galley,Breakfast Table TV, ,STD,QRC
MSC Orchestra,MSCX-ORCH,MSCX,ORCH,GLU-60,5,Galley,Main Galley,Garde Manger Bins, ,STD,QRC
MSC Orchestra,MSCX-ORCH,MSCX,ORCH,GLU-60,5,Galley,Main Galley,Garde Manger Telephone, ,STD,QRC
MSC Orchestra,MSCX-ORCH,MSCX,ORCH,GLU-60,5,Galley,Main Galley,Beverage Pantry Bins, ,STD,QRC
MSC Orchestra,MSCX-ORCH,MSCX,ORCH,GLU-60,5,Galley,Main Galley,Elevator Corridor, ,STD,QRC
MSC Orchestra,MSCX-ORCH,MSCX,ORCH,GLU-60,4,Galley,Crew Galley,Hot Galley Bins, ,STD,QRC
MSC Orchestra,MSCX-ORCH,MSCX,ORCH,GLU-60,4,Galley,Crew Galley,Pot Wash Bins, ,STD,QRC
MSC Orchestra,MSCX-ORCH,MSCX,ORCH,GLU-60,4,Galley,Butchers,Clock, ,STD,QRC
MSC Orchestra,MSCX-ORCH,MSCX,ORCH,Fusion 4,3,Galley,Veg Prep,Bins (First Aid), ,STD,QRC
MSC Orchestra,MSCX-ORCH,MSCX,ORCH,Fusion 4,3,Galley,Veg Prep,Dirty Area (Rack), ,STD,QRC
MSC Orchestra,MSCX-ORCH,MSCX,ORCH,GLU-60,4,Messes,Staff Mess,Plate Scrape, ,STD,QRC
MSC Orchestra,MSCX-ORCH,MSCX,ORCH,GLU-60,4,Messes,Staff Mess,Television, ,STD,QRC
MSC Orchestra,MSCX-ORCH,MSCX,ORCH,GLU-60,4,Messes,Staff Mess,PO Mess Entrance, ,STD,QRC
MSC Orchestra,MSCX-ORCH,MSCX,ORCH,GLU-60,4,Messes,Staff Mess,Picture, ,STD,QRC
MSC Orchestra,MSCX-ORCH,MSCX,ORCH,GLU-60,4,Messes,PO Mess,Bins, ,STD,QRC
MSC Orchestra,MSCX-ORCH,MSCX,ORCH,GLU-60,4,Messes,PO Mess,Telephone x2644, ,STD,QRC
MSC Orchestra,MSCX-ORCH,MSCX,ORCH,GLU-60,4,Messes,Officer Mess,Entrance, ,STD,QRC
MSC Orchestra,MSCX-ORCH,MSCX,ORCH,GLU-60,4,Messes,Officer Mess,Fire Protection Box, ,STD,QRC
MSC Orchestra,MSCX-ORCH,MSCX,ORCH,GLU-60,4,Messes,Crew Mess,Plate Scrape, ,STD,QRC
MSC Orchestra,MSCX-ORCH,MSCX,ORCH,GLU-60,4,Messes,Crew Mess,Port Hole 3, ,STD,QRC
MSC Orchestra,MSCX-ORCH,MSCX,ORCH,GLU-60,4,Messes,Crew Mess,Tel x2641 (Corner), ,STD,QRC
MSC Orchestra,MSCX-ORCH,MSCX,ORCH,GLU-90,4,Garbage,Main Garbage Room,Hopper A, ,STD,QRC
MSC Orchestra,MSCX-ORCH,MSCX,ORCH,GLU-90,4,Garbage,Main Garbage Room,Hopper B, ,STD,QRC
MSC Orchestra,MSCX-ORCH,MSCX,ORCH,GLU-60,4,Garbage,Main Garbage Room,Ash Discharge, ,STD,QRC
MSC Orchestra,MSCX-ORCH,MSCX,ORCH,GLU-60,4,Garbage,Garbage Corridor,Bulkhead, ,STD,QRC
MSC Orchestra,MSCX-ORCH,MSCX,ORCH,Fusion 4,4,Provisions,Loading Area,Trolley Wash, ,STD,QRC
MSC Orchestra,MSCX-ORCH,MSCX,ORCH,Fusion 4,4,Provisions,Loading Area,Elevator 3, ,STD,QRC
MSC Orchestra,MSCX-ORCH,MSCX,ORCH,Fusion 4,4,Provisions,Loading Area,Notice Board, ,STD,QRC
MSC Orchestra,MSCX-ORCH,MSCX,ORCH,Fusion 4,4,Provisions,Loading Area,Fire Hose, ,STD,QRC
MSC Orchestra,MSCX-ORCH,MSCX,ORCH,Fusion 4,4,Provisions,Provisions Corridor,Telephone x2648, ,STD,QRC
MSC Orchestra,MSCX-ORCH,MSCX,ORCH,Fusion 4,4,Provisions,Provisions Corridor,Meat Preparation, ,STD,QRC
MSC Orchestra,MSCX-ORCH,MSCX,ORCH,Fusion 4,3,Provisions,Loading Area,Elevator 3, ,STD,QRC
MSC Orchestra,MSCX-ORCH,MSCX,ORCH,Fusion 4,3,Provisions,Provisions Corridor,Fire Point 701.020, ,STD,QRC
MSC Orchestra,MSCX-ORCH,MSCX,ORCH,Fly Shield 2,4,Chief Crew Steward,Crew Bar,Garbage Bins (Entrance), ,STD,QRC
MSC Orchestra,MSCX-ORCH,MSCX,ORCH,Fusion 4,4,Chief Crew Steward,Crew Corridor,Staff Mess (Opposite), ,STD,QRC
MSC Orchestra,MSCX-ORCH,MSCX,ORCH,Fusion 4,4,Chief Crew Steward,Crew Corridor,Tender Sign (Door 241), ,STD,QRC
MSC Orchestra,MSCX-ORCH,MSCX,ORCH,Fusion 4,4,Chief Crew Steward,Gangway,Bulkhead MID PORT, ,STD,QRC
MSC Orchestra,MSCX-ORCH,MSCX,ORCH,Fusion 4,4,Chief Crew Steward,Gangway,Tel x2638, ,STD,QRC
MSC Orchestra,MSCX-ORCH,MSCX,ORCH,Fusion 4,4,Chief Crew Steward,Crew Corridor,Fire Point 505.044, ,STD,QRC
MSC Orchestra,MSCX-ORCH,MSCX,ORCH,Fusion 4,4,Chief Crew Steward,Crew Corridor,G/H Stairs (Between), ,STD,QRC
MSC Orchestra,MSCX-ORCH,MSCX,ORCH,Fusion 4,4,Chief Crew Steward,Crew Corridor,Fire Point 309.129, ,STD,QRC
MSC Orchestra,MSCX-ORCH,MSCX,ORCH,Fusion 4,4,Chief Crew Steward,Gangway,FWD PORT, ,STD,QRC
MSC Orchestra,MSCX-ORCH,MSCX,ORCH,Fusion 4,4,Chief Crew Steward,Gangway,FWD STBD, ,STD,QRC
MSC Orchestra,MSCX-ORCH,MSCX,ORCH,Fusion 4,4,Chief Crew Steward,Crew Corridor,Door 193, ,STD,QRC
MSC Orchestra,MSCX-ORCH,MSCX,ORCH,Fusion 4,4,Chief Crew Steward,Crew Corridor,Door 191, ,STD,QRC
MSC Poesia,MSCX-POES,MSCX,POES,Fly Shield 1,4,Galley,Crew Galley,Entrance, ,STD,QRC
MSC Poesia,MSCX-POES,MSCX,POES,Fly Shield 1,4,Galley,Crew Galley,Pot Wash, ,STD,QRC
MSC Poesia,MSCX-POES,MSCX,POES,Fly Shield 2,4,Messes,Staff Mess,Buffet Line RHS, ,STD,QRC
MSC Poesia,MSCX-POES,MSCX,POES,Fly Shield 2,4,Messes,Staff Mess,Plate Scrape , ,STD,QRC
MSC Poesia,MSCX-POES,MSCX,POES,Fly Shield 2,4,Messes,Staff Mess,Television, ,STD,QRC
MSC Poesia,MSCX-POES,MSCX,POES,Fly Shield 2,4,Messes,Petty  Mess,Plate Scrape , ,STD,QRC
MSC Poesia,MSCX-POES,MSCX,POES,Fly Shield 2,4,Messes,Petty  Mess,Television, ,STD,QRC
MSC Poesia,MSCX-POES,MSCX,POES,Fly Shield 2,4,Messes,Officers Mess,Fire Detection System, ,STD,QRC
MSC Poesia,MSCX-POES,MSCX,POES,Fly Shield 2,4,Messes,Officers Mess,Hand Wash Basin , ,STD,QRC
MSC Poesia,MSCX-POES,MSCX,POES,Fusion 4,4,Provisions,Loading,Ice Cream Freezer , ,STD,QRC
MSC Poesia,MSCX-POES,MSCX,POES,Fusion 4,4,Provisions,Loading,Meat & Fish Preparation , ,STD,QRC
MSC Poesia,MSCX-POES,MSCX,POES,Fusion 4,4,Provisions,Loading,Dry Provisions , ,STD,QRC
MSC Poesia,MSCX-POES,MSCX,POES,Fusion 4,4,Provisions,Loading,Vegtable Storage , ,STD,QRC
MSC Poesia,MSCX-POES,MSCX,POES,Fusion 4,3,Provisions,Loading,Vegtable Storage , ,STD,QRC
MSC Poesia,MSCX-POES,MSCX,POES,Fusion 4,3,Provisions,Loading,Vegtable Preparation , ,STD,QRC
MSC Poesia,MSCX-POES,MSCX,POES,Fusion 4,3,Provisions,Loading,Crew Elevator RHS, ,STD,QRC
MSC Poesia,MSCX-POES,MSCX,POES,Fusion 4,3,Provisions,Loading,Incinerator Room RHS, ,STD,QRC
MSC Poesia,MSCX-POES,MSCX,POES,Fusion 4,4,Garbage,Garbage Room,Bulk Head LHS, ,STD,QRC
MSC Poesia,MSCX-POES,MSCX,POES,GLU-60,4,Garbage,Garbage Room,Bulk Head RHS, ,STD,QRC
MSC Poesia,MSCX-POES,MSCX,POES,Fly Shield 2,13,Buffet,L'Obelisco Bar ,Dirty Station AFT STBD, ,STD,QRC
MSC Poesia,MSCX-POES,MSCX,POES,Fly Shield 2,13,Buffet,L'Obelisco Bar ,Dirty Station AFT PORT, ,STD,QRC
MSC Poesia,MSCX-POES,MSCX,POES,Fly Shield 2,13,Buffet,L'Obelisco Bar ,Right Hand Side, ,STD,QRC
MSC Poesia,MSCX-POES,MSCX,POES,Fly Shield 2,13,Buffet,L'Obelisco Bar ,Left Hand Side, ,STD,QRC
MSC Poesia,MSCX-POES,MSCX,POES,Fly Shield 2,13,Buffet,l'Obelisco,Kids Corner , ,STD,QRC
MSC Poesia,MSCX-POES,MSCX,POES,Fly Shield 2,13,Buffet,l'Obelisco,Ethnic Corner, ,STD,QRC
MSC Poesia,MSCX-POES,MSCX,POES,Fly Shield 2,13,Buffet,L'Obeliscol,Buffet Line (2) STBD, ,STD,QRC
MSC Poesia,MSCX-POES,MSCX,POES,Fly Shield 2,13,Buffet,L'Obelisco,Buffet Line (1) STBD, ,STD,QRC
MSC Poesia,MSCX-POES,MSCX,POES,Fly Shield 2,13,Buffet,L'Obelisco,Buffet Line (2) PORT, ,STD,QRC
MSC Poesia,MSCX-POES,MSCX,POES,Fly Shield 2,13,Buffet,L'Obeliscol,Buffet Line (1) PORT, ,STD,QRC
MSC Poesia,MSCX-POES,MSCX,POES,Fly Shield 2,13,Buffet,L'Obeliscol,Entrance STBD , ,STD,QRC
MSC Poesia,MSCX-POES,MSCX,POES,Fly Shield 2,13,Buffet,L'Obeliscol,Entrance PORT, ,STD,QRC
MSC Poesia,MSCX-POES,MSCX,POES,Fly Shield 2,13,Buffet,Villa Pompeiana,Dirty Station STBD, ,STD,QRC
MSC Poesia,MSCX-POES,MSCX,POES,Fly Shield 2,13,Buffet,Villa Pompeiana,Dirty Station PORT, ,STD,QRC
MSC Poesia,MSCX-POES,MSCX,POES,Fly Shield 2,13,Buffet,Villa Pompeiana,Pizza Line 3 , ,STD,QRC
MSC Poesia,MSCX-POES,MSCX,POES,Fly Shield 2,13,Buffet,Villa Pompeiana,Pizza Line 2, ,STD,QRC
MSC Poesia,MSCX-POES,MSCX,POES,Fly Shield 2,13,Buffet,Villa Pompeiana,Pizza Line 1, ,STD,QRC
MSC Poesia,MSCX-POES,MSCX,POES,Fly Shield 2,13,Buffet,Villa Pompeiana,Grill Line 3, ,STD,QRC
MSC Poesia,MSCX-POES,MSCX,POES,Fly Shield 2,13,Buffet,Villa Pompeiana,Grill Line 2 , ,STD,QRC
MSC Poesia,MSCX-POES,MSCX,POES,Fly Shield 2,13,Buffet,Villa Pompeiana,Grill Line 1 , ,STD,QRC
MSC Poesia,MSCX-POES,MSCX,POES,Fly Shield 2,13,Buffet,Pompeiana Café Bar,Right Hand Side, ,STD,QRC
MSC Poesia,MSCX-POES,MSCX,POES,Fly Shield 2,13,Buffet,Pompeiana Café Bar,Left Hand Side, ,STD,QRC
MSC Poesia,MSCX-POES,MSCX,POES,Fly Shield 2,13,Buffet,Villa Pompeiana,Entrance STBD, ,STD,QRC
MSC Poesia,MSCX-POES,MSCX,POES,Fly Shield 2,13,Buffet,Villa Pompeiana,Entrance PORT, ,STD,QRC
MSC Poesia,MSCX-POES,MSCX,POES,Fusion 4,4,Deck,Gangway,Crew Shop (Near), ,STD,QRC
MSC Poesia,MSCX-POES,MSCX,POES,Fusion 4,4,Deck,Gangway,Crew Elevator FWD RHS, ,STD,QRC
MSC Poesia,MSCX-POES,MSCX,POES,Fusion 4,4,Deck,Gangway,Shell Door FWD PORT, ,STD,QRC
MSC Poesia,MSCX-POES,MSCX,POES,Fusion 4,4,Deck,Gangway,Shell Door FWD STBD, ,STD,QRC
MSC Poesia,MSCX-POES,MSCX,POES,Fusion 4,4,Deck,Gangway,Crew Purser Office, ,STD,QRC
MSC Poesia,MSCX-POES,MSCX,POES,Fusion 4,4,Deck,Gangway,Left Side Gangway, ,STD,QRC
MSC Poesia,MSCX-POES,MSCX,POES,Fusion 4,4,Deck,Gangway,Right Side Gangway, ,STD,QRC
MSC Poesia,MSCX-POES,MSCX,POES,Fusion 4,4,Deck,Gangway,Crew Bar LHS, ,STD,QRC
MSC Poesia,MSCX-POES,MSCX,POES,Fusion 4,4,Deck,Gangway,Shell Door MID PORT, ,STD,QRC
MSC Poesia,MSCX-POES,MSCX,POES,Fusion 4,4,Deck,Gangway,Shell Door MID STBD, ,STD,QRC
MSC Poesia,MSCX-POES,MSCX,POES,Fusion 4,4,Deck,Gangway,Bar Notice Board , ,STD,QRC
MSC Poesia,MSCX-POES,MSCX,POES,Fusion 4,4,Deck,Gangway,Crew Elevator MID RHS, ,STD,QRC
MSC Poesia,MSCX-POES,MSCX,POES,Fusion 4,4,Deck,Gangway,Fish Storage , ,STD,QRC
MSC Poesia,MSCX-POES,MSCX,POES,Fusion 4,4,Deck,Gangway,Crew Elevator AFT LHS, ,STD,QRC
MSC Poesia,MSCX-POES,MSCX,POES,Fusion 4,4,Deck,Gangway,Crew Elevator AFT RHS, ,STD,QRC
MSC Poesia,MSCX-POES,MSCX,POES,Fusion 4,4,Deck,Gangway,Trolley Wash , ,STD,QRC
MSC Preziosa,MSCX-PREZ,MSCX,PREZ,Fly Shield 1,14,Buffet,Maya/Inca,Bar & Pizza STBD, ,STD,QRC
MSC Preziosa,MSCX-PREZ,MSCX,PREZ,Fly Shield 1,14,Buffet,Maya/Inca,Bar & Fruit STBD, ,STD,QRC
MSC Preziosa,MSCX-PREZ,MSCX,PREZ,Fly Shield 1,14,Buffet,Maya/Inca,Salad Bar STBD, ,STD,QRC
MSC Preziosa,MSCX-PREZ,MSCX,PREZ,Fly Shield 2,14,Buffet,Maya/Inca,Pasta Station STBD, ,STD,QRC
MSC Preziosa,MSCX-PREZ,MSCX,PREZ,Fly Shield 2,14,Buffet,Maya/Inca,Dirty Area STBD, ,STD,QRC
MSC Preziosa,MSCX-PREZ,MSCX,PREZ,Fly Shield 2,14,Buffet,Maya/Inca,Vegetarian STBD, ,STD,QRC
MSC Preziosa,MSCX-PREZ,MSCX,PREZ,Fly Shield 2,14,Buffet,Maya/Inca,Daily Special STBD, ,STD,QRC
MSC Preziosa,MSCX-PREZ,MSCX,PREZ,Fly Shield 2,14,Buffet,Maya/Inca,Ice Machine STBD, ,STD,QRC
MSC Preziosa,MSCX-PREZ,MSCX,PREZ,Fly Shield 2,14,Buffet,Maya/Inca,Desserts STBD, ,STD,QRC
MSC Preziosa,MSCX-PREZ,MSCX,PREZ,Fly Shield 2,14,Buffet,Maya/Inca,Mediterranean STBD, ,STD,QRC
MSC Preziosa,MSCX-PREZ,MSCX,PREZ,Fly Shield 2,14,Buffet,Maya/Inca,Ethnic Corner STBD, ,STD,QRC
MSC Preziosa,MSCX-PREZ,MSCX,PREZ,Fly Shield 2,14,Buffet,Maya/Inca,Child Corner PORT, ,STD,QRC
MSC Preziosa,MSCX-PREZ,MSCX,PREZ,Fly Shield 2,14,Buffet,Maya/Inca,Mediterranean PORT, ,STD,QRC
MSC Preziosa,MSCX-PREZ,MSCX,PREZ,Fly Shield 2,14,Buffet,Maya/Inca,Desserts PORT, ,STD,QRC
MSC Preziosa,MSCX-PREZ,MSCX,PREZ,Fly Shield 2,14,Buffet,Maya/Inca,Ice Machine PORT, ,STD,QRC
MSC Preziosa,MSCX-PREZ,MSCX,PREZ,Fly Shield 2,14,Buffet,Maya/Inca,Daily Special PORT, ,STD,QRC
MSC Preziosa,MSCX-PREZ,MSCX,PREZ,Fly Shield 2,14,Buffet,Maya/Inca,Vegetarian PORT, ,STD,QRC
MSC Preziosa,MSCX-PREZ,MSCX,PREZ,Fly Shield 2,14,Buffet,Maya/Inca,Dirty Area PORT, ,STD,QRC
MSC Preziosa,MSCX-PREZ,MSCX,PREZ,Fly Shield 2,14,Buffet,Maya/Inca,Soup/Pasta PORT, ,STD,QRC
MSC Preziosa,MSCX-PREZ,MSCX,PREZ,Fly Shield 1,14,Buffet,Maya/Inca,Salad Bar PORT, ,STD,QRC
MSC Preziosa,MSCX-PREZ,MSCX,PREZ,Fly Shield 2,14,Galley,Buffet Galley STBD,Fire Point 719018, ,STD,QRC
MSC Preziosa,MSCX-PREZ,MSCX,PREZ,GLU-60,5,Galley,Bakery,Co2 Sign, ,STD,QRC
MSC Preziosa,MSCX-PREZ,MSCX,PREZ,GLU-60,4,Galley,Crew Galley,Maya/Inca, ,STD,QRC
MSC Preziosa,MSCX-PREZ,MSCX,PREZ,GLU-60,4,Galley,Crew Galley,Bins (First Aid), ,STD,QRC
MSC Preziosa,MSCX-PREZ,MSCX,PREZ,GLU-60,4,Messes,Officers Mess,Port Hole 3 (Training Book), ,STD,QRC
MSC Preziosa,MSCX-PREZ,MSCX,PREZ,GLU-60,4,Messes,Officers Mess,Plate Scrape, ,STD,QRC
MSC Preziosa,MSCX-PREZ,MSCX,PREZ,GLU-60,4,Messes,Staff Mess,Plate Scrape, ,STD,QRC
MSC Preziosa,MSCX-PREZ,MSCX,PREZ,GLU-60,4,Messes,Staff Mess,Between Pictures, ,STD,QRC
MSC Preziosa,MSCX-PREZ,MSCX,PREZ,GLU-60,4,Messes,Staff Mess,Port Hole 4 & 5 (Between), ,STD,QRC
MSC Preziosa,MSCX-PREZ,MSCX,PREZ,GLU-60,4,Messes,PO Mess,Plate Scrape, ,STD,QRC
MSC Preziosa,MSCX-PREZ,MSCX,PREZ,GLU-60,4,Messes,PO Mess,Television (Wi-Fi), ,STD,QRC
MSC Preziosa,MSCX-PREZ,MSCX,PREZ,GLU-60,4,Messes,Crew Mess,Picture (P9Kg Fire sign), ,STD,QRC
MSC Preziosa,MSCX-PREZ,MSCX,PREZ,GLU-60,4,Messes,Crew Mess,Picture (FD 040702), ,STD,QRC
MSC Preziosa,MSCX-PREZ,MSCX,PREZ,GLU-60,4,Messes,Crew Mess,Exit (Fire Point 602.046), ,STD,QRC
MSC Preziosa,MSCX-PREZ,MSCX,PREZ,GLU-60,4,Messes,Crew Mess,Port Hole 4 & 5 (Between), ,STD,QRC
MSC Preziosa,MSCX-PREZ,MSCX,PREZ,GLU-60,4,Messes,Crew Mess,Port Hole 1 & 2 (Between), ,STD,QRC
MSC Preziosa,MSCX-PREZ,MSCX,PREZ,GLU-60,4,Messes,Crew Mess,Television, ,STD,QRC
MSC Preziosa,MSCX-PREZ,MSCX,PREZ,GLU-60,4,Messes,Crew Mess,Plate Scrape, ,STD,QRC
MSC Preziosa,MSCX-PREZ,MSCX,PREZ,GLU-90,4,Provisions,Provision Corridor,Wash Hand Basin, ,STD,QRC
MSC Preziosa,MSCX-PREZ,MSCX,PREZ,GLU-90,4,Provisions,Provision Corridor,Fire Door 04706, ,STD,QRC
MSC Preziosa,MSCX-PREZ,MSCX,PREZ,GLU-90,4,Provisions,Provision Corridor,Electric Box (Corner), ,STD,QRC
MSC Preziosa,MSCX-PREZ,MSCX,PREZ,GLU-90,4,Provisions,Provision Corridor,Stainless Pipe (Stair 29), ,STD,QRC
MSC Preziosa,MSCX-PREZ,MSCX,PREZ,GLU-60,3,Provisions,Provision Corridor,Red Wine, ,STD,QRC
MSC Preziosa,MSCX-PREZ,MSCX,PREZ,GLU-60,3,Provisions,Provision Corridor,Light (FD 03711), ,STD,QRC
MSC Preziosa,MSCX-PREZ,MSCX,PREZ,GLU-90,4,Garbage,Main Room,Wires, ,STD,QRC
MSC Preziosa,MSCX-PREZ,MSCX,PREZ,GLU-90,4,Garbage,Main Room,Densifier, ,STD,QRC
MSC Preziosa,MSCX-PREZ,MSCX,PREZ,Fusion 4,4,Housekeeping,Crew Corridor,Swirl Picture, ,STD,QRC
MSC Preziosa,MSCX-PREZ,MSCX,PREZ,Fusion 4,4,Housekeeping,Crew Corridor,Electric Box CP1, ,STD,QRC
MSC Preziosa,MSCX-PREZ,MSCX,PREZ,Fusion 4,4,Housekeeping,Crew Corridor,Tender Access, ,STD,QRC
MSC Preziosa,MSCX-PREZ,MSCX,PREZ,Fusion 4,4,Housekeeping,Crew Corridor,Fire Point 407.002, ,STD,QRC
MSC Preziosa,MSCX-PREZ,MSCX,PREZ,Fusion 4,4,Housekeeping,Gangway STBD FWD,Blue Sign (FD 04503), ,STD,QRC
MSC Preziosa,MSCX-PREZ,MSCX,PREZ,Fusion 4,4,Housekeeping,Gangway PORT FWD,Angled Pipe, ,STD,QRC
MSC Preziosa,MSCX-PREZ,MSCX,PREZ,Fusion 4,4,Housekeeping,Gangway STBD MID,Fire Dampers FD 050403, ,STD,QRC
MSC Preziosa,MSCX-PREZ,MSCX,PREZ,Fusion 4,4,Housekeeping,Gangway STBD MID,Hospital Door 291, ,STD,QRC
MSC Preziosa,MSCX-PREZ,MSCX,PREZ,GLU-60,4,Housekeeping,Gangway STBD MID,Electric Box CP1 (Corner), ,STD,QRC
MSC Seascape,MSCX-SCAP,MSCX,SCAP,GLU-60,20,Galley,Sun Deck,Pantry, ,STD,QRC
MSC Seascape,MSCX-SCAP,MSCX,SCAP,GLU-60,18,Galley,VIP Galley,Galley Entrance, ,STD,QRC
MSC Seascape,MSCX-SCAP,MSCX,SCAP,GLU-60,16,Galley,Top Sail Lounge,Pantry, ,STD,QRC
MSC Seascape,MSCX-SCAP,MSCX,SCAP,GLU-60,16,Galley,Market Place,Fire Door 0160106A, ,STD,QRC
MSC Seascape,MSCX-SCAP,MSCX,SCAP,GLU-60,16,Galley,Market Place,Ice Machine JC1621601, ,STD,QRC
MSC Seascape,MSCX-SCAP,MSCX,SCAP,GLU-60,16,Galley,Family,Telephone x2800, ,STD,QRC
MSC Seascape,MSCX-SCAP,MSCX,SCAP,GLU-60,16,Galley,Family,Dishwash (Dirty Area), ,STD,QRC
MSC Seascape,MSCX-SCAP,MSCX,SCAP,Fusion 4,8,Galley,Crew Elevator (Front),Lights, ,STD,QRC
MSC Seascape,MSCX-SCAP,MSCX,SCAP,GLU-60,8,Galley,Thematic Galley,Preparation table, ,STD,QRC
MSC Seascape,MSCX-SCAP,MSCX,SCAP,GLU-60,8,Galley,Pantry,Bins, ,STD,QRC
MSC Seascape,MSCX-SCAP,MSCX,SCAP,Fly Shield 2,8,Galley,Venchi Gelato,Pantry, ,STD,QRC
MSC Seascape,MSCX-SCAP,MSCX,SCAP,Fusion 4,7,Galley,Main Galley,Entrance x2378, ,STD,QRC
MSC Seascape,MSCX-SCAP,MSCX,SCAP,GLU-60,7,Galley,Main Galley,Ice Machine JC0711101, ,STD,QRC
MSC Seascape,MSCX-SCAP,MSCX,SCAP,Fusion 4,7,Galley,Main Galley,Dirty Area PORT, ,STD,QRC
MSC Seascape,MSCX-SCAP,MSCX,SCAP,GLU-60,6,Galley,Bakery,Way Out Sign (Corner), ,STD,QRC
MSC Seascape,MSCX-SCAP,MSCX,SCAP,GLU-60,6,Galley,Main Galley,Behind pasta machine, ,STD,QRC
MSC Seascape,MSCX-SCAP,MSCX,SCAP,GLU-60,6,Galley,Main Galley,Pot Wash , ,STD,QRC
MSC Seascape,MSCX-SCAP,MSCX,SCAP,GLU-60,6,Galley,Main Galley,Wine cellar, ,STD,QRC
MSC Seascape,MSCX-SCAP,MSCX,SCAP,Fly Shield 2,5,Galley,Main Galley,Restaurant Entrance STBD, ,STD,QRC
MSC Seascape,MSCX-SCAP,MSCX,SCAP,Fly Shield 2,5,Galley,Crew Galley,Fire station, ,STD,QRC
MSC Seascape,MSCX-SCAP,MSCX,SCAP,Fly Shield 2,5,Galley,Main Galley,Chef's Office PORT, ,STD,QRC
MSC Seascape,MSCX-SCAP,MSCX,SCAP,Fly Shield 2,5,Galley,Pastry,Wash Hand Basin, ,STD,QRC
MSC Seascape,MSCX-SCAP,MSCX,SCAP,Fly Shield 2,3,Galley,Vegetable Preparation,Pot Wash Door, ,STD,QRC
MSC Seascape,MSCX-SCAP,MSCX,SCAP,Fly Shield 2,3,Galley,Butcher,Preparation Table, ,STD,QRC
MSC Seascape,MSCX-SCAP,MSCX,SCAP,Fly Shield 2,3,Galley,Fish Preparation,Telephone x2076, ,STD,QRC
MSC Seascape,MSCX-SCAP,MSCX,SCAP,Fly Shield 2,4,Messes,American Rest,Wash Hand Basin, ,STD,QRC
MSC Seascape,MSCX-SCAP,MSCX,SCAP,Fly Shield 2,4,Messes,American Rest,Buffet Line, ,STD,QRC
MSC Seascape,MSCX-SCAP,MSCX,SCAP,Fly Shield 2,4,Messes,American Rest,Fire Door 040219, ,STD,QRC
MSC Seascape,MSCX-SCAP,MSCX,SCAP,Fly Shield 2,4,Messes,International Rest.,Exit Sign, ,STD,QRC
MSC Seascape,MSCX-SCAP,MSCX,SCAP,Fly Shield 2,4,Messes,International Rest.,Buffet Line, ,STD,QRC
MSC Seascape,MSCX-SCAP,MSCX,SCAP,Fly Shield 2,4,Messes,Mediterranean Rest.,Buffet Line, ,STD,QRC
MSC Seascape,MSCX-SCAP,MSCX,SCAP,Fly Shield 2,4,Messes,Mediterranean Rest.,Pantry Door, ,STD,QRC
MSC Seascape,MSCX-SCAP,MSCX,SCAP,GLU-90,4,Provisions,Loading area,Fire Plan STBD, ,STD,QRC
MSC Seascape,MSCX-SCAP,MSCX,SCAP,GLU-90,4,Provisions,Loading area,Red Alarm PORT, ,STD,QRC
MSC Seascape,MSCX-SCAP,MSCX,SCAP,GLU-60,4,Provisions,Crew Corridor,Rolling Shutter Door, ,STD,QRC
MSC Seascape,MSCX-SCAP,MSCX,SCAP,Fly Shield 2,3,Provisions,Corridor,Upper Fire Exit, ,STD,QRC
MSC Seascape,MSCX-SCAP,MSCX,SCAP,GLU-60,3,Provisions,Corridor,Fire Door 030215C, ,STD,QRC
MSC Seascape,MSCX-SCAP,MSCX,SCAP,GLU-60,8,Bars,Crew Bar,Assembly Station Sign, ,STD,QRC
MSC Seascape,MSCX-SCAP,MSCX,SCAP,Fly Shield 2,4,Bars,Crew Burger Bar,Corner, ,STD,QRC
MSC Seascape,MSCX-SCAP,MSCX,SCAP,Fly Shield 2,4,Bars,Crew Burger Bar,Line Counter, ,STD,QRC
MSC Seascape,MSCX-SCAP,MSCX,SCAP,GLU-90,4,Garbage,Garbage Room,Sorting Room Bins, ,STD,QRC
MSC Seascape,MSCX-SCAP,MSCX,SCAP,GLU-90,4,Garbage,Garbage Room,Fire Door 040312, ,STD,QRC
MSC Seascape,MSCX-SCAP,MSCX,SCAP,GLU-90,4,Garbage,Garbage Room,Incinerator (Rear), ,STD,QRC
MSC Seascape,MSCX-SCAP,MSCX,SCAP,GLU-90,4,Garbage,Garbage Room,Cold Store 23, ,STD,QRC
MSC Seascape,MSCX-SCAP,MSCX,SCAP,GLU-60,4,Garbage,Garbage Room,Shredder Machine, ,STD,QRC
MSC Seascape,MSCX-SCAP,MSCX,SCAP,Fusion 4,4,Housekeeping,Crew Corridor,Damper Position System 104, ,STD,QRC
MSC Seascape,MSCX-SCAP,MSCX,SCAP,Fusion 4,4,Housekeeping,Gangway FWD STBD ,Alarm Speaker, ,STD,QRC
MSC Seascape,MSCX-SCAP,MSCX,SCAP,Fusion 4,4,Housekeeping,Gangway FWD PORT ,Fire Plan Port, ,STD,QRC
MSC Seascape,MSCX-SCAP,MSCX,SCAP,Fusion 4,4,Housekeeping,Gangway MID PORT ,Alarm Speaker, ,STD,QRC
MSC Seascape,MSCX-SCAP,MSCX,SCAP,Fusion 4,4,Housekeeping,Gangway MID STBD ,Exit Sign, ,STD,QRC
MSC Seascape,MSCX-SCAP,MSCX,SCAP,Fusion 4,4,Housekeeping,Tender FWD PORT 2 ,Telephone x2173, ,STD,QRC
MSC Seascape,MSCX-SCAP,MSCX,SCAP,Fusion 4,4,Housekeeping,Tender FWD STBD 2 ,Telephone x2182, ,STD,QRC
MSC Seascape,MSCX-SCAP,MSCX,SCAP,Fusion 4,4,Housekeeping,Tender AFT STBD ,Telephone x2129, ,STD,QRC
MSC Seascape,MSCX-SCAP,MSCX,SCAP,Fusion 4,4,Housekeeping,Tender AFT PORT ,Telephone x2130, ,STD,QRC
MSC Seascape,MSCX-SCAP,MSCX,SCAP,GLU-60,4,Housekeeping,Crew Corridor,Sign K/WTD 314, ,STD,QRC
MSC Seascape,MSCX-SCAP,MSCX,SCAP,GLU-60,4,Housekeeping,Crew Corridor,Printer Area, ,STD,QRC
MSC Seascape,MSCX-SCAP,MSCX,SCAP,GLU-60,4,Housekeeping,Crew Corridor,Fire Door 040446, ,STD,QRC
MSC Seascape,MSCX-SCAP,MSCX,SCAP,Fly Shield 2,16,Buffet,Market Place,Section 1 Clear Up PORT, ,STD,QRC
MSC Seascape,MSCX-SCAP,MSCX,SCAP,Fly Shield 2,16,Buffet,Market Place,Section 2 Clear Up PORT, ,STD,QRC
MSC Seascape,MSCX-SCAP,MSCX,SCAP,Fly Shield 2,16,Buffet,Market Place,Section 3 Clear Up PORT, ,STD,QRC
MSC Seascape,MSCX-SCAP,MSCX,SCAP,Fly Shield 2,16,Buffet,Market Place,Coffee /Juice station PORT, ,STD,QRC
MSC Seascape,MSCX-SCAP,MSCX,SCAP,Fly Shield 2,16,Buffet,Market Place,Section 5/6 Clear Up, ,STD,QRC
MSC Seascape,MSCX-SCAP,MSCX,SCAP,Fly Shield 2,16,Buffet,Family,Coffee /Juice station STBD, ,STD,QRC
MSC Seascape,MSCX-SCAP,MSCX,SCAP,Fly Shield 2,16,Buffet,Family,Section 10 Clear Up STBD, ,STD,QRC
MSC Seascape,MSCX-SCAP,MSCX,SCAP,Fly Shield 2,16,Buffet,Family,Section 12 Clear Up STBD, ,STD,QRC
MSC Seascape,MSCX-SCAP,MSCX,SCAP,Fly Shield 2,16,Buffet,Family,Section 14/15 Clear Up STBD, ,STD,QRC
MSC Seaside,MSCX-SEAS,MSCX,SEAS,Fusion 4,19,Galley,Yacht Club Galley,Bins, ,STD,QRC
MSC Seaside,MSCX-SEAS,MSCX,SEAS,GLU-60,18,Galley,Yacht Club Galley,Bins (Cardboard), ,STD,QRC
MSC Seaside,MSCX-SEAS,MSCX,SEAS,GLU-90,16,Galley,Ice Section,Bins (Attention Notice), ,STD,QRC
MSC Seaside,MSCX-SEAS,MSCX,SEAS,GLU-60,16,Galley,Ice Section,Bins (Apron Hanger), ,STD,QRC
MSC Seaside,MSCX-SEAS,MSCX,SEAS,GLU-60,16,Galley,Buffet Galley,Chiller, ,STD,QRC
MSC Seaside,MSCX-SEAS,MSCX,SEAS,GLU-60,8,Galley,Buffet Galley,Cold Preparation Section, ,STD,QRC
MSC Seaside,MSCX-SEAS,MSCX,SEAS,GLU-60,8,Galley,Buffet Galley,Alcatel Wi-Fi, ,STD,QRC
MSC Seaside,MSCX-SEAS,MSCX,SEAS,Fusion 4,6,Galley,Ice Section,Bins (Ice Section), ,STD,QRC
MSC Seaside,MSCX-SEAS,MSCX,SEAS,GLU-60,6,Galley,Pot Wash (Clean),Racks (Between), ,STD,QRC
MSC Seaside,MSCX-SEAS,MSCX,SEAS,GLU-60,6,Galley,Dish Wash PORT,Power Sockets, ,STD,QRC
MSC Seaside,MSCX-SEAS,MSCX,SEAS,Fusion 4,6,Galley,Bakery Service Line,Bins, ,STD,QRC
MSC Seaside,MSCX-SEAS,MSCX,SEAS,Fusion 4,5,Galley,Coffee Station,Bins, ,STD,QRC
MSC Seaside,MSCX-SEAS,MSCX,SEAS,GLU-60,5,Galley,Dish Wash PORT,Bins, ,STD,QRC
MSC Seaside,MSCX-SEAS,MSCX,SEAS,GLU-60,3,Galley,Vegetable Prep.,Entrance, ,STD,QRC
MSC Seaside,MSCX-SEAS,MSCX,SEAS,Fusion 4,4,Messes,Crew Mess 01,Cleaning Locker, ,STD,QRC
MSC Seaside,MSCX-SEAS,MSCX,SEAS,Vulcan 6 (LED),4,Messes,Crew Mess Line 1,FD.040207C,Jan-25,LED,QRC
MSC Seaside,MSCX-SEAS,MSCX,SEAS,Vulcan 6 (LED),4,Messes,Crew Mess Line 2,Alcatel WiFi,Jan-25,LED,QRC
MSC Seaside,MSCX-SEAS,MSCX,SEAS,Vulcan 6 (LED),4,Messes,Crew Mess Line 3,Entrance,Jan-25,LED,QRC
MSC Seaside,MSCX-SEAS,MSCX,SEAS,GLU-80 (LED),4,Provisions,Loading Area,Shell Door PORT,Jan-24,LED,QRC
MSC Seaside,MSCX-SEAS,MSCX,SEAS,Fusion 4,4,Provisions,Loading Area,Shell Door SBTD, ,STD,QRC
MSC Seaside,MSCX-SEAS,MSCX,SEAS,GLU-80 (LED),4,Provisions,Main Corridor,Provision Office (Opposite),Jan-24,LED,QRC
MSC Seaside,MSCX-SEAS,MSCX,SEAS,Fusion 4,4,Provisions,Main Provision Corridor,Provision Master Office, ,STD,QRC
MSC Seaside,MSCX-SEAS,MSCX,SEAS,Fusion 4,4,Provisions,Main Provision Corridor,Provision Corridor STBD, ,STD,QRC
MSC Seaside,MSCX-SEAS,MSCX,SEAS,GLU-90,3,Provisions,Lower Corridor,Dairy Cold 3 (Elevator), ,STD,QRC
MSC Seaside,MSCX-SEAS,MSCX,SEAS,GLU-90,3,Provisions,Lower Corridor,Water Tight Door 3-13, ,STD,QRC
MSC Seaside,MSCX-SEAS,MSCX,SEAS,Fly Shield 2,3,Provisions,Lower Corridor,Water Tight Door 3-12, ,STD,QRC
MSC Seaside,MSCX-SEAS,MSCX,SEAS,GLU-80 (LED),4,Bars,Crew Bar,Material Locker,Jan-25,LED,QRC
MSC Seaside,MSCX-SEAS,MSCX,SEAS,GLU-80 (LED),5,Bars,Seaside Bar pantry,Garbage Bins,Jan-25,LED,QRC
MSC Seaside,MSCX-SEAS,MSCX,SEAS,GLU-80 (LED),7,Bars,South Beach Bar pantry,Garbage Bins,Jan-25,LED,QRC
MSC Seaside,MSCX-SEAS,MSCX,SEAS,Fly Shield 2,7,Bars,Haven Lounge Bar,Telephone 2323, ,STD,QRC
MSC Seaside,MSCX-SEAS,MSCX,SEAS,Fly Shield 2,8,Bars,Marketplace Bar,Entrance STBD, ,STD,QRC
MSC Seaside,MSCX-SEAS,MSCX,SEAS,Fly Shield 2,8,Bars,Seaview Loung Bar,Garbage Bins, ,STD,QRC
MSC Seaside,MSCX-SEAS,MSCX,SEAS,GLU-90,4,Garbage,Sorting Room,Cleaning Locker (Bins), ,STD,QRC
MSC Seaside,MSCX-SEAS,MSCX,SEAS,GLU-90,4,Garbage,Entrance,Wash Hand Basin, ,STD,QRC
MSC Seaside,MSCX-SEAS,MSCX,SEAS,GLU-90,4,Garbage,Changing Locker,Entrance, ,STD,QRC
MSC Seaside,MSCX-SEAS,MSCX,SEAS,GLU-90,4,Garbage,Cold Room,Entrance, ,STD,QRC
MSC Seaside,MSCX-SEAS,MSCX,SEAS,GLU-90,4,Garbage,Dormann Winkels,XE/568AG, ,STD,QRC
MSC Seaside,MSCX-SEAS,MSCX,SEAS,GLU-60,11,Housekeeping,Room Service Pantry,Electric CR48, ,STD,QRC
MSC Seaside,MSCX-SEAS,MSCX,SEAS,GLU-60,11,Housekeeping,Room Service Pantry,Bins (Ophoto), ,STD,QRC
MSC Seaside,MSCX-SEAS,MSCX,SEAS,GLU-60,8,Housekeeping,Crew Stairs 1,Stairwell, ,STD,QRC
MSC Seaside,MSCX-SEAS,MSCX,SEAS,GLU-60,7,Housekeeping,Crew Stairs 1,Stairwell, ,STD,QRC
MSC Seaside,MSCX-SEAS,MSCX,SEAS,GLU-60,6,Housekeeping,Crew Stairs 1,Stairwell, ,STD,QRC
MSC Seaside,MSCX-SEAS,MSCX,SEAS,GLU-60,5,Housekeeping,Crew Stairs 1,Stairwell, ,STD,QRC
MSC Seaside,MSCX-SEAS,MSCX,SEAS,GLU-60,5,Housekeeping,Mooring Station,Crew Toilet, ,STD,QRC
MSC Seaside,MSCX-SEAS,MSCX,SEAS,Fusion 4,4,Housekeeping,Crew Corridor,FD 04051D (Pink Flowers), ,STD,QRC
MSC Seaside,MSCX-SEAS,MSCX,SEAS,Fusion 4,4,Housekeeping,Crew Corridor,FD 04561CA (Exit Sign), ,STD,QRC
MSC Seaside,MSCX-SEAS,MSCX,SEAS,Fusion 4,4,Housekeeping,Crew Corridor,Engine Changing Rm, ,STD,QRC
MSC Seaside,MSCX-SEAS,MSCX,SEAS,Fusion 4,4,Housekeeping,Crew Corridor,Garbage Rm Door, ,STD,QRC
MSC Seaside,MSCX-SEAS,MSCX,SEAS,GLU-80 (LED),4,Housekeeping,Gangway (Ramp),Hydraulic Box,Jan-24,LED,QRC
MSC Seaside,MSCX-SEAS,MSCX,SEAS,GLU-80 (LED),4,Housekeeping,Gangway (Ramp),Maiitre'd Office,Jan-24,LED,QRC
MSC Seaside,MSCX-SEAS,MSCX,SEAS,Fly Shield 2,16,Buffet,Biscayne Buffet,Entrance AFT PORT, ,STD,QRC
MSC Seaside,MSCX-SEAS,MSCX,SEAS,Fly Shield 2,16,Buffet,Biscayne Buffet,Entrance AFT STBD, ,STD,QRC
MSC Seaside,MSCX-SEAS,MSCX,SEAS,Fly Shield 2,16,Buffet,Biscayne Buffet,Workstation PORT, ,STD,QRC
MSC Seaside,MSCX-SEAS,MSCX,SEAS,Fly Shield 2,16,Buffet,Biscayne Buffet,Workstation MID PORT, ,STD,QRC
MSC Seaside,MSCX-SEAS,MSCX,SEAS,Fly Shield 2,16,Buffet,Biscayne Buffet,Workstation FWD PORT, ,STD,QRC
MSC Seaside,MSCX-SEAS,MSCX,SEAS,Fly Shield 2,16,Buffet,Biscayne Buffet,Workstation STBD, ,STD,QRC
MSC Seaside,MSCX-SEAS,MSCX,SEAS,Fly Shield 2,16,Buffet,Biscayne Buffet,Workstation MID STBD, ,STD,QRC
MSC Seaside,MSCX-SEAS,MSCX,SEAS,Fly Shield 2,16,Buffet,Biscayne Buffet,Workstation FWD STBD, ,STD,QRC
MSC Seaside,MSCX-SEAS,MSCX,SEAS,Fly Shield 2,8,Buffet,Marketplace Buffet,Entrance FWD PORT, ,STD,QRC
MSC Seaside,MSCX-SEAS,MSCX,SEAS,Fly Shield 2,8,Buffet,Marketplace Buffet,Entrance FWD STBD, ,STD,QRC
MSC Seaside,MSCX-SEAS,MSCX,SEAS,Fly Shield 2,8,Buffet,Marketplace Buffet,Entrance AFT PORT, ,STD,QRC
MSC Seaside,MSCX-SEAS,MSCX,SEAS,Fly Shield 2,8,Buffet,Marketplace Buffet,Entrance AFT STBD, ,STD,QRC
MSC Seaside,MSCX-SEAS,MSCX,SEAS,Fly Shield 2,8,Buffet,Marketplace Buffet,Bar (Opposite), ,STD,QRC
MSC Seaside,MSCX-SEAS,MSCX,SEAS,Fly Shield 2,8,Buffet,Marketplace Buffet,Pizza (Opposite), ,STD,QRC
MSC Seaside,MSCX-SEAS,MSCX,SEAS,Vulcan 6 (LED),8,Buffet,Marketplace,Sandwich Station FWD PS,Jan-24,LED,QRC
MSC Seaside,MSCX-SEAS,MSCX,SEAS,Vulcan 6 (LED),8,Buffet,Marketplace,Salad Bar Station FWD STBD,Jan-24,LED,QRC
MSC Seaside,MSCX-SEAS,MSCX,SEAS,Vulcan 6 (LED),8,Buffet,Marketplace,Fruit & Dessert Station AFT PS,Jan-24,LED,QRC
MSC Seaside,MSCX-SEAS,MSCX,SEAS,Vulcan 6 (LED),8,Buffet,Marketplace,Fruit & Dessert Station AFT STBD,Jan-24,LED,QRC
MSC Seaview,MSCX-SEAV,MSCX,SEAV,Fusion 4,19,Galley,Yacht Club Galley,Bins PORT (Nr. CO2), ,STD,QRC
MSC Seaview,MSCX-SEAV,MSCX,SEAV,GLU-60,19,Galley,Yacht Club Galley,Telephone 2854, ,STD,QRC
MSC Seaview,MSCX-SEAV,MSCX,SEAV,Fusion 4,18,Galley,Yacht Club Bar & Grill,Bins PORT, ,STD,QRC
MSC Seaview,MSCX-SEAV,MSCX,SEAV,GLU-60,6,Galley,Wine Cellar,Telephone 2195, ,STD,QRC
MSC Seaview,MSCX-SEAV,MSCX,SEAV,GLU-60,6,Galley,Upper Galley,Halton Extinguisher STBD, ,STD,QRC
MSC Seaview,MSCX-SEAV,MSCX,SEAV,GLU-60,6,Galley,Upper Galley,Clock STBD, ,STD,QRC
MSC Seaview,MSCX-SEAV,MSCX,SEAV,GLU-60,6,Galley,Dish Wash,Bins PORT, ,STD,QRC
MSC Seaview,MSCX-SEAV,MSCX,SEAV,GLU-60,6,Galley,Bakery,Bins PORT (First Aid box), ,STD,QRC
MSC Seaview,MSCX-SEAV,MSCX,SEAV,GLU-60,6,Galley,Bakery,Clock PORT (Bakery Rm 32), ,STD,QRC
MSC Seaview,MSCX-SEAV,MSCX,SEAV,GLU-60,6,Galley,Pastry Store,Dough Machine PORT, ,STD,QRC
MSC Seaview,MSCX-SEAV,MSCX,SEAV,GLU-60,5,Galley,Hot Section,Chef Office (TEL 2200), ,STD,QRC
MSC Seaview,MSCX-SEAV,MSCX,SEAV,GLU-60,5,Galley,Fish Prep,Wash Hand Basin, ,STD,QRC
MSC Seaview,MSCX-SEAV,MSCX,SEAV,GLU-60,5,Galley,Cheese & Fruit Pantry,First Aid STBD (Bins), ,STD,QRC
MSC Seaview,MSCX-SEAV,MSCX,SEAV,GLU-60,5,Galley,Outside Corridor,Elevator, ,STD,QRC
MSC Seaview,MSCX-SEAV,MSCX,SEAV,GLU-60,5,Galley,Dish Wash,Bins PORT (Dirty Area Sign), ,STD,QRC
MSC Seaview,MSCX-SEAV,MSCX,SEAV,GLU-60,5,Galley,Bakery,Corridor (FD050121), ,STD,QRC
MSC Seaview,MSCX-SEAV,MSCX,SEAV,MSC Convex,5,Galley,Outside Corridor,Staircase K FWD, ,STD,QRC
MSC Seaview,MSCX-SEAV,MSCX,SEAV,MSC Convex,5,Galley,Outside Corridor,Staircase K AFT, ,STD,QRC
MSC Seaview,MSCX-SEAV,MSCX,SEAV,GLU-60,3,Galley,Fish Preparation,Telephone 2904, ,STD,QRC
MSC Seaview,MSCX-SEAV,MSCX,SEAV,GLU-60,3,Galley,Fish Preparation,Hobart Mixer, ,STD,QRC
MSC Seaview,MSCX-SEAV,MSCX,SEAV,GLU-60,3,Galley,Fish Preparation,Cold Room 7 PORT, ,STD,QRC
MSC Seaview,MSCX-SEAV,MSCX,SEAV,MSC Convex,3,Galley,Fish Preparation,Entrance, ,STD,QRC
MSC Seaview,MSCX-SEAV,MSCX,SEAV,Fly Shield 2,4,Messes,Crew Mess Int.,Exit Sign PORT (Chilly Picture), ,STD,QRC
MSC Seaview,MSCX-SEAV,MSCX,SEAV,Fly Shield 2,4,Messes,Crew Mess Int.,Green Sushi Picture, ,STD,QRC
MSC Seaview,MSCX-SEAV,MSCX,SEAV,Fly Shield 2,4,Messes,Crew Mess Int.,Port Hole 1 PORT, ,STD,QRC
MSC Seaview,MSCX-SEAV,MSCX,SEAV,Fly Shield 2,4,Messes,Crew Mess Med.,Mediterranean Exit, ,STD,QRC
MSC Seaview,MSCX-SEAV,MSCX,SEAV,Fly Shield 2,4,Messes,Crew Mess Med.,Television, ,STD,QRC
MSC Seaview,MSCX-SEAV,MSCX,SEAV,Fly Shield 2,4,Messes,Crew Mess Med.,Grape Picture, ,STD,QRC
MSC Seaview,MSCX-SEAV,MSCX,SEAV,Fly Shield 2,4,Messes,Crew Mess Strt Fd Mkt,Slippery Notice (Door 040223), ,STD,QRC
MSC Seaview,MSCX-SEAV,MSCX,SEAV,Fly Shield 2,4,Messes,Crew Mess Strt Fd Mkt,Bamboo Lights Picture PORT, ,STD,QRC
MSC Seaview,MSCX-SEAV,MSCX,SEAV,Fly Shield 2,4,Messes,Crew Mess Strt Fd Mkt,Man & Horn Pictures PORT, ,STD,QRC
MSC Seaview,MSCX-SEAV,MSCX,SEAV,GLU-60,19,Bars,Miramar Bar,Bins PORT, ,STD,QRC
MSC Seaview,MSCX-SEAV,MSCX,SEAV,GLU-60,16,Bars,Top Sail Pantry,Bins PORT (Tel 2794), ,STD,QRC
MSC Seaview,MSCX-SEAV,MSCX,SEAV,GLU-60,16,Bars,Panorama Bar,Extention PORT (Rear Door), ,STD,QRC
MSC Seaview,MSCX-SEAV,MSCX,SEAV,GLU-60,7,Bars,Sunset Beach Bar,Bar Pantry Door AFT, ,STD,QRC
MSC Seaview,MSCX-SEAV,MSCX,SEAV,Fly Shield 2,5,Bars,Seaview Bar,Embarcation Corridor STBD, ,STD,QRC
MSC Seaview,MSCX-SEAV,MSCX,SEAV,Fly Shield 2,5,Bars,Seaview Bar,Embarcation Corridor PORT, ,STD,QRC
MSC Seaview,MSCX-SEAV,MSCX,SEAV,Fly Shield 2,16,Buffet,Biscayne,Dirty Workstation PORT, ,STD,QRC
MSC Seaview,MSCX-SEAV,MSCX,SEAV,Fly Shield 2,16,Buffet,Biscayne,Television PORT, ,STD,QRC
MSC Seaview,MSCX-SEAV,MSCX,SEAV,Fly Shield 2,16,Buffet,Biscayne,Television STBD, ,STD,QRC
MSC Seaview,MSCX-SEAV,MSCX,SEAV,Fly Shield 2,16,Buffet,Biscayne,Dirty workstation STBD, ,STD,QRC
MSC Seaview,MSCX-SEAV,MSCX,SEAV,Fly Shield 2,16,Buffet,Biscayne,Dirty workstation FWD PORT, ,STD,QRC
MSC Seaview,MSCX-SEAV,MSCX,SEAV,Fly Shield 2,16,Buffet,Biscayne,Dirty workstation FWD STBD, ,STD,QRC
MSC Seaview,MSCX-SEAV,MSCX,SEAV,Fly Shield 2,8,Buffet,Market Place,Entrance STBD, ,STD,QRC
MSC Seaview,MSCX-SEAV,MSCX,SEAV,Fly Shield 2,8,Buffet,Market Place,Dirty Station FWD STBD, ,STD,QRC
MSC Seaview,MSCX-SEAV,MSCX,SEAV,Fly Shield 2,8,Buffet,Market Place,Entrance AFT STBD, ,STD,QRC
MSC Seaview,MSCX-SEAV,MSCX,SEAV,Fly Shield 2,8,Buffet,Market Place,Dirty Stn AFT STBD (Opp. Bev Stn), ,STD,QRC
MSC Seaview,MSCX-SEAV,MSCX,SEAV,Fly Shield 2,8,Buffet,Market Place,Dirty Stn AFT PORT, ,STD,QRC
MSC Seaview,MSCX-SEAV,MSCX,SEAV,Fly Shield 2,8,Buffet,Market Place,Entrance PORT, ,STD,QRC
MSC Seaview,MSCX-SEAV,MSCX,SEAV,Fly Shield 2,8,Buffet,Market Place,Dirty Station PORT, ,STD,QRC
MSC Seaview,MSCX-SEAV,MSCX,SEAV,Fly Shield 2,8,Buffet,Market Place,Entrance Door PORT, ,STD,QRC
MSC Seaview,MSCX-SEAV,MSCX,SEAV,Fly Shield 2,8,Buffet,Market Place,Dirty Station FWD PORT (Tbl 337), ,STD,QRC
MSC Seaview,MSCX-SEAV,MSCX,SEAV,Fly Shield 2,8,Buffet,Market Place,Telephone 2408 (Veg Display), ,STD,QRC
MSC Seaview,MSCX-SEAV,MSCX,SEAV,Fly Shield 2,8,Buffet,Market Place,Telephone 2409 (Fruit), ,STD,QRC
MSC Seaview,MSCX-SEAV,MSCX,SEAV,Fusion 4,4,Deck,Gangway MID PORT,Badge sign (Nr. Maitre office), ,STD,QRC
MSC Seaview,MSCX-SEAV,MSCX,SEAV,Fusion 4,4,Deck,Gangway MID STBD,Bunker Station STBD, ,STD,QRC
MSC Seaview,MSCX-SEAV,MSCX,SEAV,Fusion 4,4,Deck,Gangway AFT STBD,Telephone 2108, ,STD,QRC
MSC Seaview,MSCX-SEAV,MSCX,SEAV,Fusion 4,4,Deck,Gangway AFT PORT,Telephone 2109, ,STD,QRC
MSC Seaview,MSCX-SEAV,MSCX,SEAV,Fusion 4,4,Deck,Crew Corr AFT (MID G/way),Engine Changing Rm, ,STD,QRC
MSC Seaview,MSCX-SEAV,MSCX,SEAV,Fusion 4,4,Deck,Exit Sign (FDU-A-10W),Crew elevator (Garbage Rm), ,STD,QRC
MSC Seaview,MSCX-SEAV,MSCX,SEAV,Fusion 4,4,Deck,FDU-A-10W (3_2_040),AC Station STBD, ,STD,QRC
MSC Seaview,MSCX-SEAV,MSCX,SEAV,Fusion 4,4,Deck,AFT G/way (AFT Corridor),Cabin Sign 3029 to 3237 , ,STD,QRC
MSC Seaview,MSCX-SEAV,MSCX,SEAV,Fusion 4,4,Deck,Blue Socket (FDU-A-10W),Near FT3 Locker, ,STD,QRC
MSC Seaview,MSCX-SEAV,MSCX,SEAV,MSC Convex,4,Deck,Crew & Luggage Emb.,Ship FWD PORT, ,STD,QRC
MSC Seaview,MSCX-SEAV,MSCX,SEAV,MSC Convex,4,Deck,Crew & Luggage Emb.,Ship FWD STBD, ,STD,QRC
MSC Seaview,MSCX-SEAV,MSCX,SEAV,MSC Convex,4,Deck,Tender Boarding Stn,MID STBD , ,STD,QRC
MSC Seaview,MSCX-SEAV,MSCX,SEAV,MSC Convex,4,Deck,Tender Boarding Stn,MID PORT, ,STD,QRC
MSC Seaview,MSCX-SEAV,MSCX,SEAV,GLU-90,4,Garbage,Sorting Room,Wash Hand Basin STBD, ,STD,QRC
MSC Seaview,MSCX-SEAV,MSCX,SEAV,GLU-90,4,Garbage,Garbage Room,Wash Hand Basin STBD, ,STD,QRC
MSC Seaview,MSCX-SEAV,MSCX,SEAV,GLU-90,4,Garbage,Garbage Room,Electric Box STBD (XE/568AG), ,STD,QRC
MSC Seaview,MSCX-SEAV,MSCX,SEAV,GLU-90,4,Garbage,Garbage Room,Incinerator B, ,STD,QRC
MSC Seaview,MSCX-SEAV,MSCX,SEAV,GLU-90,4,Garbage,Garbage Room,Cold Station STBD, ,STD,QRC
MSC Seaview,MSCX-SEAV,MSCX,SEAV,GLU-90,3,Garbage,Pulper & Silo Area,Stairs STBD, ,STD,QRC
MSC Seaview,MSCX-SEAV,MSCX,SEAV,Fusion 4,4,Provisions,Corner,Provision Office (Front), ,STD,QRC
MSC Seaview,MSCX-SEAV,MSCX,SEAV,Fusion 4,4,Provisions,Loading Area,Shell Door 419 STBD, ,STD,QRC
MSC Seaview,MSCX-SEAV,MSCX,SEAV,Fusion 4,4,Provisions,Loading Area,Shell Door 420 PORT, ,STD,QRC
MSC Seaview,MSCX-SEAV,MSCX,SEAV,MSC Convex,4,Provisions,ICO Office,Office STBD, ,STD,QRC
MSC Seaview,MSCX-SEAV,MSCX,SEAV,GLU-60,3,Provisions,Loading Area,Water Tight Door 3-12, ,STD,QRC
MSC Seaview,MSCX-SEAV,MSCX,SEAV,GLU-60,3,Provisions,Loading Area,Water Tight Door 3-13, ,STD,QRC
MSC Seashore,MSCX-SHOR,MSCX,SHOR,GLU-60,16,Galley,Market Place ,Cold Room 51, ,STD,QRC
MSC Seashore,MSCX-SHOR,MSCX,SHOR,GLU-60,16,Galley,Market Place ,Fire Door 0160106A, ,STD,QRC
MSC Seashore,MSCX-SHOR,MSCX,SHOR,GLU-60,16,Galley,Market Place ,Ice Machine JC1621601, ,STD,QRC
MSC Seashore,MSCX-SHOR,MSCX,SHOR,GLU-60,16,Galley,Family ,Telephone 2800, ,STD,QRC
MSC Seashore,MSCX-SHOR,MSCX,SHOR,GLU-60,16,Galley,Family ,Hot Station Bins, ,STD,QRC
MSC Seashore,MSCX-SHOR,MSCX,SHOR,GLU-60,8,Galley,Crew Elevator ,Lights, ,STD,QRC
MSC Seashore,MSCX-SHOR,MSCX,SHOR,GLU-60,8,Galley,Thematic Galley,Preparation table , ,STD,QRC
MSC Seashore,MSCX-SHOR,MSCX,SHOR,GLU-60,8,Galley,Pantry,Bins, ,STD,QRC
MSC Seashore,MSCX-SHOR,MSCX,SHOR,GLU-60,7,Galley,Main Galley,Entrance 2378, ,STD,QRC
MSC Seashore,MSCX-SHOR,MSCX,SHOR,GLU-60,7,Galley,Main Galley,Ice Machine JC0711101, ,STD,QRC
MSC Seashore,MSCX-SHOR,MSCX,SHOR,GLU-60,7,Galley,Main Galley,Dirty Area PORT, ,STD,QRC
MSC Seashore,MSCX-SHOR,MSCX,SHOR,GLU-60,6,Galley,Bakery,Lift Machine 060123, ,STD,QRC
MSC Seashore,MSCX-SHOR,MSCX,SHOR,GLU-60,6,Galley,Main Galley,Telephone 2313, ,STD,QRC
MSC Seashore,MSCX-SHOR,MSCX,SHOR,GLU-60,6,Galley,Main Galley,Pot wash PORT, ,STD,QRC
MSC Seashore,MSCX-SHOR,MSCX,SHOR,GLU-60,6,Galley,Main Galley,Wine Cellar, ,STD,QRC
MSC Seashore,MSCX-SHOR,MSCX,SHOR,GLU-60,5,Galley,Main Galley,Restaurant Entrance STBD, ,STD,QRC
MSC Seashore,MSCX-SHOR,MSCX,SHOR,Fly Shield 2,5,Galley,Main Galley,Chef's Office , ,STD,QRC
MSC Seashore,MSCX-SHOR,MSCX,SHOR,GLU-60,5,Galley,Crew Galley,Fire Blanket, ,STD,QRC
MSC Seashore,MSCX-SHOR,MSCX,SHOR,GLU-60,5,Galley,Garde Manger,Telephone x2217, ,STD,QRC
MSC Seashore,MSCX-SHOR,MSCX,SHOR,GLU-60,5,Galley,Pastry,Entrance , ,STD,QRC
MSC Seashore,MSCX-SHOR,MSCX,SHOR,Fly Shield 2,3,Galley,Vegetable Prep.,Pot Wash door , ,STD,QRC
MSC Seashore,MSCX-SHOR,MSCX,SHOR,Fly Shield 2,3,Galley,Butcher Area,Preparation Table , ,STD,QRC
MSC Seashore,MSCX-SHOR,MSCX,SHOR,Fly Shield 2,3,Galley,Fish Preparation,Telephone 2076, ,STD,QRC
MSC Seashore,MSCX-SHOR,MSCX,SHOR,Fly Shield 2,4,Messes ,Street Food Market ,Wash Hand Basin , ,STD,QRC
MSC Seashore,MSCX-SHOR,MSCX,SHOR,Fly Shield 2,4,Messes ,Street Food Market ,Column , ,STD,QRC
MSC Seashore,MSCX-SHOR,MSCX,SHOR,Fly Shield 2,4,Messes ,Street Food Market ,Fire Door 040219, ,STD,QRC
MSC Seashore,MSCX-SHOR,MSCX,SHOR,Fly Shield 2,4,Messes ,International,Exit Sign , ,STD,QRC
MSC Seashore,MSCX-SHOR,MSCX,SHOR,Fly Shield 2,4,Messes ,International,Pictures, ,STD,QRC
MSC Seashore,MSCX-SHOR,MSCX,SHOR,Fly Shield 2,4,Messes ,Mediterranean,Wash Hand basin , ,STD,QRC
MSC Seashore,MSCX-SHOR,MSCX,SHOR,Fly Shield 2,4,Messes ,Mediterranean,Pantry Door, ,STD,QRC
MSC Seashore,MSCX-SHOR,MSCX,SHOR,GLU-90,4,Provisions,Loading Area,Fire Plant STBD, ,STD,QRC
MSC Seashore,MSCX-SHOR,MSCX,SHOR,GLU-90,4,Provisions,Loading Area,Damper Position STBD , ,STD,QRC
MSC Seashore,MSCX-SHOR,MSCX,SHOR,GLU-90,4,Provisions,Loading Area,Red Alarm PORT, ,STD,QRC
MSC Seashore,MSCX-SHOR,MSCX,SHOR,Fly Shield 2,3,Provisions,Corridor,Upper Fire Exit , ,STD,QRC
MSC Seashore,MSCX-SHOR,MSCX,SHOR,GLU-60,8,Bars,Pantry ,Venchi Pantry , ,STD,QRC
MSC Seashore,MSCX-SHOR,MSCX,SHOR,GLU-60,8,Bars,Corridor Pantry ,Infinity Bar Pantry , ,STD,QRC
MSC Seashore,MSCX-SHOR,MSCX,SHOR,GLU-60,8,Bars,Crew Bar,Assembly Station Sign , ,STD,QRC
MSC Seashore,MSCX-SHOR,MSCX,SHOR,Fly Shield 2,4,Bars,Crew Burger,Bins , ,STD,QRC
MSC Seashore,MSCX-SHOR,MSCX,SHOR,Fly Shield 2,4,Bars,Crew Burger,Line Counter , ,STD,QRC
MSC Seashore,MSCX-SHOR,MSCX,SHOR,GLU-90,4,Garbage,Garbage Room ,Sorting Room Bins, ,STD,QRC
MSC Seashore,MSCX-SHOR,MSCX,SHOR,GLU-90,4,Garbage,Garbage Room ,Fire Door 040312, ,STD,QRC
MSC Seashore,MSCX-SHOR,MSCX,SHOR,GLU-90,4,Garbage,Garbage Room ,Fire Door 040365, ,STD,QRC
MSC Seashore,MSCX-SHOR,MSCX,SHOR,GLU-90,4,Garbage,Garbage Room ,Cold Store 23, ,STD,QRC
MSC Seashore,MSCX-SHOR,MSCX,SHOR,Fusion 4,4,Housekeeping ,Gangway FWD STBD ,Alarm Speacker, ,STD,QRC
MSC Seashore,MSCX-SHOR,MSCX,SHOR,Fusion 4,4,Housekeeping ,Gangway FWD PORT ,Alarm Speacker, ,STD,QRC
MSC Seashore,MSCX-SHOR,MSCX,SHOR,Fusion 4,4,Housekeeping ,Gangway MID  PORT ,Telephone 2149, ,STD,QRC
MSC Seashore,MSCX-SHOR,MSCX,SHOR,Fusion 4,4,Housekeeping ,Gangway MID STBD ,CCTV Sign , ,STD,QRC
MSC Seashore,MSCX-SHOR,MSCX,SHOR,Fusion 4,4,Housekeeping ,Tender FWD PORT,Telephone 2173, ,STD,QRC
MSC Seashore,MSCX-SHOR,MSCX,SHOR,Fusion 4,4,Housekeeping ,Tender FWD STBD,Telephone 2182, ,STD,QRC
MSC Seashore,MSCX-SHOR,MSCX,SHOR,Fusion 4,4,Housekeeping ,Tender AFT STBD,Telephone 2129, ,STD,QRC
MSC Seashore,MSCX-SHOR,MSCX,SHOR,Fusion 4,4,Housekeeping ,Tender AFT PORT,Telephone 2130, ,STD,QRC
MSC Seashore,MSCX-SHOR,MSCX,SHOR,Fusion 4,7,Housekeeping ,Crew Corridor ,Housekeeping Office, ,STD,QRC
MSC Seashore,MSCX-SHOR,MSCX,SHOR,Fusion 4,7,Housekeeping ,Crew Corridor ,Exit Door FWD STBD , ,STD,QRC
MSC Seashore,MSCX-SHOR,MSCX,SHOR,Fusion 4,4,Housekeeping ,Crew Corridor ,Crew Purser FWD, ,STD,QRC
MSC Seashore,MSCX-SHOR,MSCX,SHOR,Fusion 4,4,Housekeeping ,Crew Corridor ,Safety Notice Board , ,STD,QRC
MSC Seashore,MSCX-SHOR,MSCX,SHOR,Fusion 4,4,Housekeeping ,Crew Corridor ,Crew Burger , ,STD,QRC
MSC Seashore,MSCX-SHOR,MSCX,SHOR,Fusion 4,4,Housekeeping ,Crew Corridor ,Street Food Market  (Opp.), ,STD,QRC
MSC Seashore,MSCX-SHOR,MSCX,SHOR,Fly Shield 2,16,Buffet,Market Place,Section 1 Clear Up PORT, ,STD,QRC
MSC Seashore,MSCX-SHOR,MSCX,SHOR,Fly Shield 2,16,Buffet,Market Place,Section 2 Clear Up PORT, ,STD,QRC
MSC Seashore,MSCX-SHOR,MSCX,SHOR,Fly Shield 2,16,Buffet,Market Place,Section 3 Clear Up PORT, ,STD,QRC
MSC Seashore,MSCX-SHOR,MSCX,SHOR,Fly Shield 2,16,Buffet,Market Place,Entrance (Wash Sink), ,STD,QRC
MSC Seashore,MSCX-SHOR,MSCX,SHOR,Fly Shield 2,16,Galley,Market Place,Section 5/6 Clear Up, ,STD,QRC
MSC Seashore,MSCX-SHOR,MSCX,SHOR,Fly Shield 2,16,Buffet,Market Place,Dessert Section STBD, ,STD,QRC
MSC Seashore,MSCX-SHOR,MSCX,SHOR,Fly Shield 2,16,Buffet,Market Place,Bar PORT, ,STD,QRC
MSC Seashore,MSCX-SHOR,MSCX,SHOR,Fly Shield 2,16,Buffet,Family,Pizza Area AFT , ,STD,QRC
MSC Seashore,MSCX-SHOR,MSCX,SHOR,Fly Shield 2,16,Buffet,Family,Destination Area , ,STD,QRC
MSC Seashore,MSCX-SHOR,MSCX,SHOR,Fly Shield 2,16,Buffet,Family,Section 10 Clear Up STBD , ,STD,QRC
MSC Seashore,MSCX-SHOR,MSCX,SHOR,Fly Shield 2,16,Buffet,Family,Section 12 Clear Up STBD , ,STD,QRC
MSC Seashore,MSCX-SHOR,MSCX,SHOR,Fly Shield 2,16,Buffet,Family,Section 14/15 Clear Up STBD , ,STD,QRC
MSC Seashore,MSCX-SHOR,MSCX,SHOR,Fly Shield 2,16,Buffet,Family,Telephone 2797 STBD, ,STD,QRC
MSC Seashore,MSCX-SHOR,MSCX,SHOR,Fly Shield 2,16,Buffet,Family,Telephone 2798 PORT, ,STD,QRC
MSC Seashore,MSCX-SHOR,MSCX,SHOR,GLU-60,20,Yacht Club ,Top Sail Lounge,Pantry , ,STD,QRC
MSC Seashore,MSCX-SHOR,MSCX,SHOR,GLU-60,18,Yacht Club ,VIP Galley ,Galley Entrance , ,STD,QRC
MSC Seashore,MSCX-SHOR,MSCX,SHOR,Fly Shield 2,16,Yacht Club ,Pantry,Fire Extinguisher, ,STD,QRC
MSC Sinfonia,MSCX-SINF,MSCX,SINF,GLU-60,11,Galley,Lido Galley,Buffet Door PORT, ,STD,QRC
MSC Sinfonia,MSCX-SINF,MSCX,SINF,GLU-60,11,Galley,Lido Galley,Dish Wash/Plate wash, ,STD,QRC
MSC Sinfonia,MSCX-SINF,MSCX,SINF,GLU-60,11,Galley,Pizzeria,Pizzeria Entrance, ,STD,QRC
MSC Sinfonia,MSCX-SINF,MSCX,SINF,GLU-60,11,Galley,Galley,Grill Area, ,STD,QRC
MSC Sinfonia,MSCX-SINF,MSCX,SINF,GLU-60,6,Galley,Dish Wash,Restaurant Door PORT, ,STD,QRC
MSC Sinfonia,MSCX-SINF,MSCX,SINF,MSC Convex,5,Galley,Main Galley,Chef Office, ,STD,QRC
MSC Sinfonia,MSCX-SINF,MSCX,SINF,GLU-60,4,Galley,Bakery,Entrance LHS, ,STD,QRC
MSC Sinfonia,MSCX-SINF,MSCX,SINF,MSC Convex,4,Galley,Crew Galley,Food Trolley, ,STD,QRC
MSC Sinfonia,MSCX-SINF,MSCX,SINF,GLU-60,3,Galley,Fruit Preparation,Chiller/Refrigerator, ,STD,QRC
MSC Sinfonia,MSCX-SINF,MSCX,SINF,GLU-60,4,Messes,Officer Mess,Service Line END, ,STD,QRC
MSC Sinfonia,MSCX-SINF,MSCX,SINF,GLU-60,4,Messes,Officer Mess,Clock, ,STD,QRC
MSC Sinfonia,MSCX-SINF,MSCX,SINF,GLU-60,4,Messes,Staff Mess,Main Entrance RHS, ,STD,QRC
MSC Sinfonia,MSCX-SINF,MSCX,SINF,GLU-60,4,Messes,Staff Mess,Clock, ,STD,QRC
MSC Sinfonia,MSCX-SINF,MSCX,SINF,GLU-60,4,Messes,Crew Mess,Service Line (TV), ,STD,QRC
MSC Sinfonia,MSCX-SINF,MSCX,SINF,GLU-60,4,Messes,Crew Mess,Engine Room Door (Nr.), ,STD,QRC
MSC Sinfonia,MSCX-SINF,MSCX,SINF,GLU-60,4,Messes,Crew Mess,CupBoard Rack, ,STD,QRC
MSC Sinfonia,MSCX-SINF,MSCX,SINF,GLU-90,4,Provisions,Loading Area,Crew Toilet, ,STD,QRC
MSC Sinfonia,MSCX-SINF,MSCX,SINF,GLU-90,4,Provisions,Loading Area,Shell Door STBD, ,STD,QRC
MSC Sinfonia,MSCX-SINF,MSCX,SINF,GLU-90,4,Provisions,Loading Area,Garbage Room Entrance, ,STD,QRC
MSC Sinfonia,MSCX-SINF,MSCX,SINF,GLU-90,3,Provisions,Corridor,Pallet Lift, ,STD,QRC
MSC Sinfonia,MSCX-SINF,MSCX,SINF,GLU-90,3,Provisions,Corridor,Fruit Chiller (Opposite), ,STD,QRC
MSC Sinfonia,MSCX-SINF,MSCX,SINF,GLU-60,4,Bars,Crew Bar,Main Entrance (Notice Board), ,STD,QRC
MSC Sinfonia,MSCX-SINF,MSCX,SINF,GLU-60,4,Bars,Crew Bar,Port Hole No. 1, ,STD,QRC
MSC Sinfonia,MSCX-SINF,MSCX,SINF,MSC White Uplighter,11,Restaurant,Buffet,Main Door PORT, ,STD,QRC
MSC Sinfonia,MSCX-SINF,MSCX,SINF,MSC White Uplighter,11,Restaurant,Buffet,Bar Counter, ,STD,QRC
MSC Sinfonia,MSCX-SINF,MSCX,SINF,MSC White Uplighter,11,Restaurant,Buffet,Fruit Counter, ,STD,QRC
MSC Sinfonia,MSCX-SINF,MSCX,SINF,MSC White Uplighter,11,Restaurant,Buffet,Main Door STBD, ,STD,QRC
MSC Sinfonia,MSCX-SINF,MSCX,SINF,GLU-90,4,Garbage,Garbage Room,Glass Crusher, ,STD,QRC
MSC Sinfonia,MSCX-SINF,MSCX,SINF,GLU-90,4,Garbage,Garbage Room,Biological Risk Box, ,STD,QRC
MSC Sinfonia,MSCX-SINF,MSCX,SINF,GLU-90,4,Garbage,Sorting Room,Waste Bins, ,STD,QRC
MSC Sinfonia,MSCX-SINF,MSCX,SINF,GLU-90,4,Deck,Corridor,H/Keeper Office (Stairs), ,STD,QRC
MSC Sinfonia,MSCX-SINF,MSCX,SINF,GLU-90,4,Deck,Corridor,Stairs E Entrance, ,STD,QRC
MSC Sinfonia,MSCX-SINF,MSCX,SINF,GLU-60,4,Deck,Corridor,Crew Bar (Outside Notice Board), ,STD,QRC
MSC Sinfonia,MSCX-SINF,MSCX,SINF,MSC Convex,4,Technical,Engine Control Rm,Crew Mess Entrance, ,STD,QRC
MSC Splendida,MSCX-SPLE,MSCX,SPLE,GLU-10 (LED),18,Galley,One Pool Pantry,Main Door 893 LHS,Jul-24,LED,QRC
MSC Splendida,MSCX-SPLE,MSCX,SPLE,GLU-10 (LED),16,Galley,Yacht Club FWD,Trolley Lift,Jul-24,LED,QRC
MSC Splendida,MSCX-SPLE,MSCX,SPLE,GLU-10 (LED),16,Galley,Yacht Club FWD,Dirty Platewash,Jul-24,LED,QRC
MSC Splendida,MSCX-SPLE,MSCX,SPLE,GLU-10 (LED),15,Galley,Yacht Club AFT,FD 15701 LHS,Jul-24,LED,QRC
MSC Splendida,MSCX-SPLE,MSCX,SPLE,GLU-10 (LED),14,Galley,Bora Bora Galley,Galley PORT,Jul-24,LED,QRC
MSC Splendida,MSCX-SPLE,MSCX,SPLE,GLU-10 (LED),14,Galley,Bora Bora Galley,Galley STBD,Jul-24,LED,QRC
MSC Splendida,MSCX-SPLE,MSCX,SPLE,GLU-10 (LED),14,Galley,Bora Bora Galley,Soiled Area Midship STBD,Jul-24,LED,QRC
MSC Splendida,MSCX-SPLE,MSCX,SPLE,GLU-10 (LED),14,Galley,Bora Bora Galley,Bulkhead Midship PORT,Jul-24,LED,QRC
MSC Splendida,MSCX-SPLE,MSCX,SPLE,Fusion 4,14,Galley,Bora Bora Galley,Galley Mid Bins, ,STD,QRC
MSC Splendida,MSCX-SPLE,MSCX,SPLE,GLU-10 (LED),6,Galley,Main Galley,Platewash Mid STBD,Jul-24,LED,QRC
MSC Splendida,MSCX-SPLE,MSCX,SPLE,Fly Shield 2,5,Galley,Main Galley,Hotline Bins, ,STD,QRC
MSC Splendida,MSCX-SPLE,MSCX,SPLE,Fusion 4,5,Galley,Main Galley,Wine Cellar, ,STD,QRC
MSC Splendida,MSCX-SPLE,MSCX,SPLE,Fusion 4,5,Galley,Main Galley,Bakery Front, ,STD,QRC
MSC Splendida,MSCX-SPLE,MSCX,SPLE,MSC White Uplighter,5,Galley,Pastry Stairway,Stairs AFT, ,STD,QRC
MSC Splendida,MSCX-SPLE,MSCX,SPLE,GLU-10 (LED),4,Messes,Crew Mess,TV and Clock FWD,Jul-24,LED,QRC
MSC Splendida,MSCX-SPLE,MSCX,SPLE,Fly Shield 2,4,Messes,Crew Mess,TV and Clock AFT, ,STD,QRC
MSC Splendida,MSCX-SPLE,MSCX,SPLE,Fly Shield 2,4,Messes,Staff Mess,TV STBD, ,STD,QRC
MSC Splendida,MSCX-SPLE,MSCX,SPLE,Fly Shield 2,4,Messes,Officer Mess,Hand Wash Basin Entry LHS, ,STD,QRC
MSC Splendida,MSCX-SPLE,MSCX,SPLE,Fly Shield 2,4,Messes,Petty Mess,Plate Scrape Fire Exit RHS, ,STD,QRC
MSC Splendida,MSCX-SPLE,MSCX,SPLE,Fusion 4,4,Provisions,Loading Area,Shell Door PORT AFT, ,STD,QRC
MSC Splendida,MSCX-SPLE,MSCX,SPLE,Fusion 4,4,Provisions,Loading Area,Shell Door STBD AFT, ,STD,QRC
MSC Splendida,MSCX-SPLE,MSCX,SPLE,Fly Shield 2,4,Provisions,Staircase,Staircase AFT, ,STD,QRC
MSC Splendida,MSCX-SPLE,MSCX,SPLE,GLU-10 (LED),3,Provisions,Platform Area,Dry Store 2060 (Opp.),Jul-24,LED,QRC
MSC Splendida,MSCX-SPLE,MSCX,SPLE,MSC White Uplighter,14,Restaurant,Waiter Station AFT STBD,Bulkhead, ,STD,QRC
MSC Splendida,MSCX-SPLE,MSCX,SPLE,MSC White Uplighter,14,Restaurant,Waiter Station AFT PORT,Bulkhead, ,STD,QRC
MSC Splendida,MSCX-SPLE,MSCX,SPLE,MSC White Uplighter,14,Restaurant,Waiter Station MID STBD,Bulkhead, ,STD,QRC
MSC Splendida,MSCX-SPLE,MSCX,SPLE,MSC White Uplighter,14,Restaurant,Waiter Station MID PORT,Bulkhead, ,STD,QRC
MSC Splendida,MSCX-SPLE,MSCX,SPLE,MSC White Uplighter,14,Restaurant,Waiter Station FWD STBD,Bulkhead, ,STD,QRC
MSC Splendida,MSCX-SPLE,MSCX,SPLE,MSC White Uplighter,14,Restaurant,Waiter Station FWD PORT,Bulkhead, ,STD,QRC
MSC Splendida,MSCX-SPLE,MSCX,SPLE,Fly Shield 2,10,Restaurant,Pantry,Cleaning Material Locker, ,STD,QRC
MSC Splendida,MSCX-SPLE,MSCX,SPLE,GLU-10 (LED),15,Bars,Movida Bar,Pantry Bins,Jul-24,LED,QRC
MSC Splendida,MSCX-SPLE,MSCX,SPLE,GLU-10 (LED),14,Bars,Tartaruga Bar,Door Mid STBD LHS,Jul-24,LED,QRC
MSC Splendida,MSCX-SPLE,MSCX,SPLE,GLU-10 (LED),14,Bars,Del Riccio Bar,Pantry,Jul-24,LED,QRC
MSC Splendida,MSCX-SPLE,MSCX,SPLE,Fusion 4,4,Garbage,Garbage Room,Bulkhead Clock, ,STD,QRC
MSC Splendida,MSCX-SPLE,MSCX,SPLE,GLU-10 (LED),4,Garbage,Garbage Room,Cleaning Material Locker,Jul-24,LED,QRC
MSC Splendida,MSCX-SPLE,MSCX,SPLE,Fly Shield 2,4,Garbage,Sorting Area,Sorting Area STBD, ,STD,QRC
MSC Splendida,MSCX-SPLE,MSCX,SPLE,Fly Shield 2,2,Laundry,Dirty Area,Washing Machine #4, ,STD,QRC
MSC Splendida,MSCX-SPLE,MSCX,SPLE,GLU-10 (LED),14,Buffet,Bora Bora Buffet,Port Waiter Station,Jul-24,LED,QRC
MSC Splendida,MSCX-SPLE,MSCX,SPLE,GLU-10 (LED),14,Buffet,Bora Bora Buffet,STBD Waiter Station,Jul-24,LED,QRC
MSC Splendida,MSCX-SPLE,MSCX,SPLE,Fly Shield 2,14,Buffet,Bora Bora Buffet,Hand Wash Station, ,STD,QRC
MSC Splendida,MSCX-SPLE,MSCX,SPLE,GLU-10 (LED),13,Chief Crew Steward,Captain's Pantry,Pantry,Jul-24,LED,QRC
MSC Splendida,MSCX-SPLE,MSCX,SPLE,GLU-10 (LED),4,Chief Crew Steward,Main Corridor PORT,Bulkhead FD 04607 LHS,Jul-24,LED,QRC
MSC Splendida,MSCX-SPLE,MSCX,SPLE,Fusion 4,4,Chief Crew Steward,Main Corridor PORT AFT,Bulkhead, ,STD,QRC
MSC Virtuosa,MSCX-VIRT,MSCX,VIRT,GLU-60,19,Galley,One Pool,Pantry (Bins), ,STD,QRC
MSC Virtuosa,MSCX-VIRT,MSCX,VIRT,GLU-60,19,Galley,One Pool,Entrance, ,STD,QRC
MSC Virtuosa,MSCX-VIRT,MSCX,VIRT,Fly Shield 2,18,Galley,Yacht Club Galley,Dish Wash (Opposite), ,STD,QRC
MSC Virtuosa,MSCX-VIRT,MSCX,VIRT,GLU-60,15,Galley,Lido Galley,Telephone 2592, ,STD,QRC
MSC Virtuosa,MSCX-VIRT,MSCX,VIRT,GLU-60,15,Galley,Lido Galley,Dishwash STBD (Bins), ,STD,QRC
MSC Virtuosa,MSCX-VIRT,MSCX,VIRT,GLU-60,15,Galley,Lido Galley,Dishwash PORT (Bins), ,STD,QRC
MSC Virtuosa,MSCX-VIRT,MSCX,VIRT,GLU-60,15,Galley,Lido Galley,Co2 Alarm, ,STD,QRC
MSC Virtuosa,MSCX-VIRT,MSCX,VIRT,GLU-60,6,Galley,Upper Galley,Wine Cellar STBD, ,STD,QRC
MSC Virtuosa,MSCX-VIRT,MSCX,VIRT,GLU-60,6,Galley,Upper Galley,Fire Door (06618), ,STD,QRC
MSC Virtuosa,MSCX-VIRT,MSCX,VIRT,GLU-60,6,Galley,Upper Galley,Wine Cellar PORT, ,STD,QRC
MSC Virtuosa,MSCX-VIRT,MSCX,VIRT,GLU-60,6,Galley,Upper Galley,Fire door (06703), ,STD,QRC
MSC Virtuosa,MSCX-VIRT,MSCX,VIRT,GLU-60,5,Galley,Main Galley,Hot Section (Fire Damper), ,STD,QRC
MSC Virtuosa,MSCX-VIRT,MSCX,VIRT,GLU-60,5,Galley,Main Galley,Chemical Locker, ,STD,QRC
MSC Virtuosa,MSCX-VIRT,MSCX,VIRT,GLU-60,5,Galley,Main Galley,Cold Galley (Co2 Alarm), ,STD,QRC
MSC Virtuosa,MSCX-VIRT,MSCX,VIRT,GLU-60,5,Galley,Main Galley,Garde Manger (FP 703.049), ,STD,QRC
MSC Virtuosa,MSCX-VIRT,MSCX,VIRT,GLU-60,5,Galley,Main Galley,Bins (Opp. Dishwash), ,STD,QRC
MSC Virtuosa,MSCX-VIRT,MSCX,VIRT,Fly Shield 2,15,Buffet,Market Place,Fire Door 15718, ,STD,QRC
MSC Virtuosa,MSCX-VIRT,MSCX,VIRT,Fly Shield 2,15,Buffet,Market Place,Men Toilet, ,STD,QRC
MSC Virtuosa,MSCX-VIRT,MSCX,VIRT,Fly Shield 2,15,Buffet,Market Place,Women Toilet, ,STD,QRC
MSC Virtuosa,MSCX-VIRT,MSCX,VIRT,Fly Shield 2,15,Buffet,Market Place,Fire Door (15719), ,STD,QRC
MSC Virtuosa,MSCX-VIRT,MSCX,VIRT,Fly Shield 2,15,Buffet,Market Place,Bakery FWD STBD, ,STD,QRC
MSC Virtuosa,MSCX-VIRT,MSCX,VIRT,Fly Shield 2,15,Buffet,Market Place,Buffet Bar (RHS Column), ,STD,QRC
MSC Virtuosa,MSCX-VIRT,MSCX,VIRT,Fly Shield 2,15,Buffet,Market Place,Buffet Bar (LHS Column), ,STD,QRC
MSC Virtuosa,MSCX-VIRT,MSCX,VIRT,Fly Shield 2,15,Buffet,Market Place,Center Section, ,STD,QRC
MSC Virtuosa,MSCX-VIRT,MSCX,VIRT,Fly Shield 2,15,Buffet,Market Place,Entrance FWD STBD (F/P 513.040), ,STD,QRC
MSC Virtuosa,MSCX-VIRT,MSCX,VIRT,Fly Shield 2,15,Buffet,Market Place,Bakery FWD PORT , ,STD,QRC
MSC Virtuosa,MSCX-VIRT,MSCX,VIRT,Fly Shield 2,15,Buffet,Market Place,Clearing Station 3, ,STD,QRC
MSC Virtuosa,MSCX-VIRT,MSCX,VIRT,Fly Shield 2,15,Buffet,Market Place,Family & Kids, ,STD,QRC
MSC Virtuosa,MSCX-VIRT,MSCX,VIRT,Fly Shield 2,15,Buffet,Market Place,Deck Doors PORT, ,STD,QRC
MSC Virtuosa,MSCX-VIRT,MSCX,VIRT,Fly Shield 2,15,Buffet,Market Place,Telephone No. 2910, ,STD,QRC
MSC Virtuosa,MSCX-VIRT,MSCX,VIRT,Fly Shield 2,15,Buffet,Market Place,Beverage Station STBD, ,STD,QRC
MSC Virtuosa,MSCX-VIRT,MSCX,VIRT,Fly Shield 2,15,Buffet,Market Place,Beverage Station PORT, ,STD,QRC
MSC Virtuosa,MSCX-VIRT,MSCX,VIRT,GLU-60,4,Messes, Crew Burger Mess,Plate Scrape, ,STD,QRC
MSC Virtuosa,MSCX-VIRT,MSCX,VIRT,GLU-60,4,Messes, Crew Burger Mess,Port Hole 1 & 2, ,STD,QRC
MSC Virtuosa,MSCX-VIRT,MSCX,VIRT,Fly Shield 2,4,Messes, Crew Burger Mess,Fire Damper Door, ,STD,QRC
MSC Virtuosa,MSCX-VIRT,MSCX,VIRT,GLU-60,4,Messes,Crew Mess Int.,Plate Scrape, ,STD,QRC
MSC Virtuosa,MSCX-VIRT,MSCX,VIRT,GLU-60,4,Messes,Crew Mess Int.,Service Line, ,STD,QRC
MSC Virtuosa,MSCX-VIRT,MSCX,VIRT,GLU-60,4,Messes,Crew Mess Int.,Port Hole 1, ,STD,QRC
MSC Virtuosa,MSCX-VIRT,MSCX,VIRT,GLU-60,4,Messes,Crew Mess Int.,Wash Hand Basin, ,STD,QRC
MSC Virtuosa,MSCX-VIRT,MSCX,VIRT,GLU-60,4,Messes,Crew Mess,Wash Hand Basin, ,STD,QRC
MSC Virtuosa,MSCX-VIRT,MSCX,VIRT,GLU-60,4,Messes,Crew Mess,Large Wash Hand Basin, ,STD,QRC
MSC Virtuosa,MSCX-VIRT,MSCX,VIRT,GLU-60,4,Messes,Mediterranean Rest.,Television, ,STD,QRC
MSC Virtuosa,MSCX-VIRT,MSCX,VIRT,GLU-60,4,Messes,Mediterranean Rest.,Port Hole 1 & 2, ,STD,QRC
MSC Virtuosa,MSCX-VIRT,MSCX,VIRT,GLU-60,4,Messes,Mediterranean Rest.,Port Hole 5 & 6, ,STD,QRC
MSC Virtuosa,MSCX-VIRT,MSCX,VIRT,GLU-60,4,Messes,Mediterranean Rest.,Mediterranean Sign, ,STD,QRC
MSC Virtuosa,MSCX-VIRT,MSCX,VIRT,GLU-60,4,Messes,International Rest.,International Sign, ,STD,QRC
MSC Virtuosa,MSCX-VIRT,MSCX,VIRT,GLU-60,4,Messes,International Rest.,Bins, ,STD,QRC
MSC Virtuosa,MSCX-VIRT,MSCX,VIRT,Fly Shield 2,4,Messes,International Rest.,Fire Door 04-6-32, ,STD,QRC
MSC Virtuosa,MSCX-VIRT,MSCX,VIRT,Fusion 4,4,Provisions,Loading Area,Shell Door 419 STBD, ,STD,QRC
MSC Virtuosa,MSCX-VIRT,MSCX,VIRT,Fusion 4,4,Provisions,Loading Area,Telephone 2191, ,STD,QRC
MSC Virtuosa,MSCX-VIRT,MSCX,VIRT,Fusion 4,4,Provisions,Loading Area,Water Tight Door 402, ,STD,QRC
MSC Virtuosa,MSCX-VIRT,MSCX,VIRT,Fusion 4,4,Provisions,Loading Area,NEC Wi-Fi, ,STD,QRC
MSC Virtuosa,MSCX-VIRT,MSCX,VIRT,Fusion 4,4,Provisions,Loading Area,Shell Door 420 PORT, ,STD,QRC
MSC Virtuosa,MSCX-VIRT,MSCX,VIRT,Fusion 4,4,Provisions,Crew Corridor,Provision office, ,STD,QRC
MSC Virtuosa,MSCX-VIRT,MSCX,VIRT,GLU-60,3,Provisions,Corridor,NEC Wi-Fi, ,STD,QRC
MSC Virtuosa,MSCX-VIRT,MSCX,VIRT,Fusion 4,3,Provisions,Corridor,Fish store 195 (Opposite), ,STD,QRC
MSC Virtuosa,MSCX-VIRT,MSCX,VIRT,Fusion 4,3,Provisions,Corridor,Red Wine 181, ,STD,QRC
MSC Virtuosa,MSCX-VIRT,MSCX,VIRT,Fusion 4,3,Provisions,Prep. Corridor,Telephone 2187, ,STD,QRC
MSC Virtuosa,MSCX-VIRT,MSCX,VIRT,GLU-60,12,Restaurant,Room Service,Garbage Bin (Opp.), ,STD,QRC
MSC Virtuosa,MSCX-VIRT,MSCX,VIRT,GLU-60,8,Deck,Crew Disco,Entrance, ,STD,QRC
MSC Virtuosa,MSCX-VIRT,MSCX,VIRT,GLU-60,8,Deck,Crew Disco,Port Hole 1 & 2, ,STD,QRC
MSC Virtuosa,MSCX-VIRT,MSCX,VIRT,GLU-60,8,Deck,Crew Disco,Mirror/Bins, ,STD,QRC
MSC Virtuosa,MSCX-VIRT,MSCX,VIRT,Fly Shield 2,6,Deck,Embarkation Deck,Shell Door 601 STBD (Fwd), ,STD,QRC
MSC Virtuosa,MSCX-VIRT,MSCX,VIRT,Fly Shield 2,6,Deck,Embarkation Deck,Shell Door 602 PORT (Fwd), ,STD,QRC
MSC Virtuosa,MSCX-VIRT,MSCX,VIRT,Wall Fly White (LED),5,Deck,Embarkation Deck,Shell Door 501 MID STBD,Jul-24,LED,QRC
MSC Virtuosa,MSCX-VIRT,MSCX,VIRT,Wall Fly White (LED),5,Deck,Embarkation Deck,Shell Door 502 MID STBD,Jul-24,LED,QRC
MSC Virtuosa,MSCX-VIRT,MSCX,VIRT,GLU-15 (LED),4,Deck,Embarkation Deck,Shell Door 410 MID STBD,Jul-24,LED,QRC
MSC Virtuosa,MSCX-VIRT,MSCX,VIRT,Fusion 4,4,Deck,Luggage FWD STBD,Internet Point IT351042 , ,STD,QRC
MSC Virtuosa,MSCX-VIRT,MSCX,VIRT,Fusion 4,4,Deck,Gangway FWD PORT,Fire Plan STBD , ,STD,QRC
MSC Virtuosa,MSCX-VIRT,MSCX,VIRT,Fusion 4,4,Deck,Gangway MID STBD,NEC Wi-Fi , ,STD,QRC
MSC Virtuosa,MSCX-VIRT,MSCX,VIRT,GLU-60,4,Deck,Garbage Room,Sorting Rm (Bins) , ,STD,QRC
MSC Virtuosa,MSCX-VIRT,MSCX,VIRT,Fusion 4,4,Deck,Crew Corridor,Wash Bin Room 341, ,STD,QRC
MSC Virtuosa,MSCX-VIRT,MSCX,VIRT,Fusion 4,4,Deck,Crew Corridor,Stairs (India), ,STD,QRC
MSC Virtuosa,MSCX-VIRT,MSCX,VIRT,Fusion 4,4,Deck,Crew Corridor,Crew Stairs 3 STBD, ,STD,QRC
MSC Virtuosa,MSCX-VIRT,MSCX,VIRT,Fusion 4,4,Deck,Crew Corridor,Telephone 2046, ,STD,QRC
MSC Virtuosa,MSCX-VIRT,MSCX,VIRT,Fusion 4,4,Deck,Crew Corridor,Print Shop (Opposite), ,STD,QRC
MSC Virtuosa,MSCX-VIRT,MSCX,VIRT,GLU-60,4,Deck,Crew Bar,Bins (Telephone), ,STD,QRC
MSC Virtuosa,MSCX-VIRT,MSCX,VIRT,GLU-60,4,Deck,Crew Bar,Port Hole 3, ,STD,QRC
MSC Virtuosa,MSCX-VIRT,MSCX,VIRT,Fusion 4,4,Deck,Crew Gangway,Power Breaker MID PORT, ,STD,QRC
MSC Virtuosa,MSCX-VIRT,MSCX,VIRT,GLU-60,4,Garbage,Garbage Room,Marpol Sign, ,STD,QRC
MSC Virtuosa,MSCX-VIRT,MSCX,VIRT,GLU-60,4,Garbage,Garbage Room,Glass Crusher, ,STD,QRC
MSC Virtuosa,MSCX-VIRT,MSCX,VIRT,GLU-60,4,Garbage,Garbage Room,Entrance, ,STD,QRC
MSC World America,MSCX-WAME,MSCX,WAME,Qualis (LED),19,Galley,Buffet Galley,Dirty Area (Opp Rack Utensil),Jul-25,LED,QRC
MSC World America,MSCX-WAME,MSCX,WAME,Qualis (LED),19,Galley,Buffet Galley,LHS Electrical Locker,Jul-25,LED,QRC
MSC World America,MSCX-WAME,MSCX,WAME,Qualis (LED),18,Galley,Buffet Galley,Bins (Dirty Area),Jul-25,LED,QRC
MSC World America,MSCX-WAME,MSCX,WAME,Qualis (LED),18,Galley,Buffet Galley,Unical Steamer,Jul-25,LED,QRC
MSC World America,MSCX-WAME,MSCX,WAME,Qualis (LED),8,Galley,Chef Garden Galley,Telephone 2178,Jul-25,LED,QRC
MSC World America,MSCX-WAME,MSCX,WAME,Qualis (LED),5,Galley,Main Galley,Clock,Jul-25,LED,QRC
MSC World America,MSCX-WAME,MSCX,WAME,Qualis (LED),5,Galley,Main Galley,Trima Machine,Jul-25,LED,QRC
MSC World America,MSCX-WAME,MSCX,WAME,Qualis (LED),5,Galley,Main Galley,Wine Cellar,Jul-25,LED,QRC
MSC World America,MSCX-WAME,MSCX,WAME,Qualis (LED),5,Galley,Main Galley,Red Alarm Sounder,Jul-25,LED,QRC
MSC World America,MSCX-WAME,MSCX,WAME,Qualis (LED),5,Galley,Main Galley,Dish Wash (Opposite),Jul-25,LED,QRC
MSC World America,MSCX-WAME,MSCX,WAME,Qualis (LED),5,Galley,Main Galley,Telephone 2698,Jul-25,LED,QRC
MSC World America,MSCX-WAME,MSCX,WAME,Qualis (LED),5,Galley,Main Galley,Vegetable Prep. (Freezer 556),Jul-25,LED,QRC
MSC World America,MSCX-WAME,MSCX,WAME,Qualis (LED),5,Galley,Main Galley,Telephone 2694,Jul-25,LED,QRC
MSC World America,MSCX-WAME,MSCX,WAME,Qualis (LED),5,Galley,Main Galley,Tilting Pan,Jul-25,LED,QRC
MSC World America,MSCX-WAME,MSCX,WAME,Qualis (LED),5,Galley,Main Galley,Crew Corridor MID,Jul-25,LED,QRC
MSC World America,MSCX-WAME,MSCX,WAME,Qualis (LED),3,Galley,Vegetable Prep.,Telephone 2738,Jul-25,LED,QRC
MSC World America,MSCX-WAME,MSCX,WAME,Qualis (LED),3,Galley,Vegetable Prep.,White Sensor,Jul-25,LED,QRC
MSC World America,MSCX-WAME,MSCX,WAME,Qualis (LED),3,Galley,Fish Preparation,Main Working Tables,Jul-25,LED,QRC
MSC World America,MSCX-WAME,MSCX,WAME,Qualis (LED),3,Galley,Butchers,Bins (Knife Locker),Jul-25,LED,QRC
MSC World America,MSCX-WAME,MSCX,WAME,Sirius (LED),5,Messes,American,Port Holes 1 & 2 ,Jul-25,LED,QRC
MSC World America,MSCX-WAME,MSCX,WAME,Sirius (LED),5,Messes,American,Port Holes 6 & 7 ,Jul-25,LED,QRC
MSC World America,MSCX-WAME,MSCX,WAME,Sirius (LED),5,Messes,American,Blue City Mural,Jul-25,LED,QRC
MSC World America,MSCX-WAME,MSCX,WAME,Sirius (LED),5,Messes,International,Television FWD,Jul-25,LED,QRC
MSC World America,MSCX-WAME,MSCX,WAME,Sirius (LED),5,Messes,International,Chinese Mural,Jul-25,LED,QRC
MSC World America,MSCX-WAME,MSCX,WAME,Sirius (LED),5,Messes,International,Television AFT,Jul-25,LED,QRC
MSC World America,MSCX-WAME,MSCX,WAME,Sirius (LED),5,Messes,International,Telephone Station,Jul-25,LED,QRC
MSC World America,MSCX-WAME,MSCX,WAME,Sirius (LED),5,Messes,Grill,Port Holes 7 & 8,Jul-25,LED,QRC
MSC World America,MSCX-WAME,MSCX,WAME,Sirius (LED),5,Messes,Grill,Port Holes 1 & 2,Jul-25,LED,QRC
MSC World America,MSCX-WAME,MSCX,WAME,Sirius (LED),19,Bars,Top Sail Bar,Bar Counter,Jul-25,LED,QRC
MSC World America,MSCX-WAME,MSCX,WAME,Sirius (LED),19,Bars,Top Sail Pantry,Bins,Jul-25,LED,QRC
MSC World America,MSCX-WAME,MSCX,WAME,Sirius (LED),8,Bars,Mixology Bar,Spirit Display,Jul-25,LED,QRC
MSC World America,MSCX-WAME,MSCX,WAME,Sirius (LED),8,Bars,Champagne Bar,Champagne Display,Jul-25,LED,QRC
MSC World America,MSCX-WAME,MSCX,WAME,Sirius (LED),8,Bars,Disco Bar,Speaker,Jul-25,LED,QRC
MSC World America,MSCX-WAME,MSCX,WAME,Sirius (LED),8,Bars,Disco Bar,Television,Jul-25,LED,QRC
MSC World America,MSCX-WAME,MSCX,WAME,Sirius (LED),4,Bars,Crew Bar,Telephone 2060,Jul-25,LED,QRC
MSC World America,MSCX-WAME,MSCX,WAME,Sirius (LED),4,Bars,Crew Bar,Clock,Jul-25,LED,QRC
MSC World America,MSCX-WAME,MSCX,WAME,Qualis (LED),4,Provisions,Crew Corridor,Champagne Wine 428 (Opp.),Jul-25,LED,QRC
MSC World America,MSCX-WAME,MSCX,WAME,Qualis (LED),4,Provisions,Crew Corridor,Service Alleyway 438,Jul-25,LED,QRC
MSC World America,MSCX-WAME,MSCX,WAME,Qualis (LED),4,Provisions,Crew Corridor,Vegetable 450,Jul-25,LED,QRC
MSC World America,MSCX-WAME,MSCX,WAME,Qualis (LED),4,Provisions,Loading AFT STBD,Telephone 2025,Jul-25,LED,QRC
MSC World America,MSCX-WAME,MSCX,WAME,Qualis (LED),4,Provisions,Loading AFT STBD,Chemical Store 14.0406.04,Jul-25,LED,QRC
MSC World America,MSCX-WAME,MSCX,WAME,Qualis (LED),4,Provisions,Loading AFT MID,Main Corridor Door,Jul-25,LED,QRC
MSC World America,MSCX-WAME,MSCX,WAME,Qualis (LED),4,Provisions,Loading AFT PORT,Telephone 2026,Jul-25,LED,QRC
MSC World America,MSCX-WAME,MSCX,WAME,Qualis (LED),4,Provisions,Loading AFT PORT,Corner (Tasting Area) ,Jul-25,LED,QRC
MSC World America,MSCX-WAME,MSCX,WAME,Qualis (LED),3,Provisions,Preparation Corridor,Pipe Work TJT607A,Jul-25,LED,QRC
MSC World America,MSCX-WAME,MSCX,WAME,Qualis (LED),3,Provisions,Preparation Corridor,Fish Preparation (Opp.),Jul-25,LED,QRC
MSC World America,MSCX-WAME,MSCX,WAME,Sirius (LED),20,Restaurant,Waiter Station,Waiter Station MID,Jul-25,LED,QRC
MSC World America,MSCX-WAME,MSCX,WAME,Vanquish (LED),8,Restaurant,La Pescadelia,Counter LHS,Jul-25,LED,QRC
MSC World America,MSCX-WAME,MSCX,WAME,Vanquish (LED),6,Restaurant,Wine Cellar,Telephone 2167,Jul-25,LED,QRC
MSC World America,MSCX-WAME,MSCX,WAME,Vanquish (LED),6,Restaurant,Wine Cellar,Ice Machine (Opp.),Jul-25,LED,QRC
MSC World America,MSCX-WAME,MSCX,WAME,Vanquish (LED),6,Restaurant,Wine Cellar,Wine Cellar (Opp.),Jul-25,LED,QRC
MSC World America,MSCX-WAME,MSCX,WAME,GLU-80 (LED),4,Garbage,Sorting Room,Bins (Bulkhead MID),Jul-25,LED,QRC
MSC World America,MSCX-WAME,MSCX,WAME,GLU-80 (LED),4,Garbage,Garbage Room,Grey Speaker,Jul-25,LED,QRC
MSC World America,MSCX-WAME,MSCX,WAME,GLU-80 (LED),4,Garbage,Garbage Room,Densifier D-30 (Opp.),Jul-25,LED,QRC
MSC World America,MSCX-WAME,MSCX,WAME,GLU-80 (LED),4,Garbage,Garbage Room,Shredder 2,Jul-25,LED,QRC
MSC World America,MSCX-WAME,MSCX,WAME,GLU-80 (LED),4,Garbage,Garbage Room,Incinerator 2,Jul-25,LED,QRC
MSC World America,MSCX-WAME,MSCX,WAME,Vanquish (LED),4,Housekeeping,Crew Corridor,Hotel Store (Opp.),Jul-25,LED,QRC
MSC World America,MSCX-WAME,MSCX,WAME,Vanquish (LED),4,Housekeeping,Crew Corridor,Blue Deck Plan (Opp.),Jul-25,LED,QRC
MSC World America,MSCX-WAME,MSCX,WAME,Vanquish (LED),4,Housekeeping,Crew Corridor,Blue Deck Plan,Jul-25,LED,QRC
MSC World America,MSCX-WAME,MSCX,WAME,Vanquish (LED),4,Housekeeping,Crew Corridor,Stair G,Jul-25,LED,QRC
MSC World America,MSCX-WAME,MSCX,WAME,Vanquish (LED),4,Housekeeping,Crew Corridor,Crew Shop Sign,Jul-25,LED,QRC
MSC World America,MSCX-WAME,MSCX,WAME,Qualis (LED),4,Housekeeping,Crew Corridor,Service Alleyway 0405,Jul-25,LED,QRC
MSC World America,MSCX-WAME,MSCX,WAME,Vanquish (LED),4,Housekeeping,Crew Corridor,Chief Engineer Office,Jul-25,LED,QRC
MSC World America,MSCX-WAME,MSCX,WAME,Vanquish (LED),19,Buffet,Waiter Station,Ladies Toilet Sign PORT,Jul-25,LED,QRC
MSC World America,MSCX-WAME,MSCX,WAME,Vanquish (LED),19,Buffet,Waiter Station,Beverage Station PORT,Jul-25,LED,QRC
MSC World America,MSCX-WAME,MSCX,WAME,Vanquish (LED),19,Buffet,Waiter Station,Entrance Buffet PORT,Jul-25,LED,QRC
MSC World America,MSCX-WAME,MSCX,WAME,Vanquish (LED),19,Buffet,Waiter Station,Beverage Station STBD (Opp.),Jul-25,LED,QRC
MSC World America,MSCX-WAME,MSCX,WAME,Vanquish (LED),19,Buffet,Waiter Station,Station MID,Jul-25,LED,QRC
MSC World America,MSCX-WAME,MSCX,WAME,Vanquish (LED),19,Buffet,Waiter Station,Gents Toilet Sign STBD,Jul-25,LED,QRC
MSC World America,MSCX-WAME,MSCX,WAME,Vanquish (LED),18,Buffet,Waiter Station,Ladies Toilet Sign STBD,Jul-25,LED,QRC
MSC World America,MSCX-WAME,MSCX,WAME,Vanquish (LED),18,Buffet,Waiter Station,Emergency Instruction PORT,Jul-25,LED,QRC
MSC World America,MSCX-WAME,MSCX,WAME,Vanquish (LED),18,Buffet,Beverage Station,Station MID STBD,Jul-25,LED,QRC
MSC World America,MSCX-WAME,MSCX,WAME,Vanquish (LED),18,Buffet,Beverage Station,Station AFT STBD,Jul-25,LED,QRC
MSC World America,MSCX-WAME,MSCX,WAME,Vanquish (LED),18,Buffet,Beverage Station,Station AFT PORT,Jul-25,LED,QRC
MSC World America,MSCX-WAME,MSCX,WAME,Vanquish (LED),18,Buffet,Beverage Station,Station MID PORT,Jul-25,LED,QRC
MSC World Europa,MSCX-WEUR,MSCX,WEUR,GLU-60,19,Galley,Buffet Galley,Dirty Area (Opp Rack Utensil), ,STD,QRC
MSC World Europa,MSCX-WEUR,MSCX,WEUR,GLU-60,19,Galley,Buffet Galley,LHS Electrical Locker, ,STD,QRC
MSC World Europa,MSCX-WEUR,MSCX,WEUR,GLU-60,18,Galley,Buffet Galley,Bins (Dirty Area), ,STD,QRC
MSC World Europa,MSCX-WEUR,MSCX,WEUR,GLU-60,18,Galley,Buffet Galley,Unical Steamer, ,STD,QRC
MSC World Europa,MSCX-WEUR,MSCX,WEUR,GLU-60,8,Galley,Chef Garden Galley,Telephone 2178, ,STD,QRC
MSC World Europa,MSCX-WEUR,MSCX,WEUR,GLU-60,5,Galley,Main Galley,Clock, ,STD,QRC
MSC World Europa,MSCX-WEUR,MSCX,WEUR,GLU-60,5,Galley,Main Galley,Trima Machine, ,STD,QRC
MSC World Europa,MSCX-WEUR,MSCX,WEUR,GLU-60,5,Galley,Main Galley,Wine Cellar, ,STD,QRC
MSC World Europa,MSCX-WEUR,MSCX,WEUR,GLU-60,5,Galley,Main Galley,Red Alarm Sounder, ,STD,QRC
MSC World Europa,MSCX-WEUR,MSCX,WEUR,GLU-60,5,Galley,Main Galley,Dish Wash (Opposite), ,STD,QRC
MSC World Europa,MSCX-WEUR,MSCX,WEUR,GLU-60,5,Galley,Main Galley,Telephone 2698, ,STD,QRC
MSC World Europa,MSCX-WEUR,MSCX,WEUR,GLU-60,5,Galley,Main Galley,Vegetable Prep. (Freezer 556), ,STD,QRC
MSC World Europa,MSCX-WEUR,MSCX,WEUR,GLU-60,5,Galley,Main Galley,Telephone 2694, ,STD,QRC
MSC World Europa,MSCX-WEUR,MSCX,WEUR,GLU-60,5,Galley,Main Galley,Tilting Pan, ,STD,QRC
MSC World Europa,MSCX-WEUR,MSCX,WEUR,GLU-60,5,Galley,Main Galley,Crew Corridor MID, ,STD,QRC
MSC World Europa,MSCX-WEUR,MSCX,WEUR,GLU-60,3,Galley,Vegetable Prep.,Telephone 2738, ,STD,QRC
MSC World Europa,MSCX-WEUR,MSCX,WEUR,GLU-60,3,Galley,Vegetable Prep.,White Sensor, ,STD,QRC
MSC World Europa,MSCX-WEUR,MSCX,WEUR,GLU-60,3,Galley,Fish Preparation,Main Working Tables, ,STD,QRC
MSC World Europa,MSCX-WEUR,MSCX,WEUR,GLU-60,3,Galley,Butchers,Bins (Knife Locker), ,STD,QRC
MSC World Europa,MSCX-WEUR,MSCX,WEUR,Fly Shield 2,5,Messes,American,Port Holes 1 & 2 , ,STD,QRC
MSC World Europa,MSCX-WEUR,MSCX,WEUR,Fly Shield 2,5,Messes,American,Port Holes 6 & 7 , ,STD,QRC
MSC World Europa,MSCX-WEUR,MSCX,WEUR,Fly Shield 2,5,Messes,American,Blue City Mural, ,STD,QRC
MSC World Europa,MSCX-WEUR,MSCX,WEUR,Fly Shield 2,5,Messes,International,Television FWD, ,STD,QRC
MSC World Europa,MSCX-WEUR,MSCX,WEUR,Fly Shield 2,5,Messes,International,Chinese Mural, ,STD,QRC
MSC World Europa,MSCX-WEUR,MSCX,WEUR,Fly Shield 2,5,Messes,International,Television AFT, ,STD,QRC
MSC World Europa,MSCX-WEUR,MSCX,WEUR,Fly Shield 2,5,Messes,International,Telephone Station, ,STD,QRC
MSC World Europa,MSCX-WEUR,MSCX,WEUR,Fly Shield 2,5,Messes,Grill,Port Holes 7 & 8, ,STD,QRC
MSC World Europa,MSCX-WEUR,MSCX,WEUR,Fly Shield 2,5,Messes,Grill,Port Holes 1 & 2, ,STD,QRC
MSC World Europa,MSCX-WEUR,MSCX,WEUR,Fly Shield 2,19,Bars,Top Sail Bar,Bar Counter, ,STD,QRC
MSC World Europa,MSCX-WEUR,MSCX,WEUR,GLU-60,19,Bars,Top Sail Pantry,Bins, ,STD,QRC
MSC World Europa,MSCX-WEUR,MSCX,WEUR,Fly Shield 2,8,Bars,Mixology Bar,Spirit Display, ,STD,QRC
MSC World Europa,MSCX-WEUR,MSCX,WEUR,Fly Shield 2,8,Bars,Champagne Bar,Champagne Display, ,STD,QRC
MSC World Europa,MSCX-WEUR,MSCX,WEUR,Fly Shield 2,8,Bars,Disco Bar,Speaker, ,STD,QRC
MSC World Europa,MSCX-WEUR,MSCX,WEUR,Fly Shield 2,8,Bars,Disco Bar,Television, ,STD,QRC
MSC World Europa,MSCX-WEUR,MSCX,WEUR,Fly Shield 2,4,Bars,Crew Bar,Telephone 2060, ,STD,QRC
MSC World Europa,MSCX-WEUR,MSCX,WEUR,Fly Shield 2,4,Bars,Crew Bar,Clock, ,STD,QRC
MSC World Europa,MSCX-WEUR,MSCX,WEUR,Fusion 4,4,Provisions,Crew Corridor,Champagne Wine 428 (Opp.), ,STD,QRC
MSC World Europa,MSCX-WEUR,MSCX,WEUR,Fusion 4,4,Provisions,Crew Corridor,Service Alleyway 438, ,STD,QRC
MSC World Europa,MSCX-WEUR,MSCX,WEUR,Fusion 4,4,Provisions,Crew Corridor,Vegetable 450, ,STD,QRC
MSC World Europa,MSCX-WEUR,MSCX,WEUR,Fusion 4,4,Provisions,Loading AFT STBD,Telephone 2025, ,STD,QRC
MSC World Europa,MSCX-WEUR,MSCX,WEUR,GLU-90,4,Provisions,Loading AFT STBD,Chemical Store 14.0406.04, ,STD,QRC
MSC World Europa,MSCX-WEUR,MSCX,WEUR,GLU-90,4,Provisions,Loading AFT MID,Main Corridor Door, ,STD,QRC
MSC World Europa,MSCX-WEUR,MSCX,WEUR,Fusion 4,4,Provisions,Loading AFT PORT,Telephone 2026, ,STD,QRC
MSC World Europa,MSCX-WEUR,MSCX,WEUR,GLU-90,4,Provisions,Loading AFT PORT,Corner (Tasting Area) , ,STD,QRC
MSC World Europa,MSCX-WEUR,MSCX,WEUR,Fusion 4,3,Provisions,Preparation Corridor,Pipe Work TJT607A, ,STD,QRC
MSC World Europa,MSCX-WEUR,MSCX,WEUR,Fusion 4,3,Provisions,Preparation Corridor,Fish Preparation (Opp.), ,STD,QRC
MSC World Europa,MSCX-WEUR,MSCX,WEUR,Fly Shield 2,20,Restaurant,Waiter Station,Waiter Station MID, ,STD,QRC
MSC World Europa,MSCX-WEUR,MSCX,WEUR,Fly Shield 1,8,Restaurant,La Pescadelia,Counter LHS, ,STD,QRC
MSC World Europa,MSCX-WEUR,MSCX,WEUR,GLU-60,6,Restaurant,Wine Cellar,Telephone 2167, ,STD,QRC
MSC World Europa,MSCX-WEUR,MSCX,WEUR,GLU-60,6,Restaurant,Wine Cellar,Ice Machine (Opp.), ,STD,QRC
MSC World Europa,MSCX-WEUR,MSCX,WEUR,GLU-60,6,Restaurant,Wine Cellar,Wine Cellar (Opp.), ,STD,QRC
MSC World Europa,MSCX-WEUR,MSCX,WEUR,GLU-60,4,Garbage,Sorting Room,Bins (Bulkhead MID), ,STD,QRC
MSC World Europa,MSCX-WEUR,MSCX,WEUR,GLU-90,4,Garbage,Garbage Room,Grey Speaker, ,STD,QRC
MSC World Europa,MSCX-WEUR,MSCX,WEUR,GLU-90,4,Garbage,Garbage Room,Densifier D-30 (Opp.), ,STD,QRC
MSC World Europa,MSCX-WEUR,MSCX,WEUR,GLU-90,4,Garbage,Garbage Room,Shredder 2, ,STD,QRC
MSC World Europa,MSCX-WEUR,MSCX,WEUR,GLU-90,4,Garbage,Garbage Room,Incinerator 2, ,STD,QRC
MSC World Europa,MSCX-WEUR,MSCX,WEUR,Fusion 4,4,Housekeeping,Crew Corridor,Hotel Store (Opp.), ,STD,QRC
MSC World Europa,MSCX-WEUR,MSCX,WEUR,Fusion 4,4,Housekeeping,Crew Corridor,Blue Deck Plan (Opp.), ,STD,QRC
MSC World Europa,MSCX-WEUR,MSCX,WEUR,Fusion 4,4,Housekeeping,Crew Corridor,Blue Deck Plan, ,STD,QRC
MSC World Europa,MSCX-WEUR,MSCX,WEUR,Fusion 4,4,Housekeeping,Crew Corridor,Stair G, ,STD,QRC
MSC World Europa,MSCX-WEUR,MSCX,WEUR,Fusion 4,4,Housekeeping,Crew Corridor,Crew Shop Sign, ,STD,QRC
MSC World Europa,MSCX-WEUR,MSCX,WEUR,Fusion 4,4,Housekeeping,Crew Corridor,Service Alleyway 0405, ,STD,QRC
MSC World Europa,MSCX-WEUR,MSCX,WEUR,GLU-60,4,Housekeeping,Crew Corridor,Chief Engineer Office, ,STD,QRC
MSC World Europa,MSCX-WEUR,MSCX,WEUR,Fly Shield 2,19,Buffet,Waiter Station,Ladies Toilet Sign PORT, ,STD,QRC
MSC World Europa,MSCX-WEUR,MSCX,WEUR,Fly Shield 2,19,Buffet,Waiter Station,Beverage Station PORT, ,STD,QRC
MSC World Europa,MSCX-WEUR,MSCX,WEUR,Fly Shield 2,19,Buffet,Waiter Station,Entrance Buffet PORT, ,STD,QRC
MSC World Europa,MSCX-WEUR,MSCX,WEUR,Fly Shield 2,19,Buffet,Waiter Station,Beverage Station STBD (Opp.), ,STD,QRC
MSC World Europa,MSCX-WEUR,MSCX,WEUR,Fly Shield 2,19,Buffet,Waiter Station,Station MID, ,STD,QRC
MSC World Europa,MSCX-WEUR,MSCX,WEUR,Fly Shield 2,19,Buffet,Waiter Station,Gents Toilet Sign STBD, ,STD,QRC
MSC World Europa,MSCX-WEUR,MSCX,WEUR,Fly Shield 2,18,Buffet,Waiter Station,Ladies Toilet Sign STBD, ,STD,QRC
MSC World Europa,MSCX-WEUR,MSCX,WEUR,Fly Shield 2,18,Buffet,Waiter Station,Emergency Instruction PORT, ,STD,QRC
MSC World Europa,MSCX-WEUR,MSCX,WEUR,Fly Shield 2,18,Buffet,Beverage Station,Station MID STBD, ,STD,QRC
MSC World Europa,MSCX-WEUR,MSCX,WEUR,Fly Shield 2,18,Buffet,Beverage Station,Station AFT STBD, ,STD,QRC
MSC World Europa,MSCX-WEUR,MSCX,WEUR,Fly Shield 2,18,Buffet,Beverage Station,Station AFT PORT, ,STD,QRC
MSC World Europa,MSCX-WEUR,MSCX,WEUR,Fly Shield 2,18,Buffet,Beverage Station,Station MID PORT, ,STD,QRC
Vasco da Gama,MYST-VASC,MYST,VASC,Mantis 1 x 2,11,Galley,Buffet Pantry,Fire Damper Box, ,STD,QRC
Vasco da Gama,MYST-VASC,MYST,VASC,Mantis 1 x 2,11,Galley,Dish Wash,Entrance, ,STD,QRC
Vasco da Gama,MYST-VASC,MYST,VASC,Mantis 1 x 2,3,Galley,Dish Wash,FSD 3.3.120 (Opp.), ,STD,QRC
Vasco da Gama,MYST-VASC,MYST,VASC,Wall Fly 1x18w,3,Galley,Butchers Shop,Entrance, ,STD,QRC
Vasco da Gama,MYST-VASC,MYST,VASC,Wall Fly 1x18w,3,Messes,Crew Mess,Plate Scrape (Opp.), ,STD,QRC
Vasco da Gama,MYST-VASC,MYST,VASC,Wall Fly 1x18w,3,Messes,Crew Mess,Fire Screen Door 4.3.115, ,STD,QRC
Vasco da Gama,MYST-VASC,MYST,VASC,Wall Fly 1x18w,3,Messes,Crew Rec Room,Fire Screen Door 4.3.115, ,STD,QRC
Vasco da Gama,MYST-VASC,MYST,VASC,Mantis 1 x 2,3,Provisions,Corridor,Garbage Cold Room (O/S), ,STD,QRC
Vasco da Gama,MYST-VASC,MYST,VASC,Mantis 1 x 2,3,Provisions,Corridor,Elec Workshop (O/S), ,STD,QRC
Vasco da Gama,MYST-VASC,MYST,VASC,Wall Fly 1x18w,3,Provisions,Corridor,Shell Door PORT , ,STD,QRC
Vasco da Gama,MYST-VASC,MYST,VASC,Wall Fly 1x18w,3,Provisions,Corridor,Shell Door STBD , ,STD,QRC
Vasco da Gama,MYST-VASC,MYST,VASC,Mantis 1 x 2,3,Provisions,Corridor,Stores 15 & 17, ,STD,QRC
Vasco da Gama,MYST-VASC,MYST,VASC,Mantis 1 x 2,3,Provisions,Corridor,Mooring Substation, ,STD,QRC
Vasco da Gama,MYST-VASC,MYST,VASC,Mantis 1 x 2,3,Provisions,Loading Area,C02 Muster , ,STD,QRC
Vasco da Gama,MYST-VASC,MYST,VASC,Mantis 1 x 2,3,Provisions,Loading Area,Pilot Party PPE PORT, ,STD,QRC
Vasco da Gama,MYST-VASC,MYST,VASC,Mantis 1 x 2,3,Provisions,Loading Area,Hazard Waste Store, ,STD,QRC
Vasco da Gama,MYST-VASC,MYST,VASC,Mantis 1 x 2,3,Provisions,Loading Area,Shell Door STBD , ,STD,QRC
Vasco da Gama,MYST-VASC,MYST,VASC,Wall Fly 1x18w,3,Provisions,Loading Area,Fire Screen Door 4.3.114, ,STD,QRC
Vasco da Gama,MYST-VASC,MYST,VASC,Wall Fly 1x18w,3,Provisions,Loading Area,Shell Door FWD PORT, ,STD,QRC
Vasco da Gama,MYST-VASC,MYST,VASC,Wall Fly 1x18w,3,Provisions,Loading Area,Shell Door FWD STBD, ,STD,QRC
Vasco da Gama,MYST-VASC,MYST,VASC,Wall Fly 1x18w,11,Bars,Pool Bar,Swim Aid Stn (Opp.), ,STD,QRC
Vasco da Gama,MYST-VASC,MYST,VASC,Wall Fly 1x18w,11,Restaurant,Buffet ,Entrance FWD PORT , ,STD,QRC
Vasco da Gama,MYST-VASC,MYST,VASC,Wall Fly 1x18w,11,Restaurant,Buffet ,Entrance FWD STBD , ,STD,QRC
Vasco da Gama,MYST-VASC,MYST,VASC,Wall Fly 1x18w,11,Restaurant,Buffet ,Entrance AFT PORT, ,STD,QRC
Vasco da Gama,MYST-VASC,MYST,VASC,Wall Fly 1x18w,11,Restaurant,Buffet ,Entrance AFT STBD , ,STD,QRC
Vasco da Gama,MYST-VASC,MYST,VASC,Mantis 1 x 2,3,Garbage,Garbage Room,Battery Container, ,STD,QRC
Vasco da Gama,MYST-VASC,MYST,VASC,Mantis 1 x 2,3,Garbage,Garbage Room,PPE Cabinet, ,STD,QRC
Vasco da Gama,MYST-VASC,MYST,VASC,Mantis 1 x 2,3,Garbage,Garbage Room,Fire Extinguisher 3.3, ,STD,QRC
Vasco da Gama,MYST-VASC,MYST,VASC,Mantis 1 x 2,3,Garbage,Garbage Room,Desk Area, ,STD,QRC
Vasco da Gama,MYST-VASC,MYST,VASC,Mantis 1 x 2,3,Garbage,Garbage Room,Incinerator Silo 2, ,STD,QRC
Vasco da Gama,MYST-VASC,MYST,VASC,Mantis 1 x 2,3,Garbage,Garbage Room,Incinerator Silo 1, ,STD,QRC
Vasco da Gama,MYST-VASC,MYST,VASC,Mantis 1 x 2,3,Garbage,Garbage Room,Life Preserver, ,STD,QRC
Vasco da Gama,MYST-VASC,MYST,VASC,Wall Fly 1x18w,3,Housekeeping,Crew Area,Cabin BO84, ,STD,QRC
Vasco da Gama,MYST-VASC,MYST,VASC,Wall Fly 1x18w,2,Housekeeping,Crew Cabins,Fire Screen Door 5.3.90 (Opp.), ,STD,QRC
Vasco da Gama,MYST-VASC,MYST,VASC,Wall Fly 1x18w,2,Housekeeping,Crew Cabins,Fire Screen Door 5.2.17, ,STD,QRC
Vasco da Gama,MYST-VASC,MYST,VASC,Wall Fly 1x18w,2,Housekeeping,Crew Cabins,Water Tight Door 14, ,STD,QRC
Vasco da Gama,MYST-VASC,MYST,VASC,Wall Fly 1x18w,2,Housekeeping,Crew Cabins,Water Tight Door 16, ,STD,QRC
Arcadia,PANO-POAC,PANO,POAC,GLU-60,11,Galley,Sindhu,Plate House, ,STD,QRC
Arcadia,PANO-POAC,PANO,POAC,GLU-60,11,Galley,Sindhu,Potwash, ,STD,QRC
Arcadia,PANO-POAC,PANO,POAC,Fly Shield 1,9,Galley,Neptunes Grill,Oven, ,STD,QRC
Arcadia,PANO-POAC,PANO,POAC,GLU-60,9,Galley,Belvedere,Plate House WHB PORT, ,STD,QRC
Arcadia,PANO-POAC,PANO,POAC,GLU-60,9,Galley,Belvedere,Wash Hand Basin STBD, ,STD,QRC
Arcadia,PANO-POAC,PANO,POAC,Fly Shield 1,9,Galley,Oriental,Dirty Area, ,STD,QRC
Arcadia,PANO-POAC,PANO,POAC,Fly Shield 1,9,Galley,Italian,Dirty Area, ,STD,QRC
Arcadia,PANO-POAC,PANO,POAC,GLU-60,3,Galley,Main Galley,Fire Call Point, ,STD,QRC
Arcadia,PANO-POAC,PANO,POAC,GLU-60,3,Galley,Main Galley,Lift Entrance, ,STD,QRC
Arcadia,PANO-POAC,PANO,POAC,GLU-90,2,Galley,Main Galley,Lift Entrance, ,STD,QRC
Arcadia,PANO-POAC,PANO,POAC,GLU-60,2,Galley,Main Galley,Platehouse WHB PORT, ,STD,QRC
Arcadia,PANO-POAC,PANO,POAC,GLU-60,A,Galley,Lido,Preparation Door, ,STD,QRC
Arcadia,PANO-POAC,PANO,POAC,GLU-90,B,Galley,Veg. Prep,Pulper System, ,STD,QRC
Arcadia,PANO-POAC,PANO,POAC,Fly Shield 2,9,Restaurant,Belvedere,Bulk Head FWD STBD, ,STD,QRC
Arcadia,PANO-POAC,PANO,POAC,Fly Shield 2,9,Restaurant,Belvedere,Bulk Head FWD PORT, ,STD,QRC
Arcadia,PANO-POAC,PANO,POAC,Fly Shield 2,9,Restaurant,Belvedere,Toilet AFT PORT, ,STD,QRC
Arcadia,PANO-POAC,PANO,POAC,Fly Shield 2,9,Restaurant,Belvedere,Disabled Toilet STBD, ,STD,QRC
Arcadia,PANO-POAC,PANO,POAC,Fly Shield 1,9,Bars,Aquarius Bar,Dishwasher, ,STD,QRC
Arcadia,PANO-POAC,PANO,POAC,GLU-60,9,Bars,Neptunes Bar,Pantry Entrance, ,STD,QRC
Arcadia,PANO-POAC,PANO,POAC,GLU-60,3,Bars,Café Vivo,Pantry Phone, ,STD,QRC
Arcadia,PANO-POAC,PANO,POAC,GLU-60,A,Garbage,Garbage Room,Main Door, ,STD,QRC
Arcadia,PANO-POAC,PANO,POAC,GLU-90,B,Garbage,Garbage Room,Silo A FWD, ,STD,QRC
Arcadia,PANO-POAC,PANO,POAC,GLU-90,B,Garbage,Garbage Room,Silo A & B, ,STD,QRC
Arcadia,PANO-POAC,PANO,POAC,GLU-60,A,Housekeeping,Technical Office,Coffee Machine, ,STD,QRC
Arcadia,PANO-POAC,PANO,POAC,GLU-90,A,Housekeeping,Main Corridor,Service Lift AFT STBD, ,STD,QRC
Arcadia,PANO-POAC,PANO,POAC,GLU-90,A,Housekeeping,Main Corridor,Service Lift AFT PORT, ,STD,QRC
Arcadia,PANO-POAC,PANO,POAC,GLU-90,A,Provisions,Loading Area,Service Lift AFT PORT, ,STD,QRC
Arcadia,PANO-POAC,PANO,POAC,GLU-90,A,Provisions,Loading Area,Service Lift AFT STBD, ,STD,QRC
Arcadia,PANO-POAC,PANO,POAC,GLU-60,B,Provisions,Loading Area,Freezer (Cleaning Lkr), ,STD,QRC
Arcadia,PANO-POAC,PANO,POAC,GLU-60,B,Provisions,Stores Office,Office Entrance (Opposite), ,STD,QRC
Arcadia,PANO-POAC,PANO,POAC,Fly Shield 1,A,Back_of_House,Crew Mess,Bins, ,STD,QRC
Arcadia,PANO-POAC,PANO,POAC,Fly Shield 1,A,Back_of_House,Crew Mess,Bulkhead FWD, ,STD,QRC
Arvia,PANO-POAR,PANO,POAR,GLU-60,17,Galley,Epicurean,Plate House, ,STD,QRC
Arvia,PANO-POAR,PANO,POAR,GLU-60,16,Galley,360,Plate House, ,STD,QRC
Arvia,PANO-POAR,PANO,POAR,GLU-60,16,Galley,Horizon PORT,Telephone 16516, ,STD,QRC
Arvia,PANO-POAR,PANO,POAR,GLU-60,16,Galley,Horizon STBD,Cleaning Locker, ,STD,QRC
Arvia,PANO-POAR,PANO,POAR,GLU-60,16,Galley,Horizon STBD,Telephone 16613, ,STD,QRC
Arvia,PANO-POAR,PANO,POAR,GLU-60,16,Galley,Horizon PORT,Telephone 16612 , ,STD,QRC
Arvia,PANO-POAR,PANO,POAR,GLU-60,8,Galley,Keel & Cow,Pot Wash, ,STD,QRC
Arvia,PANO-POAR,PANO,POAR,GLU-60,8,Galley,Keel & Cow,Plate House, ,STD,QRC
Arvia,PANO-POAR,PANO,POAR,GLU-60,8,Galley,Sindhu,Pot Wash, ,STD,QRC
Arvia,PANO-POAR,PANO,POAR,GLU-60,8,Galley,Sindhu,Plate House, ,STD,QRC
Arvia,PANO-POAR,PANO,POAR,GLU-60,8,Galley,Fusion,Corridor, ,STD,QRC
Arvia,PANO-POAR,PANO,POAR,GLU-60,7,Galley,Glass House,Plate House, ,STD,QRC
Arvia,PANO-POAR,PANO,POAR,GLU-60,7,Galley,Zenith,Pantry PORT, ,STD,QRC
Arvia,PANO-POAR,PANO,POAR,GLU-60,7,Galley,Zenith,Pantry STBD, ,STD,QRC
Arvia,PANO-POAR,PANO,POAR,GLU-60,6,Galley,Lime Light,Plate House, ,STD,QRC
Arvia,PANO-POAR,PANO,POAR,GLU-60,6,Galley,Meridian Galley STBD,Screens, ,STD,QRC
Arvia,PANO-POAR,PANO,POAR,GLU-60,6,Galley,Meridian Galley STBD,Plate House, ,STD,QRC
Arvia,PANO-POAR,PANO,POAR,GLU-60,6,Galley,Meridian Galley PORT,Screens, ,STD,QRC
Arvia,PANO-POAR,PANO,POAR,GLU-60,6,Galley,Meridian Galley PORT,Wine Cellar (Opposite), ,STD,QRC
Arvia,PANO-POAR,PANO,POAR,GLU-60,5,Galley,Main Galley,Pot Wash, ,STD,QRC
Arvia,PANO-POAR,PANO,POAR,GLU-60,5,Galley,Main Galley,Soup Kettles, ,STD,QRC
Arvia,PANO-POAR,PANO,POAR,GLU-60,5,Galley,Main Galley,Entrance FWD, ,STD,QRC
Arvia,PANO-POAR,PANO,POAR,GLU-60,5,Galley,Main Galley,Escalator STBD, ,STD,QRC
Arvia,PANO-POAR,PANO,POAR,GLU-60,5,Galley,Larder,Pot Wash, ,STD,QRC
Arvia,PANO-POAR,PANO,POAR,GLU-60,5,Galley,Pastry,Blast Chiller, ,STD,QRC
Arvia,PANO-POAR,PANO,POAR,GLU-60,5,Galley,6th Street,Wash Hand Basin, ,STD,QRC
Arvia,PANO-POAR,PANO,POAR,GLU-60,5,Galley,Meridian STBD,Plate House, ,STD,QRC
Arvia,PANO-POAR,PANO,POAR,GLU-60,5,Galley,Bakery,Dough Moulder, ,STD,QRC
Arvia,PANO-POAR,PANO,POAR,GLU-60,4,Galley,Crew Plate House,Feeding Station, ,STD,QRC
Arvia,PANO-POAR,PANO,POAR,GLU-60,3,Galley,Vegetable Prep,Wash Hand Basin, ,STD,QRC
Arvia,PANO-POAR,PANO,POAR,GLU-60,3,Galley,Fish Preparation,Knife Locker, ,STD,QRC
Arvia,PANO-POAR,PANO,POAR,GLU-60,3,Galley,Pot Wash,Metal Wash Machine, ,STD,QRC
Arvia,PANO-POAR,PANO,POAR,GLU-60,3,Galley,Meat Preparation,Wash Hand Basin, ,STD,QRC
Arvia,PANO-POAR,PANO,POAR,GLU-60,18,Bars,Beach Comber,Pantry, ,STD,QRC
Arvia,PANO-POAR,PANO,POAR,GLU-60,18,Bars,Panorama ,Pantry, ,STD,QRC
Arvia,PANO-POAR,PANO,POAR,GLU-60,17,Bars,Sky Bar,Pantry, ,STD,QRC
Arvia,PANO-POAR,PANO,POAR,GLU-60,16,Bars ,Crystal Sky Dome,Pantry, ,STD,QRC
Arvia,PANO-POAR,PANO,POAR,Fly Shield 2,16,Bars,Infinity,Pantry, ,STD,QRC
Arvia,PANO-POAR,PANO,POAR,GLU-60,8,Bars,Club House ,Pantry, ,STD,QRC
Arvia,PANO-POAR,PANO,POAR,GLU-60,8,Bars,Sindhu,Pantry, ,STD,QRC
Arvia,PANO-POAR,PANO,POAR,GLU-60,7,Bars,Crew Bar,Service Counter (Opp.), ,STD,QRC
Arvia,PANO-POAR,PANO,POAR,GLU-60,4,Bars,Summit ,Service Counter , ,STD,QRC
Arvia,PANO-POAR,PANO,POAR,Fly Shield 2,4,Bars,Crew Mess,Pantry Entrance, ,STD,QRC
Arvia,PANO-POAR,PANO,POAR,Fly Shield 2,16,Restaurant,Horizon,Dumb Waiter Stn FWD PORT, ,STD,QRC
Arvia,PANO-POAR,PANO,POAR,Fly Shield 2,16,Restaurant,Horizon,Dumb Waiter Stn FWD STBD, ,STD,QRC
Arvia,PANO-POAR,PANO,POAR,Fly Shield 2,16,Restaurant,Horizon,Dumb Waiter Stn MID PORT, ,STD,QRC
Arvia,PANO-POAR,PANO,POAR,Fly Shield 2,16,Restaurant,Horizon,Dumb Waiter Stn MID STBD, ,STD,QRC
Arvia,PANO-POAR,PANO,POAR,Fly Shield 2,16,Restaurant,Horizon,Dumb Waiter Stn AFT PORT, ,STD,QRC
Arvia,PANO-POAR,PANO,POAR,Fly Shield 2,16,Restaurant,Horizon,Dumb Waiter Stn AFT STBD, ,STD,QRC
Arvia,PANO-POAR,PANO,POAR,GLU-60,7,Restaurant ,Zenith Pantry STBD,Service Lift, ,STD,QRC
Arvia,PANO-POAR,PANO,POAR,GLU-60,6,Restaurant ,Meridian Pantry STBD,Wine Cellar , ,STD,QRC
Arvia,PANO-POAR,PANO,POAR,GLU-60,4,Restaurant ,Officer Mess ,Dirty Area Counter, ,STD,QRC
Arvia,PANO-POAR,PANO,POAR,GLU-60,4,Restaurant ,Crew Mess,Hot Buffet PORT, ,STD,QRC
Arvia,PANO-POAR,PANO,POAR,GLU-60,4,Restaurant ,Crew Mess,Hot Buffet STBD, ,STD,QRC
Arvia,PANO-POAR,PANO,POAR,GLU-60,3,F&B ,Store ,Shell Door 3.27 AFT STBD, ,STD,QRC
Arvia,PANO-POAR,PANO,POAR,GLU-60,3,F&B ,Store ,Shell Door 3.26 AFT PORT, ,STD,QRC
Arvia,PANO-POAR,PANO,POAR,GLU-60,3,Housekeeping,Florist,Sink (Opposite), ,STD,QRC
Arvia,PANO-POAR,PANO,POAR,GLU-60,3,Housekeeping,Housekeeping,Shell Door 3.02 FWD PORT, ,STD,QRC
Arvia,PANO-POAR,PANO,POAR,GLU-60,3,Housekeeping,Housekeeping,Shell Door 3.03 FWD STBD, ,STD,QRC
Arvia,PANO-POAR,PANO,POAR,GLU-60,3,Technical,Incinerator ,Shell Door 3.20 MID PORT, ,STD,QRC
Arvia,PANO-POAR,PANO,POAR,GLU-60,3,Technical,Incinerator ,Shell Door 3.19 MID STBD, ,STD,QRC
Arvia,PANO-POAR,PANO,POAR,GLU-60,3,Technical,Incinerator ,Cold Room (Outside), ,STD,QRC
Arvia,PANO-POAR,PANO,POAR,GLU-60,3,Technical,Incinerator ,Fire Door 03.06.22, ,STD,QRC
Aurora,PANO-POAU,PANO,POAU,GLU-60,12,Galley,Horizon, Platehouse, ,STD,QRC
Aurora,PANO-POAU,PANO,POAU,GLU-60,12,Galley,Servery STBD,Fire Blanket, ,STD,QRC
Aurora,PANO-POAU,PANO,POAU,GLU-60,10,Galley,Bellbox,Elevator, ,STD,QRC
Aurora,PANO-POAU,PANO,POAU,GLU-60,8,Galley,Sindhu,Telephone 7758, ,STD,QRC
Aurora,PANO-POAU,PANO,POAU,GLU-60,8,Galley,Glasshouse,Platehouse (Dirty Area), ,STD,QRC
Aurora,PANO-POAU,PANO,POAU,GLU-60,6,Galley,China Locker,Fire Point 56.009, ,STD,QRC
Aurora,PANO-POAU,PANO,POAU,GLU-60,6,Galley,Platehouse FWD,Pillar, ,STD,QRC
Aurora,PANO-POAU,PANO,POAU,GLU-60,6,Galley,Larder,Cold Store, ,STD,QRC
Aurora,PANO-POAU,PANO,POAU,GLU-60,6,Galley,Coffeee Pantry FWD,Wash Hand Basin, ,STD,QRC
Aurora,PANO-POAU,PANO,POAU,GLU-60,6,Galley,Coffee Pantry AFT,Wash Hand Basin, ,STD,QRC
Aurora,PANO-POAU,PANO,POAU,GLU-60,4,Galley,Vegetable Preparation,Telephone 7726, ,STD,QRC
Aurora,PANO-POAU,PANO,POAU,GLU-60,4,Galley,Butchers Corridor,Switchboard LHS, ,STD,QRC
Aurora,PANO-POAU,PANO,POAU,GLU-60,4,Galley,Butchers Shop,Telephone 7724, ,STD,QRC
Aurora,PANO-POAU,PANO,POAU,GLU-60,4,Galley,Poultry Preparation,Fridge BS4, ,STD,QRC
Aurora,PANO-POAU,PANO,POAU,GLU-60,4,Galley,Main Corridor,Pot Wash Room, ,STD,QRC
Aurora,PANO-POAU,PANO,POAU,GLU-60,4,Galley,Fish Preparation,Fridge FR5, ,STD,QRC
Aurora,PANO-POAU,PANO,POAU,GLU-90,4,Galley,Cambusa Square,CCTV Camera, ,STD,QRC
Aurora,PANO-POAU,PANO,POAU,GLU-90,4,Galley,Cambusa Square,Fire Point 54.055, ,STD,QRC
Aurora,PANO-POAU,PANO,POAU,Fly Shield 1,5,Messes,Crew Mess,Hot Counter (Opp.), ,STD,QRC
Aurora,PANO-POAU,PANO,POAU,Fly Shield 1,5,Messes,Crew Mess,Bain Marie Aft, ,STD,QRC
Aurora,PANO-POAU,PANO,POAU,GLU-60,3,Provisions,HSM Office,Office (Outside), ,STD,QRC
Aurora,PANO-POAU,PANO,POAU,GLU-90,3,Provisions,Corridor,FSD/03/06/020, ,STD,QRC
Aurora,PANO-POAU,PANO,POAU,GLU-90,3,Provisions,Loading Area,Lift, ,STD,QRC
Aurora,PANO-POAU,PANO,POAU,GLU-60,3,Provisions,External Storing,Fire Hose 03.VII.33, ,STD,QRC
Aurora,PANO-POAU,PANO,POAU,GLU-60,12,Bars,Crystal Bar,Pantry , ,STD,QRC
Aurora,PANO-POAU,PANO,POAU,Fly Shield 1,6,Bars,Alexandria Rest,Wash Hand Basin, ,STD,QRC
Aurora,PANO-POAU,PANO,POAU,Fly Shield 2,12,Restaurant,Horizon,Waiter Stn STBD, ,STD,QRC
Aurora,PANO-POAU,PANO,POAU,Fly Shield 2,12,Restaurant,Lido Grill,Wash Hand Basin, ,STD,QRC
Aurora,PANO-POAU,PANO,POAU,Fly Shield 1,12,Restaurant,Horizon,Entrance STBD, ,STD,QRC
Aurora,PANO-POAU,PANO,POAU,Fly Shield 1,12,Restaurant,Horizon,Entrance PORT, ,STD,QRC
Aurora,PANO-POAU,PANO,POAU,Fly Shield 2,12,Restaurant,Horizon,Waiter Stn PORT, ,STD,QRC
Aurora,PANO-POAU,PANO,POAU,GLU-60,4,Recycling_Centre,Recycling Centre,Densifier, ,STD,QRC
Aurora,PANO-POAU,PANO,POAU,GLU-60,4,Recycling_Centre,Incinerator ,Nitrogen Bottles, ,STD,QRC
Aurora,PANO-POAU,PANO,POAU,GLU-60,4,Recycling_Centre,Incinerator ,Lift, ,STD,QRC
Aurora,PANO-POAU,PANO,POAU,GLU-60,3,Recycling_Centre,Silo Area,Water Press 1, ,STD,QRC
Azura,PANO-POAZ,PANO,POAZ,Wall Fly 1x18w,15,Galley,Venezia ,Fish Pond, ,STD,QRC
Azura,PANO-POAZ,PANO,POAZ,GLU-60,15,Galley,Venezia ,Dirty Pantry, ,STD,QRC
Azura,PANO-POAZ,PANO,POAZ,GLU-60,15,Galley,Coral Pantry,Platehouse, ,STD,QRC
Azura,PANO-POAZ,PANO,POAZ,GLU-60,14,Galley,Lido Galley,Dish Wash, ,STD,QRC
Azura,PANO-POAZ,PANO,POAZ,GLU-60,11,Galley,Bell Box,Room Service, ,STD,QRC
Azura,PANO-POAZ,PANO,POAZ,GLU-60,6,Galley,Foyer,Service Lift (Opposite), ,STD,QRC
Azura,PANO-POAZ,PANO,POAZ,GLU-60,6,Galley,Wine Cellar,Notice Board, ,STD,QRC
Azura,PANO-POAZ,PANO,POAZ,GLU-60,6,Galley,Coffe Pantry,Ice Machine (Opposite), ,STD,QRC
Azura,PANO-POAZ,PANO,POAZ,GLU-60,6,Galley,Peninsular,Platehouse PORT, ,STD,QRC
Azura,PANO-POAZ,PANO,POAZ,GLU-60,6,Galley,Peninsular,Platehouse PORT, ,STD,QRC
Azura,PANO-POAZ,PANO,POAZ,GLU-60,5,Galley,Foyer,Service Lift (Opposite), ,STD,QRC
Azura,PANO-POAZ,PANO,POAZ,GLU-60,5,Galley,Larder Entrance,Pot Wash (Opposite), ,STD,QRC
Azura,PANO-POAZ,PANO,POAZ,GLU-60,5,Galley,Meridian,Platehouse PORT, ,STD,QRC
Azura,PANO-POAZ,PANO,POAZ,GLU-60,5,Galley,Meridian,Platehouse PORT, ,STD,QRC
Azura,PANO-POAZ,PANO,POAZ,GLU-60,4,Galley,Meat & Poultry Room,Centre Column, ,STD,QRC
Azura,PANO-POAZ,PANO,POAZ,GLU-60,4,Galley,Fruit & Veg Room,Entrance, ,STD,QRC
Azura,PANO-POAZ,PANO,POAZ,GLU-90,4,Galley,Fish Room,Entrance (Outside), ,STD,QRC
Azura,PANO-POAZ,PANO,POAZ,GLU-60,4,Galley,Fish Room,Telephone, ,STD,QRC
Azura,PANO-POAZ,PANO,POAZ,GLU-60,5,Messes,Crew Platehouse,Dirty Area (Opposite), ,STD,QRC
Azura,PANO-POAZ,PANO,POAZ,GLU-60,5,Messes,Crew Mess,Hand Wash Station, ,STD,QRC
Azura,PANO-POAZ,PANO,POAZ,GLU-90,4,Provisions,F&B Office,Entrance (Outside), ,STD,QRC
Azura,PANO-POAZ,PANO,POAZ,GLU-90,4,Provisions,MEO Workshop,Entrance (Outside), ,STD,QRC
Azura,PANO-POAZ,PANO,POAZ,GLU-90,3,Provisions,Corridor,Water Tight Door 3.15, ,STD,QRC
Azura,PANO-POAZ,PANO,POAZ,GLU-90,3,Provisions,Ice Carving Locker,Entrance (Outside), ,STD,QRC
Azura,PANO-POAZ,PANO,POAZ,Wall Fly 1x18w,15,Restaurant,Venezia ,Dirty Stn FWD PORT , ,STD,QRC
Azura,PANO-POAZ,PANO,POAZ,Wall Fly 1x18w,15,Restaurant,Venezia ,Dirty Stn FWD STBD , ,STD,QRC
Azura,PANO-POAZ,PANO,POAZ,Wall Fly 1x18w,15,Restaurant,Venezia ,Dirty Stn AFT PORT , ,STD,QRC
Azura,PANO-POAZ,PANO,POAZ,Wall Fly 1x18w,15,Restaurant,Venezia ,Dirty Stn AFT STBD , ,STD,QRC
Azura,PANO-POAZ,PANO,POAZ,Wall Fly White (LED),15,Restaurant,Verona,Dirty Stn FWD PORT ,Jul-24,LED,QRC
Azura,PANO-POAZ,PANO,POAZ,Wall Fly White (LED),15,Restaurant,Verona,Dirty Stn FWD STBD ,Jul-24,LED,QRC
Azura,PANO-POAZ,PANO,POAZ,Wall Fly White (LED),15,Restaurant,Verona,Dirty Stn AFT PORT ,Jul-24,LED,QRC
Azura,PANO-POAZ,PANO,POAZ,Wall Fly White (LED),15,Restaurant,Verona,Dirty Stn AFT STBD ,Jul-24,LED,QRC
Azura,PANO-POAZ,PANO,POAZ,GLU-90,4,Recycling_Centre,Processing Area,Can Compactor #1, ,STD,QRC
Azura,PANO-POAZ,PANO,POAZ,GLU-90,4,Recycling_Centre,Processing Area,Shredder A, ,STD,QRC
Azura,PANO-POAZ,PANO,POAZ,GLU-60,4,Housekeeping,Florist Pantry,Telephone, ,STD,QRC
Britannia,PANO-POBR,PANO,POBR,GLU-60,16,Galley,Grill,Pantry, ,STD,QRC
Britannia,PANO-POBR,PANO,POBR,GLU-60,16,Galley,Epicurean, Plate House Pulper, ,STD,QRC
Britannia,PANO-POBR,PANO,POBR,GLU-60,15,Galley,Lido Galley,Hot Section, ,STD,QRC
Britannia,PANO-POBR,PANO,POBR,GLU-60,15,Galley,Lido Galley ,Pot Wash, ,STD,QRC
Britannia,PANO-POBR,PANO,POBR,GLU-60,11,Galley,Room Service,Yellow Phone, ,STD,QRC
Britannia,PANO-POBR,PANO,POBR,GLU-60,7,Galley,Glasshouse ,Hot Galley, ,STD,QRC
Britannia,PANO-POBR,PANO,POBR,GLU-60,7,Galley,Sindhu ,Cold Galley, ,STD,QRC
Britannia,PANO-POBR,PANO,POBR,GLU-60,6,Galley,Hot Section,Chefs Office, ,STD,QRC
Britannia,PANO-POBR,PANO,POBR,GLU-60,6,Galley,Hot Section,Ship's Clock, ,STD,QRC
Britannia,PANO-POBR,PANO,POBR,GLU-60,6,Galley,Hot Section,Hot Counter PORT, ,STD,QRC
Britannia,PANO-POBR,PANO,POBR,GLU-60,6,Galley,Hot Section,Hot Counter STBD, ,STD,QRC
Britannia,PANO-POBR,PANO,POBR,GLU-60,6,Galley,Platehouse FWD STBD,Pulper, ,STD,QRC
Britannia,PANO-POBR,PANO,POBR,GLU-60,6,Galley,Platehouse FWD PORT,Smoke Sensor FWD, ,STD,QRC
Britannia,PANO-POBR,PANO,POBR,GLU-60,6,Galley,Pot Wash ,Pulper Panel, ,STD,QRC
Britannia,PANO-POBR,PANO,POBR,GLU-60,6,Galley,PLatehouse AFT STBD,Wash Hand Basins, ,STD,QRC
Britannia,PANO-POBR,PANO,POBR,GLU-60,6,Galley,Platehouse FWD PORT,Wash Hand Basins, ,STD,QRC
Britannia,PANO-POBR,PANO,POBR,GLU-60,5,Galley,Garde Manger,Phone, ,STD,QRC
Britannia,PANO-POBR,PANO,POBR,GLU-60,5,Galley,Pastry,Hot Counter, ,STD,QRC
Britannia,PANO-POBR,PANO,POBR,GLU-60,5,Galley,Beverage Stn STBD,Eye Wash Station, ,STD,QRC
Britannia,PANO-POBR,PANO,POBR,GLU-60,5,Galley,Platehouse PORT,Chemical Dispenser, ,STD,QRC
Britannia,PANO-POBR,PANO,POBR,GLU-60,5,Galley,Platehouse STBD,Chemical Dispenser, ,STD,QRC
Britannia,PANO-POBR,PANO,POBR,GLU-60,5,Galley,Pot Wash ,Pulper Panel, ,STD,QRC
Britannia,PANO-POBR,PANO,POBR,GLU-60,5,Galley,Bakery ,Fire Hose 05.06.06, ,STD,QRC
Britannia,PANO-POBR,PANO,POBR,GLU-60,5,Galley,Limelight Galley,Hot Section, ,STD,QRC
Britannia,PANO-POBR,PANO,POBR,GLU-60,4,Galley,Fish Preparation,Phone, ,STD,QRC
Britannia,PANO-POBR,PANO,POBR,GLU-60,4,Galley,Meat Preparation,Bandsaw, ,STD,QRC
Britannia,PANO-POBR,PANO,POBR,GLU-60,4,Galley,Fruit/Veg Preparation,Entrance (Outside), ,STD,QRC
Britannia,PANO-POBR,PANO,POBR,GLU-60,4,Galley,Pot Wash,Pulper, ,STD,QRC
Britannia,PANO-POBR,PANO,POBR,Wall Fly 1x18w,16,Restaurant,Waiter Stn AFT STBD,Garbage Bins, ,STD,QRC
Britannia,PANO-POBR,PANO,POBR,Wall Fly 1x18w,16,Restaurant,Waiter Stn AFT PORT,Garbage Bins, ,STD,QRC
Britannia,PANO-POBR,PANO,POBR,Wall Fly 1x18w,16,Restaurant,Waiter Stn MID 1 STBD,Garbage Bins, ,STD,QRC
Britannia,PANO-POBR,PANO,POBR,Wall Fly 1x18w,16,Restaurant,Waiter Stn MID 1 PORT,Garbage Bins, ,STD,QRC
Britannia,PANO-POBR,PANO,POBR,Wall Fly 1x18w,16,Restaurant,Waiter Stn MID 2 STBD,Garbage Bins, ,STD,QRC
Britannia,PANO-POBR,PANO,POBR,Wall Fly 1x18w,16,Restaurant,Waiter Stn MID 2 PORT,Garbage Bins, ,STD,QRC
Britannia,PANO-POBR,PANO,POBR,Wall Fly 1x18w,16,Restaurant,Waiter Stn FWD STBD FWD,Garbage Bins, ,STD,QRC
Britannia,PANO-POBR,PANO,POBR,Wall Fly 1x18w,16,Restaurant,Waiter Stn FWD PORT,Garbage Bins, ,STD,QRC
Britannia,PANO-POBR,PANO,POBR,GLU-90,4,Provision,Shell Door FWD PORT,Store 4314, ,STD,QRC
Britannia,PANO-POBR,PANO,POBR,GLU-90,4,Provision,Shell Door AFT PORT,Cleaning Locker, ,STD,QRC
Britannia,PANO-POBR,PANO,POBR,GLU-90,4,Provision,Shell Door FWD STBD,Bike Stand, ,STD,QRC
Britannia,PANO-POBR,PANO,POBR,GLU-90,4,Provision,Shell Door AFT STBD,Pallet Truck Station, ,STD,QRC
Britannia,PANO-POBR,PANO,POBR,GLU-90,4,Recycling_Centre,Processing Area,Silo (Incinerator A), ,STD,QRC
Britannia,PANO-POBR,PANO,POBR,GLU-90,4,Recycling_Centre,Processing Area,Can Densifier, ,STD,QRC
Britannia,PANO-POBR,PANO,POBR,GLU-90,4,Recycling_Centre,Entrance PORT (Outside),Crew Kiosk, ,STD,QRC
Britannia,PANO-POBR,PANO,POBR,GLU-90,4,Recycling_Centre,Entrance MID (Outside),Phone 4572, ,STD,QRC
Britannia,PANO-POBR,PANO,POBR,GLU-90,4,Recycling_Centre,Entrance STBD (Outside),Fire Locker, ,STD,QRC
Britannia,PANO-POBR,PANO,POBR,GLU-60,4,Housekeeping,Florist,Pantry, ,STD,QRC
Iona,PANO-POIA,PANO,POIA,GLU-60,17,Galley ,Epicurean,Platehouse, ,STD,QRC
Iona,PANO-POIA,PANO,POIA,GLU-60,16,Galley ,Horizon ,Galley PORT, ,STD,QRC
Iona,PANO-POIA,PANO,POIA,GLU-60,16,Galley ,Horizon ,Galley STBD (Telephone), ,STD,QRC
Iona,PANO-POIA,PANO,POIA,GLU-60,16,Galley ,Horizon ,Galley PORT (Telephone), ,STD,QRC
Iona,PANO-POIA,PANO,POIA,GLU-60,16,Galley ,Horizon ,Galley , ,STD,QRC
Iona,PANO-POIA,PANO,POIA,GLU-60,16,Galley,Taste 360 Potwash,Dirty Area Counter, ,STD,QRC
Iona,PANO-POIA,PANO,POIA,GLU-60,8,Galley ,Keel & Cow,Pot Wash, ,STD,QRC
Iona,PANO-POIA,PANO,POIA,GLU-60,8,Galley ,Keel & Cow,Platehouse, ,STD,QRC
Iona,PANO-POIA,PANO,POIA,GLU-60,8,Galley ,Sindhu,Platehouse, ,STD,QRC
Iona,PANO-POIA,PANO,POIA,GLU-60,8,Galley ,Sindhu ,Pot Wash, ,STD,QRC
Iona,PANO-POIA,PANO,POIA,GLU-60,8,Galley ,Fusion ,Corridor, ,STD,QRC
Iona,PANO-POIA,PANO,POIA,GLU-60,7,Galley ,Coral Pantry ,Cleaning Locker, ,STD,QRC
Iona,PANO-POIA,PANO,POIA,GLU-60,7,Galley ,Coral Galley ,Plate Wash, ,STD,QRC
Iona,PANO-POIA,PANO,POIA,GLU-60,7,Galley ,Glasshouse,Platehouse, ,STD,QRC
Iona,PANO-POIA,PANO,POIA,GLU-60,7,Galley,Glasshouse Galley Potwash,Dirty Area Counter, ,STD,QRC
Iona,PANO-POIA,PANO,POIA,GLU-60,6,Galley ,Pearl Galley STBD,Screens , ,STD,QRC
Iona,PANO-POIA,PANO,POIA,GLU-60,6,Galley ,Pearl Galley STBD,Platehouse, ,STD,QRC
Iona,PANO-POIA,PANO,POIA,GLU-60,6,Galley ,Pearl Galley PORT,Screens , ,STD,QRC
Iona,PANO-POIA,PANO,POIA,GLU-60,6,Galley ,Pearl Galley PORT,Wine Cellar (Opposite), ,STD,QRC
Iona,PANO-POIA,PANO,POIA,GLU-60,6,Galley ,Lime Light,Plate House, ,STD,QRC
Iona,PANO-POIA,PANO,POIA,GLU-60,6,Galley,Limelight Galley Potwash,Dirty Area Counter, ,STD,QRC
Iona,PANO-POIA,PANO,POIA,GLU-60,6,Galley,Limelight Galley ,Combi Oven, ,STD,QRC
Iona,PANO-POIA,PANO,POIA,GLU-60,5,Galley ,Main Galley ,Pot Wash, ,STD,QRC
Iona,PANO-POIA,PANO,POIA,GLU-60,5,Galley ,Main Galley ,Soup Kettles, ,STD,QRC
Iona,PANO-POIA,PANO,POIA,GLU-60,5,Galley ,Main Galley ,Cold Room (Bakery) , ,STD,QRC
Iona,PANO-POIA,PANO,POIA,GLU-60,5,Galley ,Main Galley ,Entrance FWD, ,STD,QRC
Iona,PANO-POIA,PANO,POIA,GLU-60,5,Galley ,Main Galley ,Escalator STBD, ,STD,QRC
Iona,PANO-POIA,PANO,POIA,GLU-60,5,Galley ,Larder ,Blast Chiller, ,STD,QRC
Iona,PANO-POIA,PANO,POIA,GLU-60,5,Galley ,Larder ,Pot Wash, ,STD,QRC
Iona,PANO-POIA,PANO,POIA,GLU-60,5,Galley ,Pastry ,Blast Chiller, ,STD,QRC
Iona,PANO-POIA,PANO,POIA,GLU-60,5,Galley ,Room Service ,Wash Hand Basin , ,STD,QRC
Iona,PANO-POIA,PANO,POIA,GLU-60,5,Galley ,Galley STBD ,Platehouse, ,STD,QRC
Iona,PANO-POIA,PANO,POIA,GLU-60,5,Galley ,Bakery ,Dough Moulder , ,STD,QRC
Iona,PANO-POIA,PANO,POIA,GLU-60,4,Galley ,Crew Platehouse,Feeding Station, ,STD,QRC
Iona,PANO-POIA,PANO,POIA,GLU-60,4,Galley,Crew galley,Walk In Fridge, ,STD,QRC
Iona,PANO-POIA,PANO,POIA,GLU-60,3,Galley ,Pot wash,Washer, ,STD,QRC
Iona,PANO-POIA,PANO,POIA,GLU-60,3,Galley ,Vegetable Prep,Wash Hand Basin , ,STD,QRC
Iona,PANO-POIA,PANO,POIA,GLU-60,3,Galley ,Fish Prep,Knife Locker , ,STD,QRC
Iona,PANO-POIA,PANO,POIA,GLU-60,3,Galley ,Meet Prep ,Wash Hand Basin , ,STD,QRC
Iona,PANO-POIA,PANO,POIA,GLU-60,4,Messes,Officers Mess Pantry,Dirty Sink Area, ,STD,QRC
Iona,PANO-POIA,PANO,POIA,Fly Shield 2,4,Messes,Crew Mess,Seating Area STBD, ,STD,QRC
Iona,PANO-POIA,PANO,POIA,Fly Shield 2,4,Messes,Crew Mess ,FSD 04-7-22 PORT, ,STD,QRC
Iona,PANO-POIA,PANO,POIA,GLU-60,3,Provisions,Provisions Corridor,FD-03-7-13 (Opposite), ,STD,QRC
Iona,PANO-POIA,PANO,POIA,GLU-60,2,Provisions,Stores Area,Scissor Lift STBD (Opposite), ,STD,QRC
Iona,PANO-POIA,PANO,POIA,GLU-60,2,Provisions,Stores Area,Scissor Lift PORT (Opposite), ,STD,QRC
Iona,PANO-POIA,PANO,POIA,GLU-60,18,Bars,Beachcomber Pantry,Pantry, ,STD,QRC
Iona,PANO-POIA,PANO,POIA,GLU-60,17,Bars,Sky Bar Pantry,Pantry, ,STD,QRC
Iona,PANO-POIA,PANO,POIA,GLU-60,17,Bars,Crow's Nest Bar pantry,Dirty Area Counter, ,STD,QRC
Iona,PANO-POIA,PANO,POIA,Fly Shield 2,17,Bars,Sky Bar ,Pantry Entrance, ,STD,QRC
Iona,PANO-POIA,PANO,POIA,GLU-60,16,Bars,Crystal Bar pantry,Dirty Area Counter, ,STD,QRC
Iona,PANO-POIA,PANO,POIA,GLU-60,16,Bars,Infinity Bar Pantry,Dirty Area Counter, ,STD,QRC
Iona,PANO-POIA,PANO,POIA,GLU-60,7,Bars,The Hub,Garbage Bins, ,STD,QRC
Iona,PANO-POIA,PANO,POIA,GLU-60,6,Bars,Dispense Bar,Wine Cellar, ,STD,QRC
Iona,PANO-POIA,PANO,POIA,Fly Shield 2,4,Bars,Crew Mess Bar ,Pantry Door , ,STD,QRC
Iona,PANO-POIA,PANO,POIA,GLU-60,3,Bars,Summit,Bar Counter, ,STD,QRC
Iona,PANO-POIA,PANO,POIA,Fly Shield 2,16,Restaurant,Horizon Restaurant,Coffee Counter STBD FWD , ,STD,QRC
Iona,PANO-POIA,PANO,POIA,Fly Shield 2,16,Restaurant,Horizon Restaurant,Coffee Counter STBD AFT , ,STD,QRC
Iona,PANO-POIA,PANO,POIA,Fly Shield 2,16,Restaurant,Horizon Restaurant,Coffee Counter PORT FWD , ,STD,QRC
Iona,PANO-POIA,PANO,POIA,Fly Shield 2,16,Restaurant,Horizon Restaurant,Coffee Counter PORT AFT, ,STD,QRC
Iona,PANO-POIA,PANO,POIA,GLU-60,7,Restaurant,Coral Pantry PORT,Service Lift, ,STD,QRC
Iona,PANO-POIA,PANO,POIA,GLU-60,3,Recycling_Centre,Recycling Area,Entrance AFT, ,STD,QRC
Iona,PANO-POIA,PANO,POIA,GLU-60,3,Recycling_Centre,Recycling Area,Glass Crusher, ,STD,QRC
Iona,PANO-POIA,PANO,POIA,GLU-60,3,Recycling_Centre,Recycling Area,Bin Washer, ,STD,QRC
Iona,PANO-POIA,PANO,POIA,GLU-60,3,Recycling_Centre,Shell Door STBD,Shell Door 3.19, ,STD,QRC
Iona,PANO-POIA,PANO,POIA,GLU-60,3,Recycling_Centre,Recycling Area,Shell Door 3.20, ,STD,QRC
Iona,PANO-POIA,PANO,POIA,GLU-60,3,Housekeeping ,Florist Pantry ,Sink (Opposite), ,STD,QRC
Iona,PANO-POIA,PANO,POIA,Fly Shield 2,2,Technical,Technical Office,Coffee Counter ZN5, ,STD,QRC
Ventura,PANO-POVE,PANO,POVE,GLU-15 (LED),17,Galley,Epicurean,Pot Wash,Jan-25,LED,QRC
Ventura,PANO-POVE,PANO,POVE,GLU-15 (LED),17,Galley,Epicurean,Hot Service Press,Jan-25,LED,QRC
Ventura,PANO-POVE,PANO,POVE,GLU-10 (LED),15,Galley,Pizzaria,Bins,Jan-25,LED,QRC
Ventura,PANO-POVE,PANO,POVE,GLU-15 (LED),15,Galley,Waterside,Platehouse PORT,Jan-25,LED,QRC
Ventura,PANO-POVE,PANO,POVE,GLU-15 (LED),15,Galley,Waterside,Platehouse STBD,Jan-25,LED,QRC
Ventura,PANO-POVE,PANO,POVE,GLU-10 (LED),15,Galley,BeachHouse,Pantry,Jan-25,LED,QRC
Ventura,PANO-POVE,PANO,POVE,GLU-10 (LED),15,Galley,BeachHouse,Pantry STBD,Jan-25,LED,QRC
Ventura,PANO-POVE,PANO,POVE,GLU-10 (LED),15,Galley,BeachHouse,Pantry PORT,Jan-25,LED,QRC
Ventura,PANO-POVE,PANO,POVE,GLU-10 (LED),15,Galley,Waterside,Dirty Pantry AFT,Jan-25,LED,QRC
Ventura,PANO-POVE,PANO,POVE,Fly Shield 5 (LED),15,Galley,Waterside,Fish Pond,Jan-25,LED,QRC
Ventura,PANO-POVE,PANO,POVE,GLU-10 (LED),14,Galley,Lido,Dirty Landing Area ,Jan-25,LED,QRC
Ventura,PANO-POVE,PANO,POVE,GLU-10 (LED),11,Galley,Bell Box,Dirty Landing Area ,Jan-25,LED,QRC
Ventura,PANO-POVE,PANO,POVE,GLU-15 (LED),7,Galley,Glasshouse,Pantry,Jan-25,LED,QRC
Ventura,PANO-POVE,PANO,POVE,GLU-10 (LED),7,Galley,Sindhu Galley,Entrance AFT,Jan-25,LED,QRC
Ventura,PANO-POVE,PANO,POVE,GLU-10 (LED),7,Galley,Sindhu Galley,Entrance FWD,Jan-25,LED,QRC
Ventura,PANO-POVE,PANO,POVE,GLU-15 (LED),6,Galley,Main Galley,Platehouse AFT PORT,Jan-25,LED,QRC
Ventura,PANO-POVE,PANO,POVE,GLU-15 (LED),6,Galley,Main Galley,Platehouse AFT STBD,Jan-25,LED,QRC
Ventura,PANO-POVE,PANO,POVE,GLU-15 (LED),6,Galley,Main Galley,Platehouse FWD STBD,Jan-25,LED,QRC
Ventura,PANO-POVE,PANO,POVE,GLU-15 (LED),6,Galley,Main Galley,Platehouse FWD PORT,Jan-25,LED,QRC
Ventura,PANO-POVE,PANO,POVE,GLU-10 (LED),6,Galley,Elevator corridor,Food Service Lifts FWD,Jan-25,LED,QRC
Ventura,PANO-POVE,PANO,POVE,GLU-10 (LED),5,Galley,Elevator corridor,Food Service Lifts AFT,Jan-25,LED,QRC
Ventura,PANO-POVE,PANO,POVE,GLU-15 (LED),5,Galley,Main Galley,Blast Chiller,Jan-25,LED,QRC
Ventura,PANO-POVE,PANO,POVE,GLU-15 (LED),5,Galley,Main Galley,Platehouse STBD,Jan-25,LED,QRC
Ventura,PANO-POVE,PANO,POVE,GLU-15 (LED),5,Galley,Main Galley,Platehouse PORT,Jan-25,LED,QRC
Ventura,PANO-POVE,PANO,POVE,GLU-15 (LED),5,Galley,Crew Plate ,Crew Plate Wash,Jan-25,LED,QRC
Ventura,PANO-POVE,PANO,POVE,GLU-10 (LED),4,Galley,Vegetable Preparation,Entrance,Jan-25,LED,QRC
Ventura,PANO-POVE,PANO,POVE,GLU-10 (LED),4,Galley,Butchers,Entrance,Jan-25,LED,QRC
Ventura,PANO-POVE,PANO,POVE,GLU-10 (LED),4,Galley,Fish Preparation,Entrance,Jan-25,LED,QRC
Ventura,PANO-POVE,PANO,POVE,GLU-10 (LED),4,Galley,Trolley Wash,Entrance,Jan-25,LED,QRC
Ventura,PANO-POVE,PANO,POVE,GLU-10 (LED),5,Messes,Officers Mess,Pantry,Jan-25,LED,QRC
Ventura,PANO-POVE,PANO,POVE,GLU-10 (LED),5,Messes,Crew Mess,Leading Hands Mess,Jan-25,LED,QRC
Ventura,PANO-POVE,PANO,POVE,GLU-10 (LED),5,Messes,Crew Mess,Wash Hand Basin,Jan-25,LED,QRC
Ventura,PANO-POVE,PANO,POVE,GLU-10 (LED),5,Messes,Crew Mess,Waste Bins,Jan-25,LED,QRC
Ventura,PANO-POVE,PANO,POVE,Fly Shield 5 (LED),15,Restaurant,Waterside,Station FWD PORT,Jan-25,LED,QRC
Ventura,PANO-POVE,PANO,POVE,Fly Shield 5 (LED),15,Restaurant,Waterside,Station FWD STBD,Jan-25,LED,QRC
Ventura,PANO-POVE,PANO,POVE,Fly Shield 6 (LED),15,Restaurant,Waterside,Clearance AFT PORT,Jan-25,LED,QRC
Ventura,PANO-POVE,PANO,POVE,Fly Shield 6 (LED),15,Restaurant,Waterside,Clearance AFT STBD,Jan-25,LED,QRC
Ventura,PANO-POVE,PANO,POVE,Fly Shield 6 (LED),15,Restaurant,Beach House,Clearance FWD PORT,Jan-25,LED,QRC
Ventura,PANO-POVE,PANO,POVE,Fly Shield 6 (LED),15,Restaurant,Beach House,Clearance AFT STBD,Jan-25,LED,QRC
Ventura,PANO-POVE,PANO,POVE,Fly Shield 6 (LED),15,Restaurant,Beach House,Clearance AFT PORT,Jan-25,LED,QRC
Ventura,PANO-POVE,PANO,POVE,Fly Shield 6 (LED),15,Restaurant,Beach House,Clearance FWD STBD,Jan-25,LED,QRC
Ventura,PANO-POVE,PANO,POVE,GLU-80 (LED),4,Provisions,Cambusa PORT,VO Workshop,Jan-25,LED,QRC
Ventura,PANO-POVE,PANO,POVE,GLU-80 (LED),4,Provisions,Cambusa STBD,F&F Office,Jan-25,LED,QRC
Ventura,PANO-POVE,PANO,POVE,GLU-80 (LED),4,Provisions,Frozen Veg AFT,Door #26 LHS,Jan-25,LED,QRC
Ventura,PANO-POVE,PANO,POVE,GLU-10 (LED),3,Provisions,Dry Store,Door #8 LHS,Jan-25,LED,QRC
Ventura,PANO-POVE,PANO,POVE,Fly Shield 6 (LED),15,Bars,Pizzaria,Pantry,Jan-25,LED,QRC
Ventura,PANO-POVE,PANO,POVE,GLU-15 (LED),15,Bars,Laguna,Bar Pantry,Jan-25,LED,QRC
Ventura,PANO-POVE,PANO,POVE,GLU-15 (LED),6,Bars,Exchange,Bar Pantry,Jan-25,LED,QRC
Ventura,PANO-POVE,PANO,POVE,GLU-10 (LED),5,Bars,Officers Mess,Wardroom,Jan-25,LED,QRC
Ventura,PANO-POVE,PANO,POVE,Fly Shield 5 (LED),5,Bars,Tazzine,Bar Pantry,Jan-25,LED,QRC
Ventura,PANO-POVE,PANO,POVE,GLU-80 (LED),4,Garbage,Incinerator Room,Can Compactor #1,Jan-25,LED,QRC
Ventura,PANO-POVE,PANO,POVE,GLU-80 (LED),4,Garbage,Incinerator Room,Left-Hand Staircase,Jan-25,LED,QRC
Ventura,PANO-POVE,PANO,POVE,GLU-10 (LED),3,Garbage,Incinerator Room,Bulkhead FWD,Jan-25,LED,QRC
Ventura,PANO-POVE,PANO,POVE,Fly Shield 6 (LED),8,Housekeeping,Crew Recreation,Crew Bar,Jan-25,LED,QRC
Ventura,PANO-POVE,PANO,POVE,GLU-10 (LED),4,Housekeeping,M1 Corridor,Florist Work Shop,Jan-25,LED,QRC
Amadea,PHOE-AMAD,PHOE,AMAD,Fly Shield 2,9,Bars,Jupiter Bar ,Bulkhead PORT, ,STD,QRC
Amadea,PHOE-AMAD,PHOE,AMAD,Fly Shield 2,8,Restaurant,Amadea Rest,Bulkhead STBD, ,STD,QRC
Amadea,PHOE-AMAD,PHOE,AMAD,Fly Shield 1,8,Restaurant,Amadea Rest,Entrance PORT, ,STD,QRC
Amadea,PHOE-AMAD,PHOE,AMAD,Fly Shield 1,8,Restaurant,Amadea Rest,Entrance STBD, ,STD,QRC
Amadea,PHOE-AMAD,PHOE,AMAD,GLU-90,5,Galley,Main Galley ,Entrance, ,STD,QRC
Amadea,PHOE-AMAD,PHOE,AMAD,GLU-90,5,Galley,Main Galley , Bain Marie, ,STD,QRC
Amadea,PHOE-AMAD,PHOE,AMAD,GLU-90,5,Galley,Main Galley ,Hot Galley Bins, ,STD,QRC
Amadea,PHOE-AMAD,PHOE,AMAD,GLU-90,4,Incinerator,Provision area ,Compressor, ,STD,QRC
Amadea,PHOE-AMAD,PHOE,AMAD,GLU-90,4,Stores,Provision area ,Bulkhead PORT, ,STD,QRC
Amadea,PHOE-AMAD,PHOE,AMAD,GLU-90,4,Stores,Provision area ,Bulkhead MID, ,STD,QRC
Amadea,PHOE-AMAD,PHOE,AMAD,GLU-90,4,Stores,Provision Corridor,Main Entrance, ,STD,QRC
Amadea,PHOE-AMAD,PHOE,AMAD,GLU-90,4,Incinerator,Incinerator ,Incinerator, ,STD,QRC
Amadea,PHOE-AMAD,PHOE,AMAD,GLU-90,4,Restaurant,Crew Mess ,Garbage Bins, ,STD,QRC
Amadea,PHOE-AMAD,PHOE,AMAD,GLU-60,4,Restaurant,Officers Mess,Port Hole , ,STD,QRC
Amera,PHOE-AMER,PHOE,AMER,Fly Shield 2,11,Galley,Lido Buffet,Wash Hand Station STBD, ,STD,QRC
Amera,PHOE-AMER,PHOE,AMER,Fly Shield 2,11,Galley,Lido Buffet,Fire Blanket 11.23 PORT, ,STD,QRC
Amera,PHOE-AMER,PHOE,AMER,Fly Shield 2,11,Galley,Lido Buffet,Storage Area, ,STD,QRC
Amera,PHOE-AMER,PHOE,AMER,Mantis 1 x 2,4,Galley,Galley Corridor,Butchers Shop (Opposite), ,STD,QRC
Amera,PHOE-AMER,PHOE,AMER,Mantis 1 x 2,4,Messes,Officers Mess,Entrance (Clock), ,STD,QRC
Amera,PHOE-AMER,PHOE,AMER,Mantis 1 x 2,4,Messes,Officers Mess,Fire Extinguisher P1, ,STD,QRC
Amera,PHOE-AMER,PHOE,AMER,Mantis 1 x 2,4,Messes,Crew Mess,Plate Scrape, ,STD,QRC
Amera,PHOE-AMER,PHOE,AMER,Mantis 1 x 2,4,Messes,Crew Mess,Dish Wash Entrance, ,STD,QRC
Amera,PHOE-AMER,PHOE,AMER,Mantis 1 x 2,4,Messes,Crew Mess,Smoking Room Entrance, ,STD,QRC
Amera,PHOE-AMER,PHOE,AMER,Mantis 1 x 2,4,Provisions,Forward Loading,Fire Screen Door B410, ,STD,QRC
Amera,PHOE-AMER,PHOE,AMER,Mantis 1 x 2,4,Provisions,Forward Loading,Dartboard, ,STD,QRC
Amera,PHOE-AMER,PHOE,AMER,Mantis 1 x 2,4,Provisions,Medical Centre,Entrance (Outside), ,STD,QRC
Amera,PHOE-AMER,PHOE,AMER,Mantis 1 x 2,4,Provisions,Main Corridor,Notice Boards (Opposite), ,STD,QRC
Amera,PHOE-AMER,PHOE,AMER,Mantis 1 x 2,4,Provisions,Shell Door PORT,Platform Lift, ,STD,QRC
Amera,PHOE-AMER,PHOE,AMER,Mantis 1 x 2,4,Provisions,Loading Area STBD,Fire Screen Door 469, ,STD,QRC
Amera,PHOE-AMER,PHOE,AMER,Mantis 1 x 2,4,Provisions,Loading Area STBD,WTD 15, ,STD,QRC
Amera,PHOE-AMER,PHOE,AMER,Mantis 1 x 2,4,Provisions,Shell Door STBD,Shell Door, ,STD,QRC
Amera,PHOE-AMER,PHOE,AMER,Mantis 1 x 2,4,Provisions,Corridor,Break Glass Point, ,STD,QRC
Amera,PHOE-AMER,PHOE,AMER,Mantis 1 x 2,3,Provisions,Corridor,Break Glass Point (Opp.), ,STD,QRC
Amera,PHOE-AMER,PHOE,AMER,Fly Shield 2,11,Restaurant,Lido Buffet,Coffee Station STBD, ,STD,QRC
Amera,PHOE-AMER,PHOE,AMER,Fly Shield 2,11,Restaurant,Lido Buffet,Galley Exit PORT, ,STD,QRC
Amera,PHOE-AMER,PHOE,AMER,Mantis 1 x 2,4,Garbage,Main Recycling,MSDS Folder, ,STD,QRC
Amera,PHOE-AMER,PHOE,AMER,Mantis 1 x 2,4,Garbage,Main Recycling,Sorting Table, ,STD,QRC
Amera,PHOE-AMER,PHOE,AMER,Mantis 1 x 2,4,Garbage,Small Recycling Rm,Can Densifier, ,STD,QRC
Artania,PHOE-ARTA,PHOE,ARTA,GLU-60,2,Galley,Bakery,Mixers, ,STD,QRC
Artania,PHOE-ARTA,PHOE,ARTA,GLU-60,2,Galley,Galley,Fridge 2, ,STD,QRC
Artania,PHOE-ARTA,PHOE,ARTA,GLU-60,2,Galley,Galley,Elevators, ,STD,QRC
Artania,PHOE-ARTA,PHOE,ARTA,GLU-60,2,Galley,Galley,Fire Screen Door 253, ,STD,QRC
Artania,PHOE-ARTA,PHOE,ARTA,Fly Check,2,Galley,Rear Entrance,Fire Screen Door 254A, ,STD,QRC
Artania,PHOE-ARTA,PHOE,ARTA,GLU-60,1,Galley,Prep Corridor,Provision Office, ,STD,QRC
Artania,PHOE-ARTA,PHOE,ARTA,Fly Check,1,Galley,Fish Preparation,Wash Hand Basin, ,STD,QRC
Artania,PHOE-ARTA,PHOE,ARTA,GLU-60,1,Galley,Vegetable Preparation,Entrance, ,STD,QRC
Artania,PHOE-ARTA,PHOE,ARTA,GLU-60,1,Galley,Crew Galley,Soup Kettle (Opposite), ,STD,QRC
Artania,PHOE-ARTA,PHOE,ARTA,Fly Shield 1,4,Messes,Crew Gym,Television, ,STD,QRC
Artania,PHOE-ARTA,PHOE,ARTA,GLU-60,1,Messes,Crew Mess,Servery, ,STD,QRC
Artania,PHOE-ARTA,PHOE,ARTA,GLU-60,1,Messes,Crew Mess,Port Holes FWD, ,STD,QRC
Artania,PHOE-ARTA,PHOE,ARTA,GLU-60,1,Messes,Crew Mess,Port Holes AFT, ,STD,QRC
Artania,PHOE-ARTA,PHOE,ARTA,Mantis 1 x 2,1,Messes,Crew Mess,Plate Drop, ,STD,QRC
Artania,PHOE-ARTA,PHOE,ARTA,Mantis 1 x 2,1,Messes,Off Mess,Bins, ,STD,QRC
Artania,PHOE-ARTA,PHOE,ARTA,Fly Check,1,Provisions,Provisions AFT,Fire Screen Door 171, ,STD,QRC
Artania,PHOE-ARTA,PHOE,ARTA,Mantis 1 x 2,1,Provisions,Provisions AFT,Fire Screen Door 181, ,STD,QRC
Artania,PHOE-ARTA,PHOE,ARTA,Mantis 1 x 2,1,Provisions,Provisions FWD,Fire Screen Door 109, ,STD,QRC
Artania,PHOE-ARTA,PHOE,ARTA,GLU-60,9,Bars,Pazifik Lounge,Elevator, ,STD,QRC
Artania,PHOE-ARTA,PHOE,ARTA,GLU-60,4,Bars,Phoenix Bar,Pantry, ,STD,QRC
Artania,PHOE-ARTA,PHOE,ARTA,Fusion 4,1,Bars,Crew Bar,Bulkhead STBD, ,STD,QRC
Artania,PHOE-ARTA,PHOE,ARTA,Mantis 1 x 2,1,Bars,Crew Bar,Bulkhead PORT, ,STD,QRC
Artania,PHOE-ARTA,PHOE,ARTA,Fly Shield 1,8,Restaurant,Lido Pantry,Fridge 59, ,STD,QRC
Artania,PHOE-ARTA,PHOE,ARTA,Fly Shield 1,8,Restaurant,Lido Restaurant,Entrance PORT, ,STD,QRC
Artania,PHOE-ARTA,PHOE,ARTA,GLU-60,8,Restaurant,Lido Restaurant,Entrance STBD, ,STD,QRC
Artania,PHOE-ARTA,PHOE,ARTA,GLU-60,3,Restaurant,Harry's Bar,Pantry, ,STD,QRC
Artania,PHOE-ARTA,PHOE,ARTA,GLU-60,3,Restaurant,Pichlers,Pantry, ,STD,QRC
Artania,PHOE-ARTA,PHOE,ARTA,GLU-90,1,Garbage,Garbage (Outside),Telephone PORT, ,STD,QRC
Artania,PHOE-ARTA,PHOE,ARTA,GLU-90,1,Garbage,Garbage (Outside),Telephone STBD, ,STD,QRC
Artania,PHOE-ARTA,PHOE,ARTA,GLU-90,1,Garbage,Garbage Room,Can Compacter, ,STD,QRC
Artania,PHOE-ARTA,PHOE,ARTA,Fusion 4,1,Garbage,Garbage Room,Fridge, ,STD,QRC
Artania,PHOE-ARTA,PHOE,ARTA,Mantis 1 x 2,1,Garbage,Garbage Room,Fire Screen Door 170, ,STD,QRC
Le Bellot,PONA-LBEL,PONA,LBEL,GLU-60,4,Galley,Main Galley,Dish Wash, ,STD,QRC
Le Bellot,PONA-LBEL,PONA,LBEL,GLU-60,4,Galley,Main Galley,Galley (Service Lifts), ,STD,QRC
Le Bellot,PONA-LBEL,PONA,LBEL,GLU-60,4,Galley,Main Galley,Entrance FWD, ,STD,QRC
Le Bellot,PONA-LBEL,PONA,LBEL,GLU-60,2,Galley,Corridor,Pastry Entrance (Outside), ,STD,QRC
Le Bellot,PONA-LBEL,PONA,LBEL,GLU-60,2,Galley,Pastry,Pulper Entrance, ,STD,QRC
Le Bellot,PONA-LBEL,PONA,LBEL,GLU-60,2,Messes,Officer Mess,Garbage Bins, ,STD,QRC
Le Bellot,PONA-LBEL,PONA,LBEL,GLU-60,2,Messes,Crew Mess,Scullery, ,STD,QRC
Le Bellot,PONA-LBEL,PONA,LBEL,GLU-60,2,Messes,Corridor,Service Lifts, ,STD,QRC
Le Bellot,PONA-LBEL,PONA,LBEL,GLU-60,6,Bars,Observatory Lounge,Pantry Entrance PORT, ,STD,QRC
Le Bellot,PONA-LBEL,PONA,LBEL,GLU-60,3,Bars,Main lounge,Pantry Entrance AFT STBD, ,STD,QRC
Le Bellot,PONA-LBEL,PONA,LBEL,GLU-60,2,Garbage,Handling Room,Entrance, ,STD,QRC
Le Bellot,PONA-LBEL,PONA,LBEL,GLU-60,2,Deck,Sewage Trmt Rm,Entrance (Deck 2), ,STD,QRC
Le Bellot,PONA-LBEL,PONA,LBEL,GLU-60,2,Deck,Electrical Workshop,Chief Electrician Desk STBD, ,STD,QRC
Le Boreal,PONA-LBOR,PONA,LBOR,GLU-60,6,Galley,Pantry,Oven RHS (Alto-Shaam), ,STD,QRC
Le Boreal,PONA-LBOR,PONA,LBOR,GLU-60,6,Galley,Scullery,Pre-wash Sink (Opposite), ,STD,QRC
Le Boreal,PONA-LBOR,PONA,LBOR,GLU-60,2,Galley,Corridor PORT,Wash Hand Basin RHS, ,STD,QRC
Le Boreal,PONA-LBOR,PONA,LBOR,GLU-60,2,Galley,Scullery,Dish Wash (Opposite), ,STD,QRC
Le Boreal,PONA-LBOR,PONA,LBOR,GLU-60,2,Provisions,Cross Alley AFT,TV (Opposite), ,STD,QRC
Le Boreal,PONA-LBOR,PONA,LBOR,GLU-60,1,Deck,Corridor,Hi-Fog Room (Outside), ,STD,QRC
Le Boreal,PONA-LBOR,PONA,LBOR,GLU-60,1,Galley,Food Preparation,Single Sink (Opposite), ,STD,QRC
Le Boreal,PONA-LBOR,PONA,LBOR,GLU-60,1,Messes,Officers Mess,Fire Extinguisher 0126, ,STD,QRC
Le Boreal,PONA-LBOR,PONA,LBOR,GLU-60,1,Messes,Crew Mess,Aft Crew Mess, ,STD,QRC
Le Boreal,PONA-LBOR,PONA,LBOR,GLU-60,1,Garbage,Treatment Room,Glass Crusher (Opposite), ,STD,QRC
Le Boreal,PONA-LBOR,PONA,LBOR,GLU-60,1,Garbage,Food Waste Treatment,Tank (Opposite), ,STD,QRC
Le Champlain,PONA-LCHA,PONA,LCHA,GLU-60,4,Galley,Galley FWD,Cold Counter (Opp), ,STD,QRC
Le Champlain,PONA-LCHA,PONA,LCHA,GLU-60,4,Galley,Service Lifts,Dirty Lift, ,STD,QRC
Le Champlain,PONA-LCHA,PONA,LCHA,GLU-60,4,Galley,Dishwash,Electrical Panel, ,STD,QRC
Le Champlain,PONA-LCHA,PONA,LCHA,GLU-60,3,Galley,Main Lounge,Pantry, ,STD,QRC
Le Champlain,PONA-LCHA,PONA,LCHA,GLU-60,2,Galley,Pastry,Shredder, ,STD,QRC
Le Champlain,PONA-LCHA,PONA,LCHA,GLU-60,2,Galley,Pastry,Oven, ,STD,QRC
Le Champlain,PONA-LCHA,PONA,LCHA,GLU-60,2,Messes,Officers Mess,Plate Scrape, ,STD,QRC
Le Champlain,PONA-LCHA,PONA,LCHA,GLU-60,2,Messes,Crew Mess,Scullery, ,STD,QRC
Le Champlain,PONA-LCHA,PONA,LCHA,GLU-60,2,Messes,Crew Mess,Computer Corner, ,STD,QRC
Le Champlain,PONA-LCHA,PONA,LCHA,GLU-60,2,Messes,Crew Mess,Library Corner, ,STD,QRC
Le Champlain,PONA-LCHA,PONA,LCHA,GLU-60,2,Provisions,Corridor,Service Lifts, ,STD,QRC
Le Champlain,PONA-LCHA,PONA,LCHA,GLU-60,6,Bars,Observatory,Pantry, ,STD,QRC
Le Champlain,PONA-LCHA,PONA,LCHA,GLU-60,2,Garbage,Handling Room,Entrance, ,STD,QRC
Le Commandant Charcot,PONA-LCOM,PONA,LCOM,GLU-60,9,Galley,Galley,Plate Wash, ,STD,QRC
Le Commandant Charcot,PONA-LCOM,PONA,LCOM,GLU-60,9,Galley,Galley,Wash Hand Basin, ,STD,QRC
Le Commandant Charcot,PONA-LCOM,PONA,LCOM,GLU-60,5,Galley,Main Galley,Lobby Restaurant Access, ,STD,QRC
Le Commandant Charcot,PONA-LCOM,PONA,LCOM,GLU-60,5,Galley,Main Galley,Plate Wash Wash Hand Basin, ,STD,QRC
Le Commandant Charcot,PONA-LCOM,PONA,LCOM,GLU-60,5,Galley,Main Galley,Pot Wash, ,STD,QRC
Le Commandant Charcot,PONA-LCOM,PONA,LCOM,GLU-60,5,Galley,Main Galley,Pastry Prep, ,STD,QRC
Le Commandant Charcot,PONA-LCOM,PONA,LCOM,GLU-60,4,Galley,Prep/Pastry,Fish Prep, ,STD,QRC
Le Commandant Charcot,PONA-LCOM,PONA,LCOM,GLU-60,4,Galley,Prep/Pastry,Pot Wash, ,STD,QRC
Le Commandant Charcot,PONA-LCOM,PONA,LCOM,GLU-60,4,Galley,Prep/Pastry,Bakery, ,STD,QRC
Le Commandant Charcot,PONA-LCOM,PONA,LCOM,GLU-60,4,Messes,Scullery,Plate Drop, ,STD,QRC
Le Commandant Charcot,PONA-LCOM,PONA,LCOM,GLU-60,4,Messes,Scullery,Entrance, ,STD,QRC
Le Commandant Charcot,PONA-LCOM,PONA,LCOM,GLU-60,4,Messes,Crew Mess,Aft Entrance, ,STD,QRC
Le Commandant Charcot,PONA-LCOM,PONA,LCOM,GLU-60,4,Messes,Officer Mess,Entrance, ,STD,QRC
Le Commandant Charcot,PONA-LCOM,PONA,LCOM,GLU-60,4,Messes,Officer Mess,Bins, ,STD,QRC
Le Commandant Charcot,PONA-LCOM,PONA,LCOM,GLU-60,3,Provisions,Alleyway,Sink, ,STD,QRC
Le Commandant Charcot,PONA-LCOM,PONA,LCOM,GLU-60,9,Bars,Pool Bar,Pantry, ,STD,QRC
Le Commandant Charcot,PONA-LCOM,PONA,LCOM,GLU-60,9,Bars,Observatory Bar,Pantry, ,STD,QRC
Le Commandant Charcot,PONA-LCOM,PONA,LCOM,GLU-60,9,Bars,Wintergarden,Pantry, ,STD,QRC
Le Commandant Charcot,PONA-LCOM,PONA,LCOM,GLU-60,5,Bars,Main Lounge,Pantry, ,STD,QRC
Le Commandant Charcot,PONA-LCOM,PONA,LCOM,GLU-60,3,Garbage,Dry Garbage,Crushers, ,STD,QRC
Le Commandant Charcot,PONA-LCOM,PONA,LCOM,GLU-60,3,Garbage,Treatment Room,Hatch, ,STD,QRC
Le Dumont d'Urville,PONA-LDUM,PONA,LDUM,GLU-60,4,Galley,Scullery,Bins, ,STD,QRC
Le Dumont d'Urville,PONA-LDUM,PONA,LDUM,GLU-60,4,Galley,Elevators,Elevator LHS, ,STD,QRC
Le Dumont d'Urville,PONA-LDUM,PONA,LDUM,GLU-60,4,Galley,Galley FWD,Cold Galley, ,STD,QRC
Le Dumont d'Urville,PONA-LDUM,PONA,LDUM,GLU-60,2,Galley,Pastry ,Entrance, ,STD,QRC
Le Dumont d'Urville,PONA-LDUM,PONA,LDUM,GLU-60,2,Provisions,Transversal Alleyway,Shell Door PORT, ,STD,QRC
Le Dumont d'Urville,PONA-LDUM,PONA,LDUM,GLU-60,2,Provisions,Transversal Alleyway,Shell Door STBD, ,STD,QRC
Le Dumont d'Urville,PONA-LDUM,PONA,LDUM,GLU-60,2,Provisions,Mooring Deck,Access PORT, ,STD,QRC
Le Dumont d'Urville,PONA-LDUM,PONA,LDUM,GLU-60,2,Provisions,Mooring Desk,Access STBD, ,STD,QRC
Le Dumont d'Urville,PONA-LDUM,PONA,LDUM,GLU-60,6,Bars,Observation Lounge,Pantry, ,STD,QRC
Le Dumont d'Urville,PONA-LDUM,PONA,LDUM,GLU-60,3,Bar,Main Lounge Bar,Pantry, ,STD,QRC
Le Dumont d'Urville,PONA-LDUM,PONA,LDUM,GLU-60,2,Recycling_Centre,Garbage Room,Crusher, ,STD,QRC
Le Dumont d'Urville,PONA-LDUM,PONA,LDUM,GLU-60,2,Hotel,Officer Mess,Plate Scrape, ,STD,QRC
Le Dumont d'Urville,PONA-LDUM,PONA,LDUM,GLU-60,2,Hotel,Crew Mess,Scullery, ,STD,QRC
Le Dumont d'Urville,PONA-LDUM,PONA,LDUM,GLU-60,2,Hotel,Service lift,Service Lift AFT, ,STD,QRC
Le Paul Gauguin,PONA-LPAU,PONA,LPAU,GLU-60,8,Galley,Pool Grill,  Bins STBD, ,STD,QRC
Le Paul Gauguin,PONA-LPAU,PONA,LPAU,GLU-60,8,Galley,Grill ,Bulkhead PORT, ,STD,QRC
Le Paul Gauguin,PONA-LPAU,PONA,LPAU,GLU-60,6,Galley,Veranda,Wall Clock, ,STD,QRC
Le Paul Gauguin,PONA-LPAU,PONA,LPAU,GLU-60,5,Galley,Etoile , Fridge 31 , ,STD,QRC
Le Paul Gauguin,PONA-LPAU,PONA,LPAU,GLU-60,5,Galley,Dishwash,Bins, ,STD,QRC
Le Paul Gauguin,PONA-LPAU,PONA,LPAU,GLU-60,5,Galley,Etoile , Bakery, ,STD,QRC
Le Paul Gauguin,PONA-LPAU,PONA,LPAU,GLU-60,3,Galley,Preparation ,Wash Hand Basin, ,STD,QRC
Le Paul Gauguin,PONA-LPAU,PONA,LPAU,GLU-60,3,Galley,Preparation ,Fire Door, ,STD,QRC
Le Paul Gauguin,PONA-LPAU,PONA,LPAU,GLU-60,3,Galley,Crew Galley, Dishwash, ,STD,QRC
Le Paul Gauguin,PONA-LPAU,PONA,LPAU,GLU-60,3,Galley,Staff Mess, Pantry , ,STD,QRC
Le Paul Gauguin,PONA-LPAU,PONA,LPAU,GLU-60,3,Galley,Crew Mess,Television, ,STD,QRC
Le Paul Gauguin,PONA-LPAU,PONA,LPAU,GLU-60,8,Bars,Pool Bar,Garbage Area PORT, ,STD,QRC
Le Paul Gauguin,PONA-LPAU,PONA,LPAU,GLU-60,8,Bars,La Pallete, Pantry Alleway, ,STD,QRC
Le Paul Gauguin,PONA-LPAU,PONA,LPAU,GLU-90,3,Provision,Loading Area,Bins, ,STD,QRC
Le Paul Gauguin,PONA-LPAU,PONA,LPAU,GLU-90,4,Deck,Mooring Station,  Entrance, ,STD,QRC
Le Paul Gauguin,PONA-LPAU,PONA,LPAU,GLU-60,3,Deck,Email Centre ,Hatch, ,STD,QRC
Le Paul Gauguin,PONA-LPAU,PONA,LPAU,GLU-90,2,Deck,Marina,Nitrox, ,STD,QRC
Le Soleal,PONA-LSOL,PONA,LSOL,GLU-60,2,Galley,Elevators FWD,Elevators, ,STD,QRC
Le Soleal,PONA-LSOL,PONA,LSOL,GLU-60,1,Provisions,Corridor,Fire Extinguisher 1.32, ,STD,QRC
Le Soleal,PONA-LSOL,PONA,LSOL,GLU-60,1,Provisions,Corridor,Fire Hose 1.17, ,STD,QRC
Le Soleal,PONA-LSOL,PONA,LSOL,GLU-60,1,Provisions,Corridor,Fire Damper, ,STD,QRC
Le Soleal,PONA-LSOL,PONA,LSOL,GLU-60,1,Rycycling_Centre,Garbage Room,Fire Extinguisher 1.20, ,STD,QRC
Le Soleal,PONA-LSOL,PONA,LSOL,GLU-60,1,Rycycling_Centre,Pulper Room,Food Waste Tank (Opp.), ,STD,QRC
Le Soleal,PONA-LSOL,PONA,LSOL,GLU-60,1,Rycycling_Centre,Pulper Room,Pulper Chute, ,STD,QRC
Le Soleal,PONA-LSOL,PONA,LSOL,GLU-60,2,Housekeeping,Shell Door PORT,Lifebuoy, ,STD,QRC
Le Soleal,PONA-LSOL,PONA,LSOL,GLU-60,2,Housekeeping,Shell Door STBD,Lifebuoy, ,STD,QRC
Le Lyrial,PONA-LYRI,PONA,LYRI,GLU-60,6,Galley,Pantry,Oven Alto-Shaam), ,STD,QRC
Le Lyrial,PONA-LYRI,PONA,LYRI,GLU-60,6,Galley,Scullery,Pre-Wash Sink (Opposite), ,STD,QRC
Le Lyrial,PONA-LYRI,PONA,LYRI,GLU-60,2,Galley,Corridor PORT,Coffee Station (Opp.), ,STD,QRC
Le Lyrial,PONA-LYRI,PONA,LYRI,GLU-60,2,Galley,Corridor PORT,Wash Hand Basin, ,STD,QRC
Le Lyrial,PONA-LYRI,PONA,LYRI,GLU-60,2,Galley,Service Line,End (RHS), ,STD,QRC
Le Lyrial,PONA-LYRI,PONA,LYRI,GLU-60,2,Galley,Dish Wash,Dirty Area, ,STD,QRC
Le Lyrial,PONA-LYRI,PONA,LYRI,GLU-60,2,Galley,Dish Wash,Bins (Opp. Dish Wash), ,STD,QRC
Le Lyrial,PONA-LYRI,PONA,LYRI,GLU-60,2,Galley,Bakery,Notice Board, ,STD,QRC
Le Lyrial,PONA-LYRI,PONA,LYRI,GLU-60,1,Galley,Food Prep. (Outside),Door, ,STD,QRC
Le Lyrial,PONA-LYRI,PONA,LYRI,GLU-60,1,Messes,Crew Mess,Fire Extinguisher 1.28, ,STD,QRC
Le Lyrial,PONA-LYRI,PONA,LYRI,GLU-60,1,Messes,Crew Mess,Scullery Sink, ,STD,QRC
Le Lyrial,PONA-LYRI,PONA,LYRI,GLU-60,1,Messes,Officers Mess,Bins, ,STD,QRC
Le Lyrial,PONA-LYRI,PONA,LYRI,GLU-60,6,Bars,Obsevation Bar,Pantry (Ice Machne), ,STD,QRC
Le Lyrial,PONA-LYRI,PONA,LYRI,GLU-60,1,Provisions,Corridor,Fire Extinguisher 1.32, ,STD,QRC
Le Lyrial,PONA-LYRI,PONA,LYRI,GLU-60,1,Recycling_Centre,Garbage Room,Fire Extinguisher 1.20, ,STD,QRC
Le Lyrial,PONA-LYRI,PONA,LYRI,GLU-60,1,Recycling_Centre,Pulper Room,Food Waste Tank (Opp.), ,STD,QRC
Ocean Odyssey,QUAR-ODYS,QUAR,ODYS,GLU-60,5,Galley,Main Galley,Plate Wash, ,STD,QRC
Ocean Odyssey,QUAR-ODYS,QUAR,ODYS,GLU-60,5,Galley,Main Galley,Pot Wash, ,STD,QRC
Ocean Odyssey,QUAR-ODYS,QUAR,ODYS,Bar 2 (15w),1,Provisions,Provisions Lobby,Elevator, ,STD,QRC
Ocean Odyssey,QUAR-ODYS,QUAR,ODYS,Bar 2 (18W),1,Provisions,Provisions Lobby,Fire Hose, ,STD,QRC
Ocean Odyssey,QUAR-ODYS,QUAR,ODYS,Bar 2 (18W),1,Provisions,Provisions Lobby,Electrical Panel, ,STD,QRC
Ultramarine,QUAR-ULTR,QUAR,ULTR,GLU-60,7,Galley,Bistro,Hot Galley, ,STD,QRC
Ultramarine,QUAR-ULTR,QUAR,ULTR,GLU-60,7,Galley,Bistro,Dish Wash, ,STD,QRC
Ultramarine,QUAR-ULTR,QUAR,ULTR,GLU-10 (LED),7,Galley,Panorama,Pantry,Jul-24,LED,QRC
Ultramarine,QUAR-ULTR,QUAR,ULTR,GLU-60,5,Galley,Main Galley,Plate Drop, ,STD,QRC
Ultramarine,QUAR-ULTR,QUAR,ULTR,GLU-10 (LED),5,Galley,Main Galley,Plate Drop (Nr. Fridge),Jul-24,LED,QRC
Ultramarine,QUAR-ULTR,QUAR,ULTR,GLU-60,2,Galley,Crew Galley,Scullery, ,STD,QRC
Ultramarine,QUAR-ULTR,QUAR,ULTR,GLU-60,2,Galley,Crew Galley,Preparation Area, ,STD,QRC
Ultramarine,QUAR-ULTR,QUAR,ULTR,GLU-60,2,Galley,Crew Mess,Bins, ,STD,QRC
Ultramarine,QUAR-ULTR,QUAR,ULTR,GLU-90,2,Provisions,Loading Area,Shell Door STBD, ,STD,QRC
Ultramarine,QUAR-ULTR,QUAR,ULTR,GLU-90,2,Provisions,Loading Area,Shell Door PORT, ,STD,QRC
Ultramarine,QUAR-ULTR,QUAR,ULTR,GLU-60,5,Restaurant,Galley,Alleyway AFT, ,STD,QRC
Ultramarine,QUAR-ULTR,QUAR,ULTR,GLU-60,5,Restaurant,Galley,Alleyway FWD, ,STD,QRC
Ultramarine,QUAR-ULTR,QUAR,ULTR,Fly Shield 2,5,Restaurant,Lobby,Stairs FWD (Lift), ,STD,QRC
Ultramarine,QUAR-ULTR,QUAR,ULTR,Fly Shield 2,5,Restaurant,Balena,Dirty Station PORT, ,STD,QRC
Ultramarine,QUAR-ULTR,QUAR,ULTR,GLU-60,0,Deck,Garbage Room,Stairs, ,STD,QRC
The World,RESI-WORL,RESI,WORL,GLU-90,4,Stores,Loading Area,Provision Lift AFT STBD, ,STD,QRC
The World,RESI-WORL,RESI,WORL,GLU-90,4,Stores,Loading Area,Provision Lift AFT PORT, ,STD,QRC
The World,RESI-WORL,RESI,WORL,GLU-90,3,Stores,Loading Area,Provision Lift AFT STBD, ,STD,QRC
The World,RESI-WORL,RESI,WORL,GLU-90,3,Stores,Loading Area,Provision Lift AFT PORT, ,STD,QRC
The World,RESI-WORL,RESI,WORL,Fly Shield 1,11,Bars,Pool,Corridor Entrance, ,STD,QRC
The World,RESI-WORL,RESI,WORL,Fly Shield 1,11,Bars,Regatta Bar,Fire Exit (1.11.276), ,STD,QRC
The World,RESI-WORL,RESI,WORL,Fly Shield 1,11,Bars,Pool Bar,Pantry, ,STD,QRC
The World,RESI-WORL,RESI,WORL,Fly Shield 1,11,Restaurant,Tides Restaurant,Fire Patrol Check Point #5, ,STD,QRC
The World,RESI-WORL,RESI,WORL,Fly Shield 1,11,Restaurant,Tides Restaurant,Buffet Area STBD, ,STD,QRC
The World,RESI-WORL,RESI,WORL,Fly Shield 1,11,Restaurant,East Restaurant,Fire Screen Door (A60.11064), ,STD,QRC
The World,RESI-WORL,RESI,WORL,Fly Shield 1,4,Recycling_Centre,Garbage Room,Silo, ,STD,QRC
The World,RESI-WORL,RESI,WORL,Fly Shield 1,12,Housekeeping,Corridor AFT STBD,FSD A0.12.003, ,STD,QRC
The World,RESI-WORL,RESI,WORL,Fly Shield 1,12,Housekeeping,Corridor AFT PORT,The Zone, ,STD,QRC
The World,RESI-WORL,RESI,WORL,Fly Shield 1,12,Housekeeping,Corridor FWD STBD,Crew Staircase, ,STD,QRC
The World,RESI-WORL,RESI,WORL,Fly Shield 1,12,Housekeeping,Corridor FWD PORT,Crew Staircase, ,STD,QRC
The World,RESI-WORL,RESI,WORL,Fly Shield 1,11,Housekeeping,Elevators STBD,Elevator #7, ,STD,QRC
The World,RESI-WORL,RESI,WORL,Fly Shield 1,11,Housekeeping,Elevators PORT,Elevator #6, ,STD,QRC
The World,RESI-WORL,RESI,WORL,Vanquish (LED),7,Housekeeping,Backup Team St.,Bulkhead FWD (Infront),Jan-24,LED,QRC
The World,RESI-WORL,RESI,WORL,Fly Shield 1,6,Housekeeping,Boat Deck MID STBD,Entrance, ,STD,QRC
The World,RESI-WORL,RESI,WORL,Fly Shield 1,6,Housekeeping,Boat Deck MID PORT,Entrance, ,STD,QRC
The World,RESI-WORL,RESI,WORL,Vanquish (LED),6,Housekeeping,Mooring AFT STBD,Entrance,Jan-24,LED,QRC
The World,RESI-WORL,RESI,WORL,Vanquish (LED),6,Housekeeping,Mooring AFT PORT,Entrance,Jan-24,LED,QRC
The World,RESI-WORL,RESI,WORL,Vanquish (LED),6,Housekeeping,Enrichment,Doctor Office,Jan-24,LED,QRC
The World,RESI-WORL,RESI,WORL,GLU-60,4,Housekeeping,Boogie Street AFT,Corridor, ,STD,QRC
The World,RESI-WORL,RESI,WORL,GLU-60,4,Housekeeping,Boogie Street AFT,Elevator #4, ,STD,QRC
The World,RESI-WORL,RESI,WORL,GLU-60,4,Housekeeping,Boogie Street AFT,Marina Entrance, ,STD,QRC
The World,RESI-WORL,RESI,WORL,GLU-60,4,Housekeeping,Flower Shop,Bulk Head FWD STBD, ,STD,QRC
The World,RESI-WORL,RESI,WORL,Vanquish (LED),6,Deck,Mooring Staircase,Bulkhead AFT,Jan-24,LED,QRC
The World,RESI-WORL,RESI,WORL,Fly Shield 1,6,Deck,Gangway,Bulkhead PORT, ,STD,QRC
The World,RESI-WORL,RESI,WORL,Fly Shield 2,6,Deck,Life Raft Stn STBD,Entrance STBD, ,STD,QRC
The World,RESI-WORL,RESI,WORL,Fly Shield 1,6,Deck,Life Raft Stn PORT,Fire Screen Door (60.6.023) , ,STD,QRC
The World,RESI-WORL,RESI,WORL,Vanquish (LED),6,Deck,Life Raft Stn STBD,Fire Screen Door (60.6.019) ,Jan-24,LED,QRC
The World,RESI-WORL,RESI,WORL,Fly Shield 2,5,Deck,Life Raft Stn STBD,Fire Screen Door (A60.5.052), ,STD,QRC
The World,RESI-WORL,RESI,WORL,Fly Shield 1,5,Deck,Plaza,Gangway STBD, ,STD,QRC
The World,RESI-WORL,RESI,WORL,Fly Shield 1,5,Deck,Plaza,Gangway PORT, ,STD,QRC
The World,RESI-WORL,RESI,WORL,GLU-90,4,Deck,Garbage Room,Entrance AFT, ,STD,QRC
The World,RESI-WORL,RESI,WORL,GLU-90,4,Deck,Garbage Room,Boogie Street Entrance, ,STD,QRC
The World,RESI-WORL,RESI,WORL,Fly Shield 2,4,Deck,Gangway STBD,Tendering Gangway, ,STD,QRC
The World,RESI-WORL,RESI,WORL,Fly Shield 2,4,Deck,Gangway PORT,Tendering Gangway, ,STD,QRC
Evrima,RITZ-EVRI,RITZ,EVRI,GLU-60,8,Galley,Mistral,Pot Wash, ,STD,QRC
Evrima,RITZ-EVRI,RITZ,EVRI,GLU-60,6,Galley,Talaat Nam,Centre Wash, ,STD,QRC
Evrima,RITZ-EVRI,RITZ,EVRI,GLU-60,4,Galley,Main Galley,Entrance FWD, ,STD,QRC
Evrima,RITZ-EVRI,RITZ,EVRI,GLU-60,3,Galley,Butcher,Entrance, ,STD,QRC
Evrima,RITZ-EVRI,RITZ,EVRI,GLU-60,3,Galley,EDR,EDR Galley, ,STD,QRC
Evrima,RITZ-EVRI,RITZ,EVRI,GLU-60,3,Messes,EDR,Senior Officers AFT, ,STD,QRC
Evrima,RITZ-EVRI,RITZ,EVRI,GLU-60,3,Messes,EDR,Senior Officers FWD, ,STD,QRC
Evrima,RITZ-EVRI,RITZ,EVRI,Fly Shield 2,3,Messes,EDR,Entrance, ,STD,QRC
Evrima,RITZ-EVRI,RITZ,EVRI,GLU-60,3,Messes,EDR,Pot Wash AFT, ,STD,QRC
Evrima,RITZ-EVRI,RITZ,EVRI,Fly Shield 2,3,Messes,EDR,Exit, ,STD,QRC
Evrima,RITZ-EVRI,RITZ,EVRI,GLU-60,3,Provisions,Provisions,Luggage Square PORT, ,STD,QRC
Evrima,RITZ-EVRI,RITZ,EVRI,GLU-60,3,Provisions,Provisions,Luggage Square STBD, ,STD,QRC
Evrima,RITZ-EVRI,RITZ,EVRI,GLU-60,3,Provisions,Provisions,Fruit Entrance , ,STD,QRC
Evrima,RITZ-EVRI,RITZ,EVRI,GLU-60,3,Provisions,Provisions,Centre Trap Alarm, ,STD,QRC
Evrima,RITZ-EVRI,RITZ,EVRI,GLU-60,3,Provisions,Loading Area,Shell Door PORT, ,STD,QRC
Evrima,RITZ-EVRI,RITZ,EVRI,GLU-60,3,Provisions,Loading Area,Shell Door STBD, ,STD,QRC
Evrima,RITZ-EVRI,RITZ,EVRI,GLU-60,3,Recycling_Centre,Garbage Room,Entrance (Outside), ,STD,QRC
Evrima,RITZ-EVRI,RITZ,EVRI,GLU-60,3,Recycling_Centre,Garbage Room,Entrance, ,STD,QRC
Evrima,RITZ-EVRI,RITZ,EVRI,GLU-60,2,Recycling_Centre,Garbage Room,Entrance, ,STD,QRC
Evrima,RITZ-EVRI,RITZ,EVRI,GLU-60,2,Recycling_Centre,Garbage Room,Briquetting Unit, ,STD,QRC
Evrima,RITZ-EVRI,RITZ,EVRI,Fly Shield 2,11,Housekeeping,Common Area,Crew Staircase, ,STD,QRC
Evrima,RITZ-EVRI,RITZ,EVRI,GLU-60,3,Housekeeping,Butcher Shop,I-95 (Outside), ,STD,QRC
Evrima,RITZ-EVRI,RITZ,EVRI,GLU-60,3,Housekeeping,Common Area,Crew Elevator, ,STD,QRC
Ilma,RITZ-ILMA,RITZ,ILMA,GLU-60,10,Galley,Mistral,FSD 10.4.5, ,STD,QRC
Ilma,RITZ-ILMA,RITZ,ILMA,GLU-60,10,Galley,Mistral,Ware Wash, ,STD,QRC
Ilma,RITZ-ILMA,RITZ,ILMA,GLU-60,5,Galley,Beach House ,FSD 5.5.01, ,STD,QRC
Ilma,RITZ-ILMA,RITZ,ILMA,GLU-60,5,Galley,Beach House ,FSD 5.5.04, ,STD,QRC
Ilma,RITZ-ILMA,RITZ,ILMA,GLU-60,4,Galley,Memori ,Entrance (Auto-Door), ,STD,QRC
Ilma,RITZ-ILMA,RITZ,ILMA,GLU-60,4,Galley,Memori ,FSD 4.5.1, ,STD,QRC
Ilma,RITZ-ILMA,RITZ,ILMA,GLU-60,4,Galley,Memori ,FSD 4.5.4, ,STD,QRC
Ilma,RITZ-ILMA,RITZ,ILMA,GLU-60,3,Galley,EDR,Scullery, ,STD,QRC
Ilma,RITZ-ILMA,RITZ,ILMA,GLU-60,3,Galley,EDR Galley,FSD 3.2.2, ,STD,QRC
Ilma,RITZ-ILMA,RITZ,ILMA,GLU-60,3,Galley,Main Galley ,FSD 3.4.02, ,STD,QRC
Ilma,RITZ-ILMA,RITZ,ILMA,GLU-60,3,Galley,Main Galley ,FSD 3.4.04, ,STD,QRC
Ilma,RITZ-ILMA,RITZ,ILMA,GLU-60,3,Galley,Main Galley ,FSD 3.4.05, ,STD,QRC
Ilma,RITZ-ILMA,RITZ,ILMA,GLU-60,2,Galley,Veg. Prep.,FSD 2.4.13, ,STD,QRC
Ilma,RITZ-ILMA,RITZ,ILMA,GLU-60,2,Galley,Butchers,Phone #378, ,STD,QRC
Ilma,RITZ-ILMA,RITZ,ILMA,GLU-60,2,Galley,Butchers,Pot Wash, ,STD,QRC
Ilma,RITZ-ILMA,RITZ,ILMA,GLU-60,2,Provisions ,Corridor MID,FSD 2.4.4, ,STD,QRC
Ilma,RITZ-ILMA,RITZ,ILMA,GLU-60,2,Provisions ,Corridor AFT,FSD. 2.5.1, ,STD,QRC
Ilma,RITZ-ILMA,RITZ,ILMA,GLU-60,2,Provisions ,Loading Area,Shell Door STBD, ,STD,QRC
Ilma,RITZ-ILMA,RITZ,ILMA,GLU-60,2,Provisions ,Part Handling,Main Switch, ,STD,QRC
Ilma,RITZ-ILMA,RITZ,ILMA,GLU-60,11,Bars,EMP Lounge ,Pantry, ,STD,QRC
Ilma,RITZ-ILMA,RITZ,ILMA,GLU-60,10,Bars,Pool Bar ,FSD 10.3.05, ,STD,QRC
Ilma,RITZ-ILMA,RITZ,ILMA,GLU-60,9,Bars,Observation Terrace,Pantry, ,STD,QRC
Ilma,RITZ-ILMA,RITZ,ILMA,GLU-60,5,Bars,Beach House ,Pantry, ,STD,QRC
Ilma,RITZ-ILMA,RITZ,ILMA,GLU-60,3,Bars,EMP Bar ,Pantry, ,STD,QRC
Ilma,RITZ-ILMA,RITZ,ILMA,GLU-60,3,Bars,Marina ,Pantry, ,STD,QRC
Ilma,RITZ-ILMA,RITZ,ILMA,GLU-60,9,Housekeeping ,Pantry FWD,Pantry, ,STD,QRC
Ilma,RITZ-ILMA,RITZ,ILMA,GLU-60,9,Housekeeping ,Pantry AFT,Pantry, ,STD,QRC
Ilma,RITZ-ILMA,RITZ,ILMA,GLU-60,8,Housekeeping ,Pantry FWD,Pantry, ,STD,QRC
Ilma,RITZ-ILMA,RITZ,ILMA,GLU-60,8,Housekeeping ,Pantry AFT,Pantry, ,STD,QRC
Ilma,RITZ-ILMA,RITZ,ILMA,GLU-60,7,Housekeeping ,Pantry FWD,Pantry, ,STD,QRC
Ilma,RITZ-ILMA,RITZ,ILMA,GLU-60,7,Housekeeping ,Pantry AFT,Pantry, ,STD,QRC
Ilma,RITZ-ILMA,RITZ,ILMA,GLU-60,6,Housekeeping ,Pantry FWD,Pantry, ,STD,QRC
Ilma,RITZ-ILMA,RITZ,ILMA,GLU-60,6,Housekeeping ,Pantry AFT,Pantry, ,STD,QRC
Ilma,RITZ-ILMA,RITZ,ILMA,GLU-60,2,Deck ,Recycling_Centre,Densifier, ,STD,QRC
Ilma,RITZ-ILMA,RITZ,ILMA,GLU-60,2,Deck ,Recycling_Centre,Incinerator Hopper, ,STD,QRC
Ilma,RITZ-ILMA,RITZ,ILMA,GLU-60,0,Deck ,Recycling_Centre,Incinerator Chamber, ,STD,QRC
Genting Dream,RWCX-GDRE,RWCX,GDRE,Cobra,17,Galley,(FZ2) Corridor,Dish Wash Entrance, ,STD,QRC
Genting Dream,RWCX-GDRE,RWCX,GDRE,Aura,16,Galley,(FZ6) Buffet,Coffee Stn STBD (Behind), ,STD,QRC
Genting Dream,RWCX-GDRE,RWCX,GDRE,Genus ILT30,16,Galley,(FZ6) Staircase,Crew Toilet , ,STD,QRC
Genting Dream,RWCX-GDRE,RWCX,GDRE,Aura,16,Galley,(FZ5) Buffet,Centre PORT, ,STD,QRC
Genting Dream,RWCX-GDRE,RWCX,GDRE,Aura,16,Galley,(FZ5) Buffet,Centre STBD, ,STD,QRC
Genting Dream,RWCX-GDRE,RWCX,GDRE,Aura,16,Galley,(FZ5) Lido,Outdoor Grill , ,STD,QRC
Genting Dream,RWCX-GDRE,RWCX,GDRE,Aura,16,Galley,(FZ5) Lido,Outdoor Grill (Bain Marie), ,STD,QRC
Genting Dream,RWCX-GDRE,RWCX,GDRE,Aura,16,Galley,(FZ5) Lido,Outdoor Grill Exit (Phone), ,STD,QRC
Genting Dream,RWCX-GDRE,RWCX,GDRE,Cobra,15,Galley,(FZ6) Galley,Chemical Dispenser, ,STD,QRC
Genting Dream,RWCX-GDRE,RWCX,GDRE,Cobra,15,Galley,(FZ2) Pantry,Entrance LHS, ,STD,QRC
Genting Dream,RWCX-GDRE,RWCX,GDRE,Cobra,8,Galley,(FZ6) Pantry FWD,Dish Wash , ,STD,QRC
Genting Dream,RWCX-GDRE,RWCX,GDRE,Cobra,8,Galley,(FZ6) Galley,Phone Point, ,STD,QRC
Genting Dream,RWCX-GDRE,RWCX,GDRE,Cobra,8,Galley,(FZ3) Japanese Galley,Ice Machine, ,STD,QRC
Genting Dream,RWCX-GDRE,RWCX,GDRE,Cobra,8,Galley,(FZ5) Hot Pot,Bulkhead PORT, ,STD,QRC
Genting Dream,RWCX-GDRE,RWCX,GDRE,Cobra,8,Galley,(FZ5) Gelato,Bulkhead PORT, ,STD,QRC
Genting Dream,RWCX-GDRE,RWCX,GDRE,Cobra,8,Galley,(FZ5) Boba Cha,Bulkhead STBD, ,STD,QRC
Genting Dream,RWCX-GDRE,RWCX,GDRE,Cobra,8,Galley,(FZ5) Int. Room,Phone Point, ,STD,QRC
Genting Dream,RWCX-GDRE,RWCX,GDRE,Cobra,7,Galley,(FZ3) Steakhse Galley,Fire Blanket, ,STD,QRC
Genting Dream,RWCX-GDRE,RWCX,GDRE,Cobra,6,Galley,(FZ6) Main Galley,Bakery, ,STD,QRC
Genting Dream,RWCX-GDRE,RWCX,GDRE,Cobra,6,Galley,(FZ6) Main Galley,Dish Wash, ,STD,QRC
Genting Dream,RWCX-GDRE,RWCX,GDRE,Genus ILT30,6,Galley,(FZ6) Corridor,Pantry Dish Wash, ,STD,QRC
Genting Dream,RWCX-GDRE,RWCX,GDRE,Cobra,6,Galley,(FZ6) Main Galley,Alleyway (Phone), ,STD,QRC
Genting Dream,RWCX-GDRE,RWCX,GDRE,Cobra,6,Galley,(FZ6) Escalator,Escalator LHS, ,STD,QRC
Genting Dream,RWCX-GDRE,RWCX,GDRE,Cobra,6,Galley,(FZ6) Corridor,Crew Lift (SBS Toilet), ,STD,QRC
Genting Dream,RWCX-GDRE,RWCX,GDRE,Cobra,6,Galley,(FZ2) Genting Rouge Galley,Pot Wash, ,STD,QRC
Genting Dream,RWCX-GDRE,RWCX,GDRE,Genus ILT30,5,Galley,(FZ6) Staircase,Crew Toilet , ,STD,QRC
Genting Dream,RWCX-GDRE,RWCX,GDRE,Aura,5,Galley,(FZ6) Crew Mess,Ice Machine , ,STD,QRC
Genting Dream,RWCX-GDRE,RWCX,GDRE,Aura,5,Galley,(FZ6) Crew Mess,CCTV Camera , ,STD,QRC
Genting Dream,RWCX-GDRE,RWCX,GDRE,Aura,5,Galley,(FZ6) Crew Mess,Ice Machine , ,STD,QRC
Genting Dream,RWCX-GDRE,RWCX,GDRE,Cobra,5,Galley,(FZ6) Crew Scullery,Garbage Bins, ,STD,QRC
Genting Dream,RWCX-GDRE,RWCX,GDRE,Cobra,5,Galley,(FZ6) Crew Galley,Wash Hand Basin (FSD 001), ,STD,QRC
Genting Dream,RWCX-GDRE,RWCX,GDRE,Cobra,4,Galley,(FZ5) Poultry,Garbage, ,STD,QRC
Genting Dream,RWCX-GDRE,RWCX,GDRE,Genus ILT30,4,Galley,(FZ6) Meat Prep,Phone Point, ,STD,QRC
Genting Dream,RWCX-GDRE,RWCX,GDRE,Cobra,4,Galley,(FZ6) Fish Prep,Knife Case, ,STD,QRC
Genting Dream,RWCX-GDRE,RWCX,GDRE,Cobra,3,Galley,(FZ6) Veg Prep,Potato Peeler, ,STD,QRC
Genting Dream,RWCX-GDRE,RWCX,GDRE,Genus ILT30,3,Provision,(FZ6) Corridor,Front Veg Room STBD, ,STD,QRC
Genting Dream,RWCX-GDRE,RWCX,GDRE,Genus ILT30,3,Provision,(FZ6) Corridor,FSD 03-6-002, ,STD,QRC
Genting Dream,RWCX-GDRE,RWCX,GDRE,Genus ILT30,3,Provision,(FZ6) Corridor,Crew Lift STBD, ,STD,QRC
Genting Dream,RWCX-GDRE,RWCX,GDRE,Genus ILT30,3,Provision,(FZ5) Corridor,Fure Station 0.5.53, ,STD,QRC
Genting Dream,RWCX-GDRE,RWCX,GDRE,Genus ILT30,4,Provision,(FZ6) Corridor,Water F PORT, ,STD,QRC
Genting Dream,RWCX-GDRE,RWCX,GDRE,Genus ILT30,4,Provision,(FZ6) Corridor,Meat  Preparation, ,STD,QRC
Genting Dream,RWCX-GDRE,RWCX,GDRE,Genus ILT30,4,Provision,(FZ6) Corridor,EEBD, ,STD,QRC
Genting Dream,RWCX-GDRE,RWCX,GDRE,Genus ILT30,4,Provisions,(FZ6) Load Gangway,Fire, ,STD,QRC
Genting Dream,RWCX-GDRE,RWCX,GDRE,Genus ILT30,4,Provisions,(FZ6) Load Gangway,Exit, ,STD,QRC
Genting Dream,RWCX-GDRE,RWCX,GDRE,Genus ILT30,4,Provision,(FZ6) Crew Lift,Bulkhead RHS, ,STD,QRC
Genting Dream,RWCX-GDRE,RWCX,GDRE,Genus ILT30,4,Provision,(FZ6) Crew Lift,Bulkhead LHS, ,STD,QRC
Genting Dream,RWCX-GDRE,RWCX,GDRE,Genus ILT30,4,Provision,(FZ6) Load Gangway,Phone Point, ,STD,QRC
Genting Dream,RWCX-GDRE,RWCX,GDRE,Genus ILT30,4,Provision,(FZ5) Load Gangway,Provision Master Office, ,STD,QRC
Genting Dream,RWCX-GDRE,RWCX,GDRE,Aura,18,Bars,(FZ2) Beach,Pool Bar, ,STD,QRC
Genting Dream,RWCX-GDRE,RWCX,GDRE,Aura,17,Bars,(FZ3) Sun Deck,Sun Deck Bar PORT, ,STD,QRC
Genting Dream,RWCX-GDRE,RWCX,GDRE,Aura,17,Bars,(FZ3) Sun Deck,Sun Deck Bar STBD, ,STD,QRC
Genting Dream,RWCX-GDRE,RWCX,GDRE,Aura,5,Bars,(FZ1) Crew Bar,Phone Point, ,STD,QRC
Genting Dream,RWCX-GDRE,RWCX,GDRE,Aura,16,Restaurant,(FZ6) Buffet,Entrance PORT, ,STD,QRC
Genting Dream,RWCX-GDRE,RWCX,GDRE,Aura,16,Restaurant,(FZ6) Buffet,Entrance STBD, ,STD,QRC
Genting Dream,RWCX-GDRE,RWCX,GDRE,Aura,16,Restaurant,(FZ6) Buffet,Coffee Station PORT, ,STD,QRC
Genting Dream,RWCX-GDRE,RWCX,GDRE,Aura,8,Restaurant,(FZ3) Steakhouse,Exit PORT, ,STD,QRC
Genting Dream,RWCX-GDRE,RWCX,GDRE,Aura,8,Restaurant,(FZ6) Chinese Banq.,Exit PORT, ,STD,QRC
Genting Dream,RWCX-GDRE,RWCX,GDRE,Aura,8,Restaurant,(FZ6) Chinese Banq.,Exit STBD, ,STD,QRC
Genting Dream,RWCX-GDRE,RWCX,GDRE,Aura,8,Restaurant,(FZ5) Corridor,Exit STBD, ,STD,QRC
Genting Dream,RWCX-GDRE,RWCX,GDRE,Aura,8,Restaurant,(FZ5) Ginzadon,Exit PORT, ,STD,QRC
Genting Dream,RWCX-GDRE,RWCX,GDRE,Aura,5,Restaurant,(FZ6) Crew Mess,Cleaning Locker, ,STD,QRC
Genting Dream,RWCX-GDRE,RWCX,GDRE,Genus ILT30,4,Garbage,(FZ5) Garbage,Garbage Fridge, ,STD,QRC
Genting Dream,RWCX-GDRE,RWCX,GDRE,Genus ILT30,4,Garbage,(FZ5) Garbage Rm,Entrance, ,STD,QRC
Genting Dream,RWCX-GDRE,RWCX,GDRE,Genus ILT30,4,Garbage,(FZ5) Garbage Rm,Glass, ,STD,QRC
Genting Dream,RWCX-GDRE,RWCX,GDRE,Genus ILT30,4,Garbage,(FZ5) Garbage Rm,Laundry Machine, ,STD,QRC
Genting Dream,RWCX-GDRE,RWCX,GDRE,Genus ILT30,4,Garbage,(FZ5) Garbage Rm,Bone Crusher, ,STD,QRC
Genting Dream,RWCX-GDRE,RWCX,GDRE,Aura,18,Housekeeping,(FZ2) Corridor,Entrance PORT, ,STD,QRC
Genting Dream,RWCX-GDRE,RWCX,GDRE,Genus ILT30,4,Housekeeping,(FZ5) Tender Lobby,Entrance #1, ,STD,QRC
Genting Dream,RWCX-GDRE,RWCX,GDRE,Genus ILT30,4,Housekeeping,(FZ5) Tender Lobby,EXIT #1, ,STD,QRC
Genting Dream,RWCX-GDRE,RWCX,GDRE,Genus ILT30,4,Housekeeping,(FZ5) Tender Lobby,Entrance #2, ,STD,QRC
Genting Dream,RWCX-GDRE,RWCX,GDRE,Genus ILT30,4,Housekeeping,(FZ5) Tender Lobby,RHS EXIT #2, ,STD,QRC
Genting Dream,RWCX-GDRE,RWCX,GDRE,Genus ILT30,4,Housekeeping,(FZ3) Corridor,Emergency Exit, ,STD,QRC
Genting Dream,RWCX-GDRE,RWCX,GDRE,Genus ILT30,4,Housekeeping,(FZ3) Luggage,Hand STBD, ,STD,QRC
Genting Dream,RWCX-GDRE,RWCX,GDRE,Genus ILT30,4,Housekeeping,(FZ3) Luggage,Hand STBD, ,STD,QRC
Genting Dream,RWCX-GDRE,RWCX,GDRE,Aura,4,Housekeeping,(FZ3) Tender Lobby,Exit AFT, ,STD,QRC
Genting Dream,RWCX-GDRE,RWCX,GDRE,Aura,4,Housekeeping,(FZ3) Tender Lobby,Exit FWD, ,STD,QRC
Genting Dream,RWCX-GDRE,RWCX,GDRE,Genus ILT30,4,Housekeeping,(FZ2) Luggage Handling,Phone Point, ,STD,QRC
Genting Dream,RWCX-GDRE,RWCX,GDRE,Genus ILT30,4,Housekeeping,(FZ2) Luggage Handling,Phone Point, ,STD,QRC
Genting Dream,RWCX-GDRE,RWCX,GDRE,Genus ILT30,5,Housekeeping,(FZ6) Corridor,Fire Alarm, ,STD,QRC
Genting Dream,RWCX-GDRE,RWCX,GDRE,Aura,5,Housekeeping,(FZ5) Tender Lobby,NOT WORKING, ,STD,QRC
Genting Dream,RWCX-GDRE,RWCX,GDRE,Aura,5,Housekeeping,(FZ5) Tender Lobby,NOT WORKING, ,STD,QRC
Genting Dream,RWCX-GDRE,RWCX,GDRE,Aura,5,Housekeeping,(FZ5) Corridor,Pax Alleyway , ,STD,QRC
Genting Dream,RWCX-GDRE,RWCX,GDRE,Aura,5,Housekeeping,(FZ3) Tender Lobby,Phone Point, ,STD,QRC
Genting Dream,RWCX-GDRE,RWCX,GDRE,Aura,5,Housekeeping,(FZ3) Tender Lobby,Phone Point, ,STD,QRC
Genting Dream,RWCX-GDRE,RWCX,GDRE,Aura,6,Housekeeping,(FZ3) STBD Lift lobby,Phone Point, ,STD,QRC
Genting Dream,RWCX-GDRE,RWCX,GDRE,Genus ILT30,7,Housekeeping,(FZ6) Corridor,Exit PORT, ,STD,QRC
Genting Dream,RWCX-GDRE,RWCX,GDRE,Aura,7,Housekeeping,(FZ6) Corridor,Exit STBD, ,STD,QRC
Genting Dream,RWCX-GDRE,RWCX,GDRE,Aura,7,Housekeeping,(FZ5) Corridor,Fire Locker PORT, ,STD,QRC
Genting Dream,RWCX-GDRE,RWCX,GDRE,Genus ILT30,7,Housekeeping,(FZ4) Staircase,Telephone, ,STD,QRC
Genting Dream,RWCX-GDRE,RWCX,GDRE,Genus ILT30,7,Housekeeping,(FZ4) Corridor,Exit PORT, ,STD,QRC
Genting Dream,RWCX-GDRE,RWCX,GDRE,Genus ILT30,7,Housekeeping,(FZ4) Corridor,Exit STBD, ,STD,QRC
Genting Dream,RWCX-GDRE,RWCX,GDRE,Aura,7,Housekeeping,(FZ3) Corridor,Exit PORT, ,STD,QRC
Genting Dream,RWCX-GDRE,RWCX,GDRE,Aura,7,Housekeeping,(FZ3) Corridor,Exit STBD, ,STD,QRC
Genting Dream,RWCX-GDRE,RWCX,GDRE,Aura,7,Housekeeping,(FZ2) Theatre,Exit PORT, ,STD,QRC
Genting Dream,RWCX-GDRE,RWCX,GDRE,Aura,7,Housekeeping,(FZ2) Theatre,Exit STBD, ,STD,QRC
Genting Dream,RWCX-GDRE,RWCX,GDRE,Genus ILT30,7,Housekeeping,(FZ1) Corridor ,Exit STBD, ,STD,QRC
Genting Dream,RWCX-GDRE,RWCX,GDRE,Genus ILT30,7,Housekeeping,(FZ1) Corridor ,Exit PORT, ,STD,QRC
Genting Dream,RWCX-GDRE,RWCX,GDRE,Aura,8,Housekeeping,(FZ5) Corridor,Exit PORT, ,STD,QRC
Genting Dream,RWCX-GDRE,RWCX,GDRE,Aura,8,Housekeeping,(FZ5) Ginzadon,Exit STBD, ,STD,QRC
Genting Dream,RWCX-GDRE,RWCX,GDRE,Aura,8,Housekeeping,(FZ4) Bar City,Exit PORT, ,STD,QRC
Genting Dream,RWCX-GDRE,RWCX,GDRE,Aura,8,Housekeeping,(FZ4) Bar City,Exit STBD, ,STD,QRC
Genting Dream,RWCX-GDRE,RWCX,GDRE,Aura,8,Housekeeping,(FZ3) Steakhouse,Exit STBD, ,STD,QRC
Genting Dream,RWCX-GDRE,RWCX,GDRE,Aura,8,Housekeeping,(FZ3) Corridor,Exit STBD, ,STD,QRC
Spirit of Adventure,SAGA-SOAD,SAGA,SOAD,Ecolab Halo 10,6,Galley,Club Galley,Landing Entrance, ,STD,QRC
Spirit of Adventure,SAGA-SOAD,SAGA,SOAD,Ecolab Halo 10,6,Galley,East to West,Landing Entrance, ,STD,QRC
Spirit of Adventure,SAGA-SOAD,SAGA,SOAD,Ecolab Halo 10,5,Galley,Dishwash,Landing Entrance, ,STD,QRC
Spirit of Adventure,SAGA-SOAD,SAGA,SOAD,Ecolab Halo 10,5,Galley,Main Galley,Sous Chef Office, ,STD,QRC
Spirit of Adventure,SAGA-SOAD,SAGA,SOAD,Ecolab Halo 10,4,Galley,Crew Mess,Cleaning Locker LHS, ,STD,QRC
Spirit of Adventure,SAGA-SOAD,SAGA,SOAD,Ecolab Halo 10,5,Provisions,Mooring Deck,Entrance Door, ,STD,QRC
Spirit of Adventure,SAGA-SOAD,SAGA,SOAD,Ecolab Halo 10,4,Provisions,Loading Area,Shell Door STBD, ,STD,QRC
Spirit of Adventure,SAGA-SOAD,SAGA,SOAD,Ecolab Halo 10,4,Provisions,Loading Area,Shell Door PORT, ,STD,QRC
Spirit of Adventure,SAGA-SOAD,SAGA,SOAD,Ecolab Halo 10,3,Provisions,Loading Area,Loading Platform STBD, ,STD,QRC
Spirit of Adventure,SAGA-SOAD,SAGA,SOAD,Ecolab Halo 10,3,Provisions,Fruit Area,Fruit Fridge, ,STD,QRC
Spirit of Adventure,SAGA-SOAD,SAGA,SOAD,Ecolab Halo 10,12,Bars,Verandah,Pantry (Outside), ,STD,QRC
Spirit of Adventure,SAGA-SOAD,SAGA,SOAD,Bar 2 (15W),4,Garbage,Garbage Room,Glass Crusher, ,STD,QRC
Spirit of Adventure,SAGA-SOAD,SAGA,SOAD,Bar 2 (15W),4,Garbage,Incinerator,Entrance Door, ,STD,QRC
Spirit of Adventure,SAGA-SOAD,SAGA,SOAD,Ecolab Halo 10,4,Garbage,Chiller Room,Door (Outside), ,STD,QRC
Spirit of Adventure,SAGA-SOAD,SAGA,SOAD,Ecolab Halo 10,4,Housekeeping,Luggage,Shell Door STBD, ,STD,QRC
Spirit of Adventure,SAGA-SOAD,SAGA,SOAD,Ecolab Halo 10,12,Restaurant,Staircase,STBD AFT, ,STD,QRC
Spirit of Discovery,SAGA-SODI,SAGA,SODI,Ecolab Halo 10,6,Galley,Club Galley,Landing Entrance, ,STD,QRC
Spirit of Discovery,SAGA-SODI,SAGA,SODI,Ecolab Halo 10,6,Galley,East to West,Landing Entrance, ,STD,QRC
Spirit of Discovery,SAGA-SODI,SAGA,SODI,Ecolab Halo 10,5,Galley,Dish Wash,Landing Entrance, ,STD,QRC
Spirit of Discovery,SAGA-SODI,SAGA,SODI,GLU-60,4,Recycling_Centre,Garbage Room,Door Exit, ,STD,QRC
Spirit of Discovery,SAGA-SODI,SAGA,SODI,GLU-60,4,Recycling_Centre,Garbage Room,Bailing Press 1, ,STD,QRC
Spirit of Discovery,SAGA-SODI,SAGA,SODI,Bar 2 (15W),4,Recycling_Centre,Incinerator,Entrance, ,STD,QRC
Spirit of Discovery,SAGA-SODI,SAGA,SODI,Ecolab Halo 10,4,Recycling_Centre,Chiller Room,Door (Outside), ,STD,QRC
Spirit of Discovery,SAGA-SODI,SAGA,SODI,Bar 2 (15W),3,Technical,Waste Separator,Entrance, ,STD,QRC
Spirit of Discovery,SAGA-SODI,SAGA,SODI,Ecolab Halo 10,4,Provisions,Loading Area,Shell Door STBD, ,STD,QRC
Spirit of Discovery,SAGA-SODI,SAGA,SODI,Ecolab Halo 10,4,Provisions,Loading Area,Shell Door PORT , ,STD,QRC
Spirit of Discovery,SAGA-SODI,SAGA,SODI,Chameleon 1 x 2,3,Provisions,Loading Area,Loading Platform STBD, ,STD,QRC
Spirit of Discovery,SAGA-SODI,SAGA,SODI,Chameleon 1 x 2,3,Provisions,Dry Store,Entrance, ,STD,QRC
Scenic Eclipse 2,SLCT-SEC2,SLCT,SEC2,GLU-60,7,Galley,Yacht Club Galley,Pot Wash, ,STD,QRC
Scenic Eclipse 2,SLCT-SEC2,SLCT,SEC2,GLU-60,7,Galley,Yacht Club Scullery,Dish Washer, ,STD,QRC
Scenic Eclipse 2,SLCT-SEC2,SLCT,SEC2,GLU-60,5,Galley,Lumiere Scullery,Plate Drop, ,STD,QRC
Scenic Eclipse 2,SLCT-SEC2,SLCT,SEC2,GLU-60,5,Galley,Lumiere Scullery,Ice Machine, ,STD,QRC
Scenic Eclipse 2,SLCT-SEC2,SLCT,SEC2,GLU-60,4,Galley,Koko's Fusion ,Fridge 4.2, ,STD,QRC
Scenic Eclipse 2,SLCT-SEC2,SLCT,SEC2,GLU-60,4,Galley,Koko's Fusion ,Plate Wash, ,STD,QRC
Scenic Eclipse 2,SLCT-SEC2,SLCT,SEC2,GLU-60,4,Galley,Elements  ,Plate Wash, ,STD,QRC
Scenic Eclipse 2,SLCT-SEC2,SLCT,SEC2,GLU-60,3,Galley,Crew Galley ,Water Fountain, ,STD,QRC
Scenic Eclipse 2,SLCT-SEC2,SLCT,SEC2,GLU-60,3,Galley,Crew Scullery,Wash Hand Basin, ,STD,QRC
Scenic Eclipse 2,SLCT-SEC2,SLCT,SEC2,GLU-60,3,Galley,Pot Wash,Entrance, ,STD,QRC
Scenic Eclipse 2,SLCT-SEC2,SLCT,SEC2,GLU-60,3,Galley,Koko's Fusion ,Hot Section, ,STD,QRC
Scenic Eclipse 2,SLCT-SEC2,SLCT,SEC2,GLU-60,3,Messes,Crew Mess,Door, ,STD,QRC
Scenic Eclipse 2,SLCT-SEC2,SLCT,SEC2,GLU-60,3,Messes,Crew Mess,Servery, ,STD,QRC
Scenic Eclipse 2,SLCT-SEC2,SLCT,SEC2,GLU-60,3,Provisions,Corridor ,Zodiac Store, ,STD,QRC
Scenic Eclipse 2,SLCT-SEC2,SLCT,SEC2,GLU-60,3,Provisions,Loading Corridor,Pump Room, ,STD,QRC
Scenic Eclipse 2,SLCT-SEC2,SLCT,SEC2,GLU-60,2,Provisions,Corridor ,Alcohol Store , ,STD,QRC
Scenic Eclipse 2,SLCT-SEC2,SLCT,SEC2,GLU-60,2,Provisions ,Corridor ,"Beer, Soda Water Store", ,STD,QRC
Scenic Eclipse 2,SLCT-SEC2,SLCT,SEC2,GLU-60,3,Bar,Azura Pantry,Fire Extinguisher, ,STD,QRC
Scenic Eclipse 2,SLCT-SEC2,SLCT,SEC2,GLU-60,3,Garbage ,Garbage Room ,Water Tight Door, ,STD,QRC
Scenic Eclipse,SLCT-SECL,SLCT,SECL,GLU-60,7,Galley,Yacht Club Galley,Pot Wash, ,STD,QRC
Scenic Eclipse,SLCT-SECL,SLCT,SECL,GLU-60,7,Galley,Yacht Club Scullery,Ice Machine, ,STD,QRC
Scenic Eclipse,SLCT-SECL,SLCT,SECL,GLU-60,5,Galley,Lumière Scullery,Plate Drop, ,STD,QRC
Scenic Eclipse,SLCT-SECL,SLCT,SECL,GLU-60,5,Galley,Lumière Scullery,Ice Machine, ,STD,QRC
Scenic Eclipse,SLCT-SECL,SLCT,SECL,GLU-60,4,Galley,Koko's Fusion,Fridge 4.2 (Opposite), ,STD,QRC
Scenic Eclipse,SLCT-SECL,SLCT,SECL,GLU-60,4,Galley,Koko's Fusion,Plate Wash , ,STD,QRC
Scenic Eclipse,SLCT-SECL,SLCT,SECL,GLU-60,4,Galley,Elements,Plate Wash , ,STD,QRC
Scenic Eclipse,SLCT-SECL,SLCT,SECL,GLU-60,3,Galley,Crew Galley,Water Fountain, ,STD,QRC
Scenic Eclipse,SLCT-SECL,SLCT,SECL,GLU-60,3,Galley,Crew Scullery,Wash Hand Basin, ,STD,QRC
Scenic Eclipse,SLCT-SECL,SLCT,SECL,GLU-60,3,Galley,Pot Wash,Entrance, ,STD,QRC
Scenic Eclipse,SLCT-SECL,SLCT,SECL,GLU-60,3,Messes,Crew Mess,Servery, ,STD,QRC
Scenic Eclipse,SLCT-SECL,SLCT,SECL,GLU-60,3,Messes,Crew Mess,Bulkhead FWD, ,STD,QRC
Scenic Eclipse,SLCT-SECL,SLCT,SECL,GLU-60,3,Provisions,Loading Corridor,Loading Corridor STBD, ,STD,QRC
Scenic Eclipse,SLCT-SECL,SLCT,SECL,GLU-60,3,Provisions,Loading Corridor,Loading Corridor PORT, ,STD,QRC
Scenic Eclipse,SLCT-SECL,SLCT,SECL,GLU-60,3,Provisions,Corridor,Zodiac Store, ,STD,QRC
Scenic Eclipse,SLCT-SECL,SLCT,SECL,GLU-60,2,Provisions,Corridor,Wash Hand Basin, ,STD,QRC
Scenic Eclipse,SLCT-SECL,SLCT,SECL,GLU-60,4,Bars,Piano Bar,Pantry , ,STD,QRC
Scenic Eclipse,SLCT-SECL,SLCT,SECL,GLU-60,3,Garbage,Garbage room,Cleaning Locker, ,STD,QRC
Ocean Explorer,SSCR-OEXP,SSCR,OEXP,GLU-60,5,Galley,Pot Wash,Service Table, ,STD,QRC
Ocean Explorer,SSCR-OEXP,SSCR,OEXP,GLU-60,5,Galley,Dirty Area,Hand Wash Sink, ,STD,QRC
Silver Cloud,SSEA-CLOU,SSEA,CLOU,GLU-60,7,Galley,La Terrazza, Plate Wash, ,STD,QRC
Silver Cloud,SSEA-CLOU,SSEA,CLOU,GLU-60,4,Galley,Main Galley,Chef Office, ,STD,QRC
Silver Cloud,SSEA-CLOU,SSEA,CLOU,GLU-60,4,Galley,Main Galley,Room Service, ,STD,QRC
Silver Cloud,SSEA-CLOU,SSEA,CLOU,GLU-60,4,Galley,Main Galley,Restaurant Entrance, ,STD,QRC
Silver Cloud,SSEA-CLOU,SSEA,CLOU,GLU-60,3,Messes,Crew Mess,Crew Gym, ,STD,QRC
Silver Cloud,SSEA-CLOU,SSEA,CLOU,GLU-60,3,Messes,Crew Mess,Garbage Bins, ,STD,QRC
Silver Cloud,SSEA-CLOU,SSEA,CLOU,GLU-60,3,Messes,Officer Mess,Garbage Bins, ,STD,QRC
Silver Cloud,SSEA-CLOU,SSEA,CLOU,GLU-60,8,Bars,Pool Bar,BBQ, ,STD,QRC
Silver Cloud,SSEA-CLOU,SSEA,CLOU,GLU-60,7,Restaurant,La Terrazza,Buffet, ,STD,QRC
Silver Cloud,SSEA-CLOU,SSEA,CLOU,GLU-60,3,Garbage,Garbage Room,Glass Crusher, ,STD,QRC
Silver Cloud,SSEA-CLOU,SSEA,CLOU,GLU-60,2,Garbage,Incinerator Room,Staircase, ,STD,QRC
Silver Cloud,SSEA-CLOU,SSEA,CLOU,GLU-60,3,Deck,Provision Loading,Shell Door #1 STBD, ,STD,QRC
Silver Cloud,SSEA-CLOU,SSEA,CLOU,GLU-60,3,Deck,Provision Loading,Shell Door #2 PORT, ,STD,QRC
Silver Cloud,SSEA-CLOU,SSEA,CLOU,GLU-60,2,Provision,F&B Office,Entrance (Outside), ,STD,QRC
Silver Cloud,SSEA-CLOU,SSEA,CLOU,GLU-60,2,Provision,Provision Loading,Entrance, ,STD,QRC
Silver Dawn,SSEA-DAWN,SSEA,DAWN,GLU-60,11,Galley,Spaccanapoli,Bins, ,STD,QRC
Silver Dawn,SSEA-DAWN,SSEA,DAWN,GLU-60,10,Galley,Pool Grill,Bins (Main Door), ,STD,QRC
Silver Dawn,SSEA-DAWN,SSEA,DAWN,GLU-60,8,Galley,La Dame,Dish Wash (Dirty Area), ,STD,QRC
Silver Dawn,SSEA-DAWN,SSEA,DAWN,GLU-60,7,Galley,La Terrazza,Dish Wash (Dirty Area), ,STD,QRC
Silver Dawn,SSEA-DAWN,SSEA,DAWN,GLU-60,7,Galley,La Terrazza,Pot Wash (Dirty Area), ,STD,QRC
Silver Dawn,SSEA-DAWN,SSEA,DAWN,GLU-60,4,Galley,Main Galley,Entrance FWD STBD, ,STD,QRC
Silver Dawn,SSEA-DAWN,SSEA,DAWN,GLU-60,4,Galley,Main Galley,Bins STBD (Opp. D/Wash), ,STD,QRC
Silver Dawn,SSEA-DAWN,SSEA,DAWN,GLU-60,4,Galley,Main Galley,Bins (Clock PORT), ,STD,QRC
Silver Dawn,SSEA-DAWN,SSEA,DAWN,GLU-60,4,Galley,Main Galley,Bins PORT (Opp. Pot Wash), ,STD,QRC
Silver Dawn,SSEA-DAWN,SSEA,DAWN,GLU-60,4,Galley,Main Galley,Fire Point 4.43 STBD, ,STD,QRC
Silver Dawn,SSEA-DAWN,SSEA,DAWN,GLU-60,4,Galley,Prep Rooms,Pillar (Opp. Veg. Prep.), ,STD,QRC
Silver Dawn,SSEA-DAWN,SSEA,DAWN,GLU-60,4,Galley,Prep Rooms,Orange Phone, ,STD,QRC
Silver Dawn,SSEA-DAWN,SSEA,DAWN,GLU-60,3,Galley,Crew Galley,Pot Wash (Dirty Area), ,STD,QRC
Silver Dawn,SSEA-DAWN,SSEA,DAWN,GLU-60,10,Bars,Pool Bar,Entrance Bin, ,STD,QRC
Silver Dawn,SSEA-DAWN,SSEA,DAWN,GLU-60,9,Bars,Panorama,Bar Entrance, ,STD,QRC
Silver Dawn,SSEA-DAWN,SSEA,DAWN,GLU-60,8,Bars,Arts Café,Dirty Area FWD, ,STD,QRC
Silver Dawn,SSEA-DAWN,SSEA,DAWN,GLU-60,4,Bars,Crew Bar,Entrance (External), ,STD,QRC
Silver Dawn,SSEA-DAWN,SSEA,DAWN,GLU-60,4,Bars,Crew Bar,Port Hole AFT, ,STD,QRC
Silver Dawn,SSEA-DAWN,SSEA,DAWN,GLU-60,3,Provision,Loading Area Port,Black Phone, ,STD,QRC
Silver Dawn,SSEA-DAWN,SSEA,DAWN,GLU-60,3,Provision,Loading Area Stbd,Fire Ext P3.48, ,STD,QRC
Silver Dawn,SSEA-DAWN,SSEA,DAWN,GLU-60,3,Provision,Provision  Area Aft,Exit Sign (WTD), ,STD,QRC
Silver Dawn,SSEA-DAWN,SSEA,DAWN,Fly Shield 2,7,Restaurant,La Terrazza,Emergency Exit AFT, ,STD,QRC
Silver Dawn,SSEA-DAWN,SSEA,DAWN,Fly Shield 2,7,Restaurant,La Terrazza,Pasta Stn FWD (Centre) , ,STD,QRC
Silver Dawn,SSEA-DAWN,SSEA,DAWN,Fly Shield 2,7,Restaurant,La Terrazza,Main Severy FWD PORT, ,STD,QRC
Silver Dawn,SSEA-DAWN,SSEA,DAWN,Fly Shield 2,7,Restaurant,La Terrazza,Servery Entrance AFT STBD, ,STD,QRC
Silver Dawn,SSEA-DAWN,SSEA,DAWN,Fly Shield 2,3,Restaurant,Staff Mess,Plate Scrape Bins, ,STD,QRC
Silver Dawn,SSEA-DAWN,SSEA,DAWN,GLU-60,3,Restaurant,Crew Mess,Plate Scrape Bins, ,STD,QRC
Silver Dawn,SSEA-DAWN,SSEA,DAWN,GLU-60,3,Garbage,Garbage Room,Separating Table, ,STD,QRC
Silver Dawn,SSEA-DAWN,SSEA,DAWN,GLU-60,3,Garbage,Garbage Room,Incinerator Door, ,STD,QRC
Silver Dawn,SSEA-DAWN,SSEA,DAWN,GLU-60,3,Garbage,Garbage Room,Can Compactor, ,STD,QRC
Silver Moon,SSEA-MOON,SSEA,MOON,GLU-60,11,Galley,Spaccanapoli,Entrance, ,STD,QRC
Silver Moon,SSEA-MOON,SSEA,MOON,GLU-60,11,Galley,Spaccanapoli,Bins, ,STD,QRC
Silver Moon,SSEA-MOON,SSEA,MOON,GLU-60,10,Galley,Pool Grill,Entrance (Bins), ,STD,QRC
Silver Moon,SSEA-MOON,SSEA,MOON,GLU-60,8,Galley,La Dame,Dish Wash (Dirty Area), ,STD,QRC
Silver Moon,SSEA-MOON,SSEA,MOON,GLU-60,7,Galley,La Terrazza,Dish Wash (Dirty Area), ,STD,QRC
Silver Moon,SSEA-MOON,SSEA,MOON,GLU-60,7,Galley,La Terrazza,Pot Wash (Dirty Area), ,STD,QRC
Silver Moon,SSEA-MOON,SSEA,MOON,GLU-60,4,Galley,Main Galley,Entrance FWD STBD, ,STD,QRC
Silver Moon,SSEA-MOON,SSEA,MOON,GLU-60,4,Galley,Main Galley,Bins STBD (Opp. D/Wash), ,STD,QRC
Silver Moon,SSEA-MOON,SSEA,MOON,GLU-60,4,Galley,Main Galley,Bins PORT (Clock), ,STD,QRC
Silver Moon,SSEA-MOON,SSEA,MOON,GLU-60,4,Galley,Main Galley,Bins PORT (Opp. P/Wash), ,STD,QRC
Silver Moon,SSEA-MOON,SSEA,MOON,GLU-60,4,Galley,Main Galley,Fire Point 4.43 STBD, ,STD,QRC
Silver Moon,SSEA-MOON,SSEA,MOON,GLU-60,4,Galley,Prep Rooms,Vegetable Prep (Opposite), ,STD,QRC
Silver Moon,SSEA-MOON,SSEA,MOON,GLU-60,4,Galley,Prep Rooms,Orange Phone, ,STD,QRC
Silver Moon,SSEA-MOON,SSEA,MOON,GLU-60,3,Galley,Crew Galley,Pot Wash (Dirty Area), ,STD,QRC
Silver Moon,SSEA-MOON,SSEA,MOON,GLU-60,3,Provision,Loading PORT,Black Phone, ,STD,QRC
Silver Moon,SSEA-MOON,SSEA,MOON,GLU-60,3,Provision,Loading STBD,Fire Ext P3.48, ,STD,QRC
Silver Moon,SSEA-MOON,SSEA,MOON,GLU-60,3,Provision,Provision AFT,Exit Sign (WTD), ,STD,QRC
Silver Moon,SSEA-MOON,SSEA,MOON,GLU-60,10,Bars,Pool Bar,Entrance Bin, ,STD,QRC
Silver Moon,SSEA-MOON,SSEA,MOON,GLU-60,9,Bars,Panorama,Bar Area Entrance, ,STD,QRC
Silver Moon,SSEA-MOON,SSEA,MOON,GLU-60,8,Bars,Arts Café,Dirty Area FWD, ,STD,QRC
Silver Moon,SSEA-MOON,SSEA,MOON,GLU-60,4,Bars,Crew Bar,Entrance RHS (External), ,STD,QRC
Silver Moon,SSEA-MOON,SSEA,MOON,GLU-60,4,Bars,Crew Bar,Port Hole AFT, ,STD,QRC
Silver Moon,SSEA-MOON,SSEA,MOON,Fly Shield 2,7,Restaurant,La Terrazza,Emergency Exit AFT, ,STD,QRC
Silver Moon,SSEA-MOON,SSEA,MOON,Fly Shield 2,7,Restaurant,La Terrazza,Pasta Station FWD , ,STD,QRC
Silver Moon,SSEA-MOON,SSEA,MOON,Fly Shield 2,7,Restaurant,La Terrazza,Main Servery FWD PORT, ,STD,QRC
Silver Moon,SSEA-MOON,SSEA,MOON,Fly Shield 2,7,Restaurant,La Terrazza,Servery Entrance AFT STBD, ,STD,QRC
Silver Moon,SSEA-MOON,SSEA,MOON,Fly Shield 2,3,Restaurant,Staff Mess,Plate Scrape, ,STD,QRC
Silver Moon,SSEA-MOON,SSEA,MOON,GLU-60,3,Restaurant,Crew Mess,Plate Scrape, ,STD,QRC
Silver Moon,SSEA-MOON,SSEA,MOON,GLU-60,3,Garbage,Garbage Room,Separating Table, ,STD,QRC
Silver Moon,SSEA-MOON,SSEA,MOON,GLU-60,3,Garbage,Garbage Room,Incinerator Door, ,STD,QRC
Silver Moon,SSEA-MOON,SSEA,MOON,GLU-60,3,Garbage,Garbage Room,Can Compactor (Rear), ,STD,QRC
Silver Muse,SSEA-MUSE,SSEA,MUSE,GLU-15 (LED),11,Galley,Pantry,Entrance,Jul-24,LED,QRC
Silver Muse,SSEA-MUSE,SSEA,MUSE,GLU-60,10,Galley,Pool Grill,Bins, ,STD,QRC
Silver Muse,SSEA-MUSE,SSEA,MUSE,GLU-80 (LED),4,Galley,Main Galley PORT,Bins,Jul-24,LED,QRC
Silver Muse,SSEA-MUSE,SSEA,MUSE,GLU-10 (LED),4,Galley,Main Galley PORT,Room Service,Jul-24,LED,QRC
Silver Muse,SSEA-MUSE,SSEA,MUSE,GLU-15 (LED),4,Galley,Main Galley STBD,Bins,Jul-24,LED,QRC
Silver Muse,SSEA-MUSE,SSEA,MUSE,GLU-15 (LED),4,Galley,Main Galley STBD,Entrance,Jul-24,LED,QRC
Silver Muse,SSEA-MUSE,SSEA,MUSE,GLU-10 (LED),4,Galley,Main Galley Butchery,Bins,Jul-24,LED,QRC
Silver Muse,SSEA-MUSE,SSEA,MUSE,GLU-60,4,Galley,Bakery,Bins, ,STD,QRC
Silver Muse,SSEA-MUSE,SSEA,MUSE,GLU-15 (LED),3,Galley,Crew Galley,Dirty Area,Jul-24,LED,QRC
Silver Muse,SSEA-MUSE,SSEA,MUSE,GLU-10 (LED),3,Messes,Crew Mess,Bins,Jul-24,LED,QRC
Silver Muse,SSEA-MUSE,SSEA,MUSE,GLU-60,3,Messes,Officer Mess,Bins, ,STD,QRC
Silver Muse,SSEA-MUSE,SSEA,MUSE,GLU-15 (LED),3,Stores,Loading Area,Electrical Workshop (Entrance),Jul-24,LED,QRC
Silver Muse,SSEA-MUSE,SSEA,MUSE,GLU-60,3,Stores,Loading Corridor,Bulkhead AFT STBD, ,STD,QRC
Silver Muse,SSEA-MUSE,SSEA,MUSE,GLU-60,3,Stores,Loading Corridor,Bulkhead AFT PORT, ,STD,QRC
Silver Muse,SSEA-MUSE,SSEA,MUSE,Fly Shield 2,10,Bars,Entrance,Entrance (Bins), ,STD,QRC
Silver Muse,SSEA-MUSE,SSEA,MUSE,GLU-15 (LED),8,Bars,Art Cafe,Food Display ,Jul-24,LED,QRC
Silver Muse,SSEA-MUSE,SSEA,MUSE,Fly Shield 2,7,Restaurant,La Terazza,Sorting Area PORT, ,STD,QRC
Silver Muse,SSEA-MUSE,SSEA,MUSE,Fly Shield 2,7,Restaurant,La Terazza,Sorting area STBD, ,STD,QRC
Silver Muse,SSEA-MUSE,SSEA,MUSE,GLU-80 (LED),3,Recycling_Centre,Garbage Room,Hatch,Jul-24,LED,QRC
Silver Muse,SSEA-MUSE,SSEA,MUSE,GLU-80 (LED),3,Recycling_Centre,Cold Room,Drip Pan,Jul-24,LED,QRC
Silver Muse,SSEA-MUSE,SSEA,MUSE,GLU-60,3,Recycling_Centre,Garbage Room,Sorting Table, ,STD,QRC
Silver Nova,SSEA-NOVA,SSEA,NOVA,GLU-10 (LED),10,Galley,Grill Galley,Macerator,Jan-24,LED,QRC
Silver Nova,SSEA-NOVA,SSEA,NOVA,GLU-15 (LED),4,Galley,Kaiseki Galley,Fire Blanket,Jan-24,LED,QRC
Silver Nova,SSEA-NOVA,SSEA,NOVA,GLU-15 (LED),4,Galley,Kaiseki Galley,Entrance  Door,Jan-24,LED,QRC
Silver Nova,SSEA-NOVA,SSEA,NOVA,GLU-15 (LED),3,Galley,Main Galley,Preparation Table,Jan-24,LED,QRC
Silver Nova,SSEA-NOVA,SSEA,NOVA,GLU-15 (LED),3,Galley,Main Galley,Pot Wash Area,Jan-24,LED,QRC
Silver Nova,SSEA-NOVA,SSEA,NOVA,GLU-15 (LED),3,Galley,Main Galley,Cold Room 03-05-02,Jan-24,LED,QRC
Silver Nova,SSEA-NOVA,SSEA,NOVA,GLU-15 (LED),3,Galley,Mooring Stn,Corridor (Location Signs),Jan-24,LED,QRC
Silver Nova,SSEA-NOVA,SSEA,NOVA,GLU-15 (LED),3,Galley,Main Galley,Chef Office,Jan-24,LED,QRC
Silver Nova,SSEA-NOVA,SSEA,NOVA,GLU-15 (LED),3,Galley,Atlantide Scullery,Macerator,Jan-24,LED,QRC
Silver Nova,SSEA-NOVA,SSEA,NOVA,GLU-15 (LED),3,Galley,Atlantide Scullery,Speaker,Jan-24,LED,QRC
Silver Nova,SSEA-NOVA,SSEA,NOVA,GLU-15 (LED),2,Galley,Crew Galley,Hand Washing Station,Jan-24,LED,QRC
Silver Nova,SSEA-NOVA,SSEA,NOVA,GLU-15 (LED),2,Galley,Crew Galley,Macerator,Jan-24,LED,QRC
Silver Nova,SSEA-NOVA,SSEA,NOVA,Vanquish (LED),2,Messes,Crew Mess,Television,Jan-24,LED,QRC
Silver Nova,SSEA-NOVA,SSEA,NOVA,Vanquish (LED),2,Messes,Crew Mess,Entrance Door,Jan-24,LED,QRC
Silver Nova,SSEA-NOVA,SSEA,NOVA,Vanquish (LED),2,Messes,Crew Mess,2nd Porthole,Jan-24,LED,QRC
Silver Nova,SSEA-NOVA,SSEA,NOVA,Vanquish (LED),2,Messes,Service Station,4th Porthole,Jan-24,LED,QRC
Silver Nova,SSEA-NOVA,SSEA,NOVA,Vanquish (LED),2,Messes,Service Station,Clearing Station,Jan-24,LED,QRC
Silver Nova,SSEA-NOVA,SSEA,NOVA,Vanquish (LED),2,Messes,Service Station,Emergency Exit,Jan-24,LED,QRC
Silver Nova,SSEA-NOVA,SSEA,NOVA,GLU-15 (LED),2,Provisions,Provision Handling,Lifebuoy,Jan-24,LED,QRC
Silver Nova,SSEA-NOVA,SSEA,NOVA,GLU-15 (LED),2,Provisions,Provision Shell Door,CCTV,Jan-24,LED,QRC
Silver Nova,SSEA-NOVA,SSEA,NOVA,GLU-10 (LED),2,Provisions,Provision Handling ,Control Cabinet,Jan-24,LED,QRC
Silver Nova,SSEA-NOVA,SSEA,NOVA,GLU-15 (LED),2,Provisions,Shell Door,Novec System Panel,Jan-24,LED,QRC
Silver Nova,SSEA-NOVA,SSEA,NOVA,GLU-15 (LED),1,Provisions,Provisions Area,Elevator RHS,Jan-24,LED,QRC
Silver Nova,SSEA-NOVA,SSEA,NOVA,GLU-15 (LED),1,Provisions,Provisions Area,Elevator,Jan-24,LED,QRC
Silver Nova,SSEA-NOVA,SSEA,NOVA,GLU-15 (LED),1,Provisions,Staircase 11,Gauge Indicators,Jan-24,LED,QRC
Silver Nova,SSEA-NOVA,SSEA,NOVA,Vanquish (LED),5,Bars,Crew Bar Pantry,MCP LHS,Jan-24,LED,QRC
Silver Nova,SSEA-NOVA,SSEA,NOVA,Vanquish (LED),5,Bars,Crew Bar,Entrance Door,Jan-24,LED,QRC
Silver Nova,SSEA-NOVA,SSEA,NOVA,GLU-15 (LED),10,Restaurant,Grill,Waiter Station,Jan-24,LED,QRC
Silver Nova,SSEA-NOVA,SSEA,NOVA,GLU-15 (LED),4,Restaurant,La Terrazza,Entrance Door,Jan-24,LED,QRC
Silver Nova,SSEA-NOVA,SSEA,NOVA,GLU-15 (LED),3,Restaurant,Atalantide Pantry,Speaker,Jan-24,LED,QRC
Silver Nova,SSEA-NOVA,SSEA,NOVA,GLU-10 (LED),2,Housekeeping,Luggage Handling,Lifebuoy,Jan-24,LED,QRC
Silver Nova,SSEA-NOVA,SSEA,NOVA,GLU-15 (LED),2,Recycling_Centre,Garbage Room,Metal Densifier ,Jan-24,LED,QRC
Silver Nova,SSEA-NOVA,SSEA,NOVA,GLU-15 (LED),2,Recycling_Centre,Garbage Room,Entrance Door,Jan-24,LED,QRC
Silver Nova,SSEA-NOVA,SSEA,NOVA,GLU-15 (LED),1,Recycling_Centre,Incinerator Room,Martin System Panel,Jan-24,LED,QRC
Silver Nova,SSEA-NOVA,SSEA,NOVA,GLU-15 (LED),1,Recycling_Centre,Incinerator Room,Pre-Screening Units,Jan-24,LED,QRC
Silver Nova,SSEA-NOVA,SSEA,NOVA,GLU-15 (LED),1,Recycling_Centre,Incinerator Room,Bone Crusher,Jan-24,LED,QRC
Silver Nova,SSEA-NOVA,SSEA,NOVA,GLU-15 (LED),0,Recycling_Centre,Incinerator Room,Fire Hydrants,Jan-24,LED,QRC
Silver Nova,SSEA-NOVA,SSEA,NOVA,GLU-15 (LED),0,Recycling_Centre,Incinerator Room,Incinerator Panel,Jan-24,LED,QRC
Silver Nova,SSEA-NOVA,SSEA,NOVA,Vanquish (LED),5,Housekeeping,Crew Day Room,Entrance Door,Jan-24,LED,QRC
Silver Nova,SSEA-NOVA,SSEA,NOVA,Vanquish (LED),5,Housekeeping,Crew Day Room,Fire Hydrant Cabinet,Jan-24,LED,QRC
Silver Nova,SSEA-NOVA,SSEA,NOVA,GLU-15 (LED),4,Housekeeping,Staircase 11,Elevator,Jan-24,LED,QRC
Silver Nova,SSEA-NOVA,SSEA,NOVA,GLU-15 (LED),2,Housekeeping,Luggage Handling,Entrance,Jan-24,LED,QRC
Silver Nova,SSEA-NOVA,SSEA,NOVA,GLU-15 (LED),2,Housekeeping,Luggage Handling,Telephone,Jan-24,LED,QRC
Silver Nova,SSEA-NOVA,SSEA,NOVA,GLU-15 (LED),2,Housekeeping,Corridor ,Staircase 10,Jan-24,LED,QRC
Silver Nova,SSEA-NOVA,SSEA,NOVA,GLU-15 (LED),2,Housekeeping,Corridor ,Dry Store,Jan-24,LED,QRC
Silver Nova,SSEA-NOVA,SSEA,NOVA,GLU-15 (LED),2,Housekeeping,Corridor ,ECR ,Jan-24,LED,QRC
Silver Nova,SSEA-NOVA,SSEA,NOVA,GLU-15 (LED),2,Housekeeping,Corridor ,Garbage Room,Jan-24,LED,QRC
Silver Nova,SSEA-NOVA,SSEA,NOVA,Vanquish (LED),2,Housekeeping,Boarding Area PORT,Sliding Door RHS,Jan-24,LED,QRC
Silver Nova,SSEA-NOVA,SSEA,NOVA,Vanquish (LED),2,Housekeeping,Boarding Area PORT,Embarkation Shell Door,Jan-24,LED,QRC
Silver Nova,SSEA-NOVA,SSEA,NOVA,Vanquish (LED),2,Housekeeping,Boarding Area STBD,Telephone LHS,Jan-24,LED,QRC
Silver Nova,SSEA-NOVA,SSEA,NOVA,Vanquish (LED),2,Housekeeping,Boarding Area STBD,Telephone RHS,Jan-24,LED,QRC
Silver Nova,SSEA-NOVA,SSEA,NOVA,Vanquish (LED),2,Housekeeping,Boarding Area STBD,Technical Room,Jan-24,LED,QRC
Silver Nova,SSEA-NOVA,SSEA,NOVA,GLU-15 (LED),2,Galley,Vegetable Preparation,Elevator (Front),Jul-24,LED,QRC
Silver Nova,SSEA-NOVA,SSEA,NOVA,GLU-15 (LED),2,Galley,Vegetable Preparation,Macerator,Jul-24,LED,QRC
Silver Nova,SSEA-NOVA,SSEA,NOVA,GLU-15 (LED),2,Galley,Vegetable Preparation,Corridor Entrance AFT,Jul-24,LED,QRC
Silver Nova,SSEA-NOVA,SSEA,NOVA,GLU-15 (LED),2,Galley,Vegetable Preparation,Telephone RHS,Jul-24,LED,QRC
Silver Nova,SSEA-NOVA,SSEA,NOVA,GLU-15 (LED),3,Galley,Main Galley,Cold Room 03.05.01,Jul-24,LED,QRC
Silver Ray,SSEA-RAYX,SSEA,RAYX,Wall Fly 1x18w,10,Galley,S.A.L.T. Lab,Corner FWD Port, ,STD,QRC
Silver Ray,SSEA-RAYX,SSEA,RAYX,Wall Fly 1x18w,10,Galley,S.A.L.T. Lab,Corner AFT Port, ,STD,QRC
Silver Ray,SSEA-RAYX,SSEA,RAYX,Wall Fly 1x18w,10,Galley,S.A.L.T. Lab,Exit Aft Stbd Corner, ,STD,QRC
Silver Ray,SSEA-RAYX,SSEA,RAYX,GLU-15 (LED),10,Galley,Grill Galley,AFT Exit by Speaker,Jul-24,LED,QRC
Silver Ray,SSEA-RAYX,SSEA,RAYX,GLU-10 (LED),10,Galley,Grill Galley,By First Aid Kit,Jul-24,LED,QRC
Silver Ray,SSEA-RAYX,SSEA,RAYX,GLU-15 (LED),10,Galley,Grill Galley,Waiter Station STBD,Jul-24,LED,QRC
Silver Ray,SSEA-RAYX,SSEA,RAYX,GLU-10 (LED),5,Galley,Silver Note Galley,Water Mist Alarm,Jul-24,LED,QRC
Silver Ray,SSEA-RAYX,SSEA,RAYX,GLU-10 (LED),5,Galley,Silver Note Galley,Em'cy Exit,Jul-24,LED,QRC
Silver Ray,SSEA-RAYX,SSEA,RAYX,GLU-10 (LED),4,Galley,La Dame Galley,Macerator,Jul-24,LED,QRC
Silver Ray,SSEA-RAYX,SSEA,RAYX,GLU-10 (LED),4,Galley,La Dame Galley,Water Mist Alarm,Jul-24,LED,QRC
Silver Ray,SSEA-RAYX,SSEA,RAYX,GLU-15 (LED),4,Galley,Kaiseki Galley,By Fire Blanket,Jul-24,LED,QRC
Silver Ray,SSEA-RAYX,SSEA,RAYX,GLU-15 (LED),4,Galley,Kaiseki Galley,Macerator (Opp.),Jul-24,LED,QRC
Silver Ray,SSEA-RAYX,SSEA,RAYX,GLU-15 (LED),4,Galley,Kaiseki Galley,Toilet Door ,Jul-24,LED,QRC
Silver Ray,SSEA-RAYX,SSEA,RAYX,GLU-15 (LED),3,Galley,Main Galley,By Cold Room Port/s (03-05-02),Jul-24,LED,QRC
Silver Ray,SSEA-RAYX,SSEA,RAYX,GLU-15 (LED),3,Galley,Main Galley,Pot Wash Aft,Jul-24,LED,QRC
Silver Ray,SSEA-RAYX,SSEA,RAYX,GLU-15 (LED),3,Galley,Main Galley,By Cold Room Stbd/s (03-05-01),Jul-24,LED,QRC
Silver Ray,SSEA-RAYX,SSEA,RAYX,GLU-15 (LED),3,Galley,Corridor to Mooring Station,By Fire Hydrant Cabinet,Jul-24,LED,QRC
Silver Ray,SSEA-RAYX,SSEA,RAYX,GLU-15 (LED),3,Galley,Main Galley,Oven,Jul-24,LED,QRC
Silver Ray,SSEA-RAYX,SSEA,RAYX,GLU-15 (LED),3,Galley,Main Galley,Pastry Preparation,Jul-24,LED,QRC
Silver Ray,SSEA-RAYX,SSEA,RAYX,GLU-15 (LED),3,Galley,Main Galley,Chef Office (Aft),Jul-24,LED,QRC
Silver Ray,SSEA-RAYX,SSEA,RAYX,GLU-15 (LED),3,Galley,Main Galley,Port/s Corridor by Chef Office,Jul-24,LED,QRC
Silver Ray,SSEA-RAYX,SSEA,RAYX,GLU-15 (LED),3,Galley,Atlantide Scullery,MCP by EXIT,Jul-24,LED,QRC
Silver Ray,SSEA-RAYX,SSEA,RAYX,GLU-15 (LED),3,Galley,Atlantide Scullery,Macerator,Jul-24,LED,QRC
Silver Ray,SSEA-RAYX,SSEA,RAYX,GLU-15 (LED),3,Galley,Main Galley,Port/s Corridor by Em'cy Shut Down Push Button,Jul-24,LED,QRC
Silver Ray,SSEA-RAYX,SSEA,RAYX,GLU-15 (LED),2,Galley,Vegetable Preparation ,FWD Entrance By Pot Wash,Jul-24,LED,QRC
Silver Ray,SSEA-RAYX,SSEA,RAYX,GLU-15 (LED),2,Galley,Vegetable Preparation ,By Telephone,Jul-24,LED,QRC
Silver Ray,SSEA-RAYX,SSEA,RAYX,GLU-15 (LED),2,Galley,Vegetable Preparation ,AFT Entrance,Jul-24,LED,QRC
Silver Ray,SSEA-RAYX,SSEA,RAYX,GLU-15 (LED),2,Galley,Crew Galley,Entrance,Jul-24,LED,QRC
Silver Ray,SSEA-RAYX,SSEA,RAYX,GLU-10 (LED),2,Galley,Crew Galley,Macerator,Jul-24,LED,QRC
Silver Ray,SSEA-RAYX,SSEA,RAYX,GLU-15 (LED),2,Galley,Crew Galley,By First Aid Kit,Jul-24,LED,QRC
Silver Ray,SSEA-RAYX,SSEA,RAYX,Vanquish (LED),2,Messes,Crew Mess,Buffet Area - By Portholes,Jul-24,LED,QRC
Silver Ray,SSEA-RAYX,SSEA,RAYX,Vanquish (LED),2,Messes,Crew Mess,Service Line,Jul-24,LED,QRC
Silver Ray,SSEA-RAYX,SSEA,RAYX,Vanquish (LED),2,Messes,Crew Mess,FWD Entrance,Jul-24,LED,QRC
Silver Ray,SSEA-RAYX,SSEA,RAYX,Vanquish (LED),2,Messes,Crew Mess,FWD Portholes,Jul-24,LED,QRC
Silver Ray,SSEA-RAYX,SSEA,RAYX,Vanquish (LED),2,Messes,Crew Mess,AFT Portholes,Jul-24,LED,QRC
Silver Ray,SSEA-RAYX,SSEA,RAYX,Vanquish (LED),2,Messes,Crew Mess,Clearing Stations (Bins),Jul-24,LED,QRC
Silver Ray,SSEA-RAYX,SSEA,RAYX,GLU-10 (LED),2,Provisions,Stbd/s Provision Shell Door,By Talk Back Em'cy Phone,Jul-24,LED,QRC
Silver Ray,SSEA-RAYX,SSEA,RAYX,GLU-15 (LED),2,Provisions,Stbd/s Provision Shell Door,By Lifebuoy,Jul-24,LED,QRC
Silver Ray,SSEA-RAYX,SSEA,RAYX,GLU-10 (LED),2,Provisions,Port/s Provision Shell Door,By Lifebuoy,Jul-24,LED,QRC
Silver Ray,SSEA-RAYX,SSEA,RAYX,GLU-15 (LED),2,Provisions,Port/s Provision Shell Door,Shell Door Control Panel,Jul-24,LED,QRC
Silver Ray,SSEA-RAYX,SSEA,RAYX,GLU-15 (LED),1,Provisions,Corridor,Crew Elevators ,Jul-24,LED,QRC
Silver Ray,SSEA-RAYX,SSEA,RAYX,GLU-15 (LED),1,Provisions,Corridor,By WTD,Jul-24,LED,QRC
Silver Ray,SSEA-RAYX,SSEA,RAYX,GLU-15 (LED),1,Provisions,Staircase 11,Gauge Indicators,Jul-24,LED,QRC
Silver Ray,SSEA-RAYX,SSEA,RAYX,Wall Fly 1x18w,10,Bars,S.A.L.T. Bar,Air Lock FWD, ,STD,QRC
Silver Ray,SSEA-RAYX,SSEA,RAYX,Wall Fly 1x18w,10,Bars,S.A.L.T. Bar,Air Lock Aft, ,STD,QRC
Silver Ray,SSEA-RAYX,SSEA,RAYX,GLU-10 (LED),10,Bars,Dusk Bar ,Pantry,Jul-24,LED,QRC
Silver Ray,SSEA-RAYX,SSEA,RAYX,GLU-15 (LED),5,Bars,Panorama Lounge,Pantry,Jul-24,LED,QRC
Silver Ray,SSEA-RAYX,SSEA,RAYX,Vanquish (LED),5,Bars,Crew Bar,By Pantry Entrance ,Jul-24,LED,QRC
Silver Ray,SSEA-RAYX,SSEA,RAYX,Vanquish (LED),5,Bars,Crew Bar,By Weather Door,Jul-24,LED,QRC
Silver Ray,SSEA-RAYX,SSEA,RAYX,Wall Fly 1x18w,5,Bars,Panorama Lounge,Air Lock AFT, ,STD,QRC
Silver Ray,SSEA-RAYX,SSEA,RAYX,GLU-10 (LED),10,Restaurant,S.A.L.T. Pantry,FWD Entrance (Speaker),Jul-24,LED,QRC
Silver Ray,SSEA-RAYX,SSEA,RAYX,GLU-10 (LED),10,Restaurant,S.A.L.T. Pantry,AFT Entrance (Speaker),Jul-24,LED,QRC
Silver Ray,SSEA-RAYX,SSEA,RAYX,Wall Fly 1x18w,4,Restaurant,La Terrazza,Air Lock Port/s, ,STD,QRC
Silver Ray,SSEA-RAYX,SSEA,RAYX,Wall Fly 1x18w,4,Restaurant,La Terrazza,Stbd/s Coffee Area, ,STD,QRC
Silver Ray,SSEA-RAYX,SSEA,RAYX,Vanquish (LED),4,Restaurant,La Dame ,Waiter Station,Jul-24,LED,QRC
Silver Ray,SSEA-RAYX,SSEA,RAYX,Vanquish (LED),4,Restaurant,Kaiseki ,MCP by Em'cy Exit,Jul-24,LED,QRC
Silver Ray,SSEA-RAYX,SSEA,RAYX,Vanquish (LED),4,Restaurant,La Terrazza,Corridor - Service Line to Galley,Jul-24,LED,QRC
Silver Ray,SSEA-RAYX,SSEA,RAYX,Vanquish (LED),4,Restaurant,La Terrazza,Air Lock AFT,Jul-24,LED,QRC
Silver Ray,SSEA-RAYX,SSEA,RAYX,GLU-15 (LED),3,Restaurant,Atlantide Pantry,By Hand Wash Station,Jul-24,LED,QRC
Silver Ray,SSEA-RAYX,SSEA,RAYX,GLU-15 (LED),2,Garbage,Garbage Handling Room,Sorting Table by Shredder,Jul-24,LED,QRC
Silver Ray,SSEA-RAYX,SSEA,RAYX,GLU-15 (LED),2,Garbage,Garbage Handling Room,Above FD 02-3-30- Eng. Stairs,Jul-24,LED,QRC
Silver Ray,SSEA-RAYX,SSEA,RAYX,GLU-15 (LED),1,Garbage,Incinerator Room,By Bone Crusher,Jul-24,LED,QRC
Silver Ray,SSEA-RAYX,SSEA,RAYX,GLU-15 (LED),1,Garbage,Incinerator Room,By MAGS Shredder Control Panel,Jul-24,LED,QRC
Silver Ray,SSEA-RAYX,SSEA,RAYX,GLU-15 (LED),0,Garbage,Incinerator Room,By Fire Hydrant H00-13,Jul-24,LED,QRC
Silver Ray,SSEA-RAYX,SSEA,RAYX,GLU-15 (LED),0,Garbage,Incinerator Room,Corridor by SCANSHIP Incinerator,Jul-24,LED,QRC
Silver Ray,SSEA-RAYX,SSEA,RAYX,Vanquish (LED),5,Housekeeping,Crew Day Room,Entrance,Jul-24,LED,QRC
Silver Ray,SSEA-RAYX,SSEA,RAYX,Vanquish (LED),5,Housekeeping,Crew Day Room,Fire Hydrant Cabinet,Jul-24,LED,QRC
Silver Ray,SSEA-RAYX,SSEA,RAYX,GLU-15 (LED),4,Housekeeping,Staircase 11,Elevators,Jul-24,LED,QRC
Silver Ray,SSEA-RAYX,SSEA,RAYX,GLU-15 (LED),3,Housekeeping,Staircase 11,Elevators,Jul-24,LED,QRC
Silver Ray,SSEA-RAYX,SSEA,RAYX,GLU-15 (LED),2,Housekeeping,Aft Elevator Lobby,Crew Elevators,Jul-24,LED,QRC
Silver Ray,SSEA-RAYX,SSEA,RAYX,GLU-15 (LED),2,Housekeeping,I-95 AFT,Staircase 10,Jul-24,LED,QRC
Silver Ray,SSEA-RAYX,SSEA,RAYX,GLU-15 (LED),2,Housekeeping,I-95 AFT,In front of Dry Store,Jul-24,LED,QRC
Silver Ray,SSEA-RAYX,SSEA,RAYX,GLU-15 (LED),2,Housekeeping,I-95 AFT,In front of ECR,Jul-24,LED,QRC
Silver Ray,SSEA-RAYX,SSEA,RAYX,GLU-15 (LED),2,Housekeeping,I-95 MID,In front of Garbage Handling Room,Jul-24,LED,QRC
Silver Ray,SSEA-RAYX,SSEA,RAYX,Vanquish (LED),2,Housekeeping,Port/s Boardig Area,By Em'cy Exit IMO Sign,Jul-24,LED,QRC
Silver Ray,SSEA-RAYX,SSEA,RAYX,Vanquish (LED),2,Housekeeping,Port/s Boardig Area,By Lifebuoy and Fire Plan,Jul-24,LED,QRC
Silver Ray,SSEA-RAYX,SSEA,RAYX,Vanquish (LED),2,Housekeeping,Stbd/s Boarding Area,By FD 02-3-21 - Tech. Room,Jul-24,LED,QRC
Silver Ray,SSEA-RAYX,SSEA,RAYX,Vanquish (LED),2,Housekeeping,Stbd/s Boarding Area,By ADA Toilet,Jul-24,LED,QRC
Silver Ray,SSEA-RAYX,SSEA,RAYX,Vanquish (LED),2,Housekeeping,Stbd/s Boarding Area,By Talk Back Em'cy Phone,Jul-24,LED,QRC
Silver Ray,SSEA-RAYX,SSEA,RAYX,Vanquish (LED),2,Housekeeping,Stbd/s Boarding Area,By Gangway Crane Cabinet,Jul-24,LED,QRC
Silver Ray,SSEA-RAYX,SSEA,RAYX,GLU-15 (LED),2,Housekeeping,Luggage Handling,By WTD,Jul-24,LED,QRC
Silver Ray,SSEA-RAYX,SSEA,RAYX,GLU-10 (LED),2,Housekeeping,Luggage Handling,By Lifebuoy,Jul-24,LED,QRC
Silver Ray,SSEA-RAYX,SSEA,RAYX,GLU-15 (LED),2,Housekeeping,Luggage Handling,By Shell Door,Jul-24,LED,QRC
Silver Ray,SSEA-RAYX,SSEA,RAYX,GLU-15 (LED),2,Technical,Spare Parts Shell Door,By Novec panel,Jul-24,LED,QRC
Silver Ray,SSEA-RAYX,SSEA,RAYX,GLU-15 (LED),2,Technical,Spare Parts Shell Door,By Lifebuoy,Jul-24,LED,QRC
Silver Endeavour,SSEA-SEND,SSEA,SEND,Luminos 3,5,Galley,Solarium,Dirty Area, ,STD,QRC
Silver Endeavour,SSEA-SEND,SSEA,SEND,Luminos 3,4,Galley,Main Galley,Bins FWD, ,STD,QRC
Silver Endeavour,SSEA-SEND,SSEA,SEND,Luminos 3,4,Galley,Main Galley,Ice Machine, ,STD,QRC
Silver Endeavour,SSEA-SEND,SSEA,SEND,Luminos 3,3,Galley,Crew Galley,Corridor, ,STD,QRC
Silver Endeavour,SSEA-SEND,SSEA,SEND,Luminos 3,3,Messes,Crew Mess,Clock, ,STD,QRC
Silver Endeavour,SSEA-SEND,SSEA,SEND,Luminos 3,3,Provisions,Loading Area,Bulkhead PORT, ,STD,QRC
Silver Endeavour,SSEA-SEND,SSEA,SEND,Luminos 3,3,Provisions,Loading Area,Bulkhead STBD, ,STD,QRC
Silver Endeavour,SSEA-SEND,SSEA,SEND,Luminos 3,3,Provisions,Corridor,Veg Freezer Room AFT, ,STD,QRC
Silver Endeavour,SSEA-SEND,SSEA,SEND,Luminos 3,3,Provisions,Corridor,Fruit & Veg AFT, ,STD,QRC
Silver Endeavour,SSEA-SEND,SSEA,SEND,Luminos 3,3,Provisions,Luggage Handling,Bulkhead FWD PORT , ,STD,QRC
Silver Endeavour,SSEA-SEND,SSEA,SEND,Luminos 3,10,Bars,Sun Deck,Pantry, ,STD,QRC
Silver Endeavour,SSEA-SEND,SSEA,SEND,Luminos 3,9,Bars,Obsevation Bar,Pantry, ,STD,QRC
Silver Endeavour,SSEA-SEND,SSEA,SEND,Aura,9,Bars,Observation Lounge,Airlock PORT FWD, ,STD,QRC
Silver Endeavour,SSEA-SEND,SSEA,SEND,Aura,9,Bars,Observation Lounge,Airlock PORT AFT, ,STD,QRC
Silver Endeavour,SSEA-SEND,SSEA,SEND,Aura,9,Bars,Observation Lounge,Airlock STBD FWD, ,STD,QRC
Silver Endeavour,SSEA-SEND,SSEA,SEND,Aura,9,Bars,Observation Lounge,Airlock STBD AFT, ,STD,QRC
Silver Endeavour,SSEA-SEND,SSEA,SEND,Aura,8,Bars,Meeting Lounge,Airlock, ,STD,QRC
Silver Endeavour,SSEA-SEND,SSEA,SEND,Luminos 3,6,Bars,Pantry FWD STBD,PORT MID, ,STD,QRC
Silver Endeavour,SSEA-SEND,SSEA,SEND,Luminos 3,5,Bars,Bistro Galley,Pantry, ,STD,QRC
Silver Endeavour,SSEA-SEND,SSEA,SEND,Aura,4,Bars,Shell Door STBD,Entrance, ,STD,QRC
Silver Endeavour,SSEA-SEND,SSEA,SEND,Luminos 3,4,Bars,Crew Bar,Exit, ,STD,QRC
Silver Endeavour,SSEA-SEND,SSEA,SEND,Aura,5,Restaurant,Solarium,Entrance PORT, ,STD,QRC
Silver Endeavour,SSEA-SEND,SSEA,SEND,Aura,5,Restaurant,Solarium,Sliding Door STBD, ,STD,QRC
Silver Endeavour,SSEA-SEND,SSEA,SEND,Aura,5,Restaurant,Solarium,Sliding Door PORT , ,STD,QRC
Silver Endeavour,SSEA-SEND,SSEA,SEND,Aura,4,Restaurant,Waterside,Service Area AFT, ,STD,QRC
Silver Endeavour,SSEA-SEND,SSEA,SEND,Luminos 3,3,Garbage,Garbage Room,Glass Crusher, ,STD,QRC
Silver Endeavour,SSEA-SEND,SSEA,SEND,Luminos 3,3,Garbage,Garbage Room,Sorting Table, ,STD,QRC
Silver Endeavour,SSEA-SEND,SSEA,SEND,Aura,9,Housekeeping,Airlocker, Staircase PORT MID, ,STD,QRC
Silver Endeavour,SSEA-SEND,SSEA,SEND,Aura,9,Housekeeping,Airlocker, Staircase STBD MID, ,STD,QRC
Silver Endeavour,SSEA-SEND,SSEA,SEND,Aura,7,Housekeeping, Cabin 772 AFT,Airlock, ,STD,QRC
Silver Endeavour,SSEA-SEND,SSEA,SEND,Luminos 3,7,Housekeeping,Crew Staircase,PORT MID, ,STD,QRC
Silver Endeavour,SSEA-SEND,SSEA,SEND,Aura,5,Housekeeping,Guest Staircase,Airlock PORT, ,STD,QRC
Silver Endeavour,SSEA-SEND,SSEA,SEND,Aura,5,Housekeeping,Guest Staircase,Airlock STBD, ,STD,QRC
Silver Endeavour,SSEA-SEND,SSEA,SEND,Luminos 3,5,Housekeeping,Crew Staircase,Entrance, ,STD,QRC
Silver Endeavour,SSEA-SEND,SSEA,SEND,Aura,5,Housekeeping,Passenger Gym,Exit AFT, ,STD,QRC
Silver Endeavour,SSEA-SEND,SSEA,SEND,Aura,4,Housekeeping,Shell Door PORT,Entrance, ,STD,QRC
Silver Endeavour,SSEA-SEND,SSEA,SEND,Aura,3,Housekeeping,Mud Room PORT,Television, ,STD,QRC
Silver Endeavour,SSEA-SEND,SSEA,SEND,Aura,3,Housekeeping,Mud Room STBD,Clock, ,STD,QRC
Silver Endeavour,SSEA-SEND,SSEA,SEND,Aura,8,Butler,Butler Pantry MID,Entrance, ,STD,QRC
Silver Endeavour,SSEA-SEND,SSEA,SEND,Aura,7,Butler,Butler Pantry MID,Entrance, ,STD,QRC
Silver Endeavour,SSEA-SEND,SSEA,SEND,Luminos 3,6,Butler,Butler Pantry,Entrance, ,STD,QRC
Silver Endeavour,SSEA-SEND,SSEA,SEND,Aura,5,Deck,Mooring Station,Crew Door FWD, ,STD,QRC
Silver Endeavour,SSEA-SEND,SSEA,SEND,Luminos 3,5,Deck,Crew Staircase,Bulkhead FWD STBD , ,STD,QRC
Silver Shadow,SSEA-SHAD,SSEA,SHAD,GLU-60,8,Galley,Pool Grill,Pantry (Bins), ,STD,QRC
Silver Shadow,SSEA-SHAD,SSEA,SHAD,Vanquish (LED),8,Galley,Pool Grill,Pantry-External Service Entrance,Jan-25,LED,QRC
Silver Shadow,SSEA-SHAD,SSEA,SHAD,GLU-60,7,Galley,Terrace,Back of House FWD, ,STD,QRC
Silver Shadow,SSEA-SHAD,SSEA,SHAD,GLU-60,7,Galley,Terrace,Staircase Entrance, ,STD,QRC
Silver Shadow,SSEA-SHAD,SSEA,SHAD,GLU-60,7,Galley,Terrazza,Buffet, ,STD,QRC
Silver Shadow,SSEA-SHAD,SSEA,SHAD,GLU-60,4,Galley,Main Galley,Entrance PORT, ,STD,QRC
Silver Shadow,SSEA-SHAD,SSEA,SHAD,GLU-60,4,Galley,Main Galley,Pot Wash PORT, ,STD,QRC
Silver Shadow,SSEA-SHAD,SSEA,SHAD,GLU-60,4,Galley,Main Galley,Bulkead STBD, ,STD,QRC
Silver Shadow,SSEA-SHAD,SSEA,SHAD,GLU-60,4,Galley,Main Galley,Dish Wash PORT, ,STD,QRC
Silver Shadow,SSEA-SHAD,SSEA,SHAD,GLU-60,4,Galley,Main Galley,Co2 Extinguisher STBD, ,STD,QRC
Silver Shadow,SSEA-SHAD,SSEA,SHAD,GLU-60,3,Stores,Loading Area,Bulkhead PORT, ,STD,QRC
Silver Shadow,SSEA-SHAD,SSEA,SHAD,GLU-60,3,Stores,Loading Area,Bulkhead STBD, ,STD,QRC
Silver Shadow,SSEA-SHAD,SSEA,SHAD,GLU-60,3,Stores,Dry Store,Main Dry Store (Outside), ,STD,QRC
Silver Shadow,SSEA-SHAD,SSEA,SHAD,Vanquish (LED),8,Bars,Pool Bar Pantry,Wash Hand Basin,Jan-25,LED,QRC
Silver Shadow,SSEA-SHAD,SSEA,SHAD,GLU-60,3,Bars,Crew Bar,Entrance, ,STD,QRC
Silver Shadow,SSEA-SHAD,SSEA,SHAD,GLU-60,7,Restaurant,Terrace,Facing Elevator, ,STD,QRC
Silver Shadow,SSEA-SHAD,SSEA,SHAD,GLU-60,7,Restaurant,Terrace,Corridor AFT, ,STD,QRC
Silver Shadow,SSEA-SHAD,SSEA,SHAD,GLU-60,7,Restaurant,Terrazza,Buffet Line (Rear), ,STD,QRC
Silver Shadow,SSEA-SHAD,SSEA,SHAD,GLU-60,3,Restaurant,Officers Mess,Bulkhead PORT, ,STD,QRC
Silver Shadow,SSEA-SHAD,SSEA,SHAD,GLU-60,3,Restaurant,Crew Mess,Drink Counter, ,STD,QRC
Silver Shadow,SSEA-SHAD,SSEA,SHAD,GLU-60,3,Incinerator,Garbage,Entrance, ,STD,QRC
Silver Spirit,SSEA-SPIR,SSEA,SPIR,GLU-60,10,Galley,Spaccanopli Pizzeria,Pantry Entrance, ,STD,QRC
Silver Spirit,SSEA-SPIR,SSEA,SPIR,GLU-60,4,Galley,Main Galley,Bakery, ,STD,QRC
Silver Spirit,SSEA-SPIR,SSEA,SPIR,GLU-60,4,Galley,Veg. Preparation,Bulkhead AFT, ,STD,QRC
Silver Spirit,SSEA-SPIR,SSEA,SPIR,GLU-60,9,Stores,Pool Bar,Entrance, ,STD,QRC
Silver Spirit,SSEA-SPIR,SSEA,SPIR,GLU-60,3,Stores,Loading corridor,Shell Door PORT, ,STD,QRC
Silver Spirit,SSEA-SPIR,SSEA,SPIR,GLU-60,3,Stores,Loading corridor,Bulkhead AFT PORT, ,STD,QRC
Silver Spirit,SSEA-SPIR,SSEA,SPIR,GLU-60,3,Stores,Loading corridor,Bulkhead AFT STBD, ,STD,QRC
Silver Spirit,SSEA-SPIR,SSEA,SPIR,Wall Fly 1x18w,7,Restaurant,La Terazza Rest.,Dirty Area STBD, ,STD,QRC
Silver Spirit,SSEA-SPIR,SSEA,SPIR,Wall Fly 1x18w,7,Restaurant,La Terazza Rest.,Servicing Station PORT, ,STD,QRC
Silver Spirit,SSEA-SPIR,SSEA,SPIR,Wall Fly 1x18w,7,Restaurant,La Terazza Rest.,Servery Bulkhead (Inboard), ,STD,QRC
Silver Spirit,SSEA-SPIR,SSEA,SPIR,Wall Fly 1x18w,7,Restaurant,La Terazza Rest.,Severy Bulkhead AFT, ,STD,QRC
Silver Spirit,SSEA-SPIR,SSEA,SPIR,GLU-60,3,Restaurant,Officers/PO Mess,Bulkhead FWD, ,STD,QRC
Silver Spirit,SSEA-SPIR,SSEA,SPIR,GLU-60,3,Restaurant,Officers/PO Mess,Plate Scrape, ,STD,QRC
Silver Spirit,SSEA-SPIR,SSEA,SPIR,GLU-60,3,Restaurant,Crew Mess,Plate Scrape, ,STD,QRC
Silver Spirit,SSEA-SPIR,SSEA,SPIR,GLU-60,3,Incinerator,Incinerator,Entrance, ,STD,QRC
Silver Spirit,SSEA-SPIR,SSEA,SPIR,GLU-60,3,Incinerator,Incinerator,Sorting Table, ,STD,QRC
Silver Spirit,SSEA-SPIR,SSEA,SPIR,GLU-60,5,Deck,Corridor AFT,Crew Door (Open Deck), ,STD,QRC
Silver Spirit,SSEA-SPIR,SSEA,SPIR,GLU-60,4,Deck,Corridor AFT,Crew Bar (Opposite), ,STD,QRC
Silver Whisper,SSEA-WHIS,SSEA,WHIS,GLU-60,8,Galley,Pool Grill,Pantry, ,STD,QRC
Silver Whisper,SSEA-WHIS,SSEA,WHIS,Wall Fly Stainless (LED),7,Galley,Terrace Galley,Fridge,Jul-24,LED,QRC
Silver Whisper,SSEA-WHIS,SSEA,WHIS,GLU-60,7,Galley,Terrace Galley,Service Line (Behind), ,STD,QRC
Silver Whisper,SSEA-WHIS,SSEA,WHIS,GLU-60,4,Galley,Main Galley,Dish Wash PORT, ,STD,QRC
Silver Whisper,SSEA-WHIS,SSEA,WHIS,GLU-60,4,Galley,Main Galley,Co2 STBD, ,STD,QRC
Silver Whisper,SSEA-WHIS,SSEA,WHIS,GLU-60,4,Galley,Main Galley,Cold Galley STBD, ,STD,QRC
Silver Whisper,SSEA-WHIS,SSEA,WHIS,GLU-60,4,Galley,Main Galley,Chef Office, ,STD,QRC
Silver Whisper,SSEA-WHIS,SSEA,WHIS,GLU-60,3,Stores,Loading Area,Main Dry Store, ,STD,QRC
Silver Whisper,SSEA-WHIS,SSEA,WHIS,GLU-90,3,Stores,Loading Area,Shell Door PORT, ,STD,QRC
Silver Whisper,SSEA-WHIS,SSEA,WHIS,GLU-60,3,Stores,Loading Area,Shell Door STBD, ,STD,QRC
Silver Whisper,SSEA-WHIS,SSEA,WHIS,GLU-60,7,Restaurant,Terrace Galley,Front Elevator, ,STD,QRC
Silver Whisper,SSEA-WHIS,SSEA,WHIS,GLU-60,3,Restaurant,Crew Mess,Service Line (Opposite), ,STD,QRC
Silver Whisper,SSEA-WHIS,SSEA,WHIS,GLU-60,3,Restaurant,Crew Bar,Door (Behind), ,STD,QRC
Silver Whisper,SSEA-WHIS,SSEA,WHIS,GLU-60,3,Restaurant,Officers Mess,Entrance, ,STD,QRC
Silver Whisper,SSEA-WHIS,SSEA,WHIS,GLU-60,3,Garbage,Incinerator Rm,Entrance, ,STD,QRC
Silver Whisper,SSEA-WHIS,SSEA,WHIS,GLU-60,2,Garbage,Incinerator Rm,Pulper, ,STD,QRC
Silver Wind,SSEA-WIND,SSEA,WIND,GLU-60,8,Galley,Pool Grill,Pantry, ,STD,QRC
Silver Wind,SSEA-WIND,SSEA,WIND,GLU-60,7,Galley,La Terrazza ,Plate Wash (Opposite), ,STD,QRC
Silver Wind,SSEA-WIND,SSEA,WIND,GLU-60,4,Galley,Plate Wash,Bins, ,STD,QRC
Silver Wind,SSEA-WIND,SSEA,WIND,GLU-60,4,Galley,Cold Galley,Notice Board, ,STD,QRC
Silver Wind,SSEA-WIND,SSEA,WIND,GLU-60,4,Galley,Bakery,Hobart Oven, ,STD,QRC
Silver Wind,SSEA-WIND,SSEA,WIND,GLU-60,3,Messes,Crew Mess,Entrance AFT, ,STD,QRC
Silver Wind,SSEA-WIND,SSEA,WIND,GLU-60,3,Messes,Corridor,Mess Entrance STBD, ,STD,QRC
Silver Wind,SSEA-WIND,SSEA,WIND,GLU-60,3,Messes,Off. Mess,Bins, ,STD,QRC
Silver Wind,SSEA-WIND,SSEA,WIND,GLU-60,3,Provisions,Crew Corridor STBD,Liquor Store, ,STD,QRC
Silver Wind,SSEA-WIND,SSEA,WIND,GLU-60,2,Provisions,Provisions,Lifting Platform (Opp), ,STD,QRC
Silver Wind,SSEA-WIND,SSEA,WIND,GLU-60,8,Bars,Pool Bar,Entrance PORT, ,STD,QRC
Silver Wind,SSEA-WIND,SSEA,WIND,GLU-60,8,Bars,Panorama Lounge,Staircase-Pantry Entrance, ,STD,QRC
Silver Wind,SSEA-WIND,SSEA,WIND,GLU-60,5,Bars,Main Bar,Pantry, ,STD,QRC
Silver Wind,SSEA-WIND,SSEA,WIND,GLU-60,3,Bars,Crew Bar,Bulkhead STBD, ,STD,QRC
Silver Wind,SSEA-WIND,SSEA,WIND,Fly Shield 2,7,Restaurant,La Terrazza ,Buffet AFT, ,STD,QRC
Silver Wind,SSEA-WIND,SSEA,WIND,Fly Shield 1,4,Restaurant, Galley ,Entrance PORT, ,STD,QRC
Silver Wind,SSEA-WIND,SSEA,WIND,Fly Shield 1,4,Restaurant, Galley,Entrance STBD, ,STD,QRC
Silver Wind,SSEA-WIND,SSEA,WIND,GLU-60,3,Incinerator,Cold Room,Inside, ,STD,QRC
Silver Wind,SSEA-WIND,SSEA,WIND,GLU-90,3,Incinerator,Incinerator Room,Door RHS, ,STD,QRC
Silver Wind,SSEA-WIND,SSEA,WIND,GLU-60,3,Incinerator,Incinerator Room,Entrance, ,STD,QRC
Silver Wind,SSEA-WIND,SSEA,WIND,GLU-60,3,Incinerator,Cold Room,Entrance, ,STD,QRC
Silver Wind,SSEA-WIND,SSEA,WIND,Fly Shield 2,5,Housekeeping,Lobby,Entrance PORT, ,STD,QRC
Silver Wind,SSEA-WIND,SSEA,WIND,Fly Shield 2,5,Housekeeping,Lobby,Entrance STBD, ,STD,QRC
Silver Wind,SSEA-WIND,SSEA,WIND,Fly Shield 2,3,Deck,Gangway STBD,Infirmary Entrance, ,STD,QRC
Silver Wind,SSEA-WIND,SSEA,WIND,GLU-60,3,Deck,PORT,Staircase 7, ,STD,QRC
SH Diana,SWAN-DIAN,SWAN,DIAN,GLU-60,7,Galley,Club Lounge,Dish Wash, ,STD,QRC
SH Diana,SWAN-DIAN,SWAN,DIAN,GLU-60,7,Galley,Club Lounge Galley,Entrance, ,STD,QRC
SH Diana,SWAN-DIAN,SWAN,DIAN,GLU-60,4,Galley,Main Galley,Dish Wash, ,STD,QRC
SH Diana,SWAN-DIAN,SWAN,DIAN,GLU-60,4,Galley,Main Galley,Chef Office, ,STD,QRC
SH Diana,SWAN-DIAN,SWAN,DIAN,GLU-60,3,Galley,Butchers,Bandsaw, ,STD,QRC
SH Diana,SWAN-DIAN,SWAN,DIAN,GLU-60,3,Galley,Bakery,Oven, ,STD,QRC
SH Diana,SWAN-DIAN,SWAN,DIAN,GLU-60,3,Messes,Crew Mess,Scullery Pot Wash, ,STD,QRC
SH Diana,SWAN-DIAN,SWAN,DIAN,GLU-60,2,Provisions,Corridor,Square, ,STD,QRC
SH Diana,SWAN-DIAN,SWAN,DIAN,GLU-60,2,Provisions,Corridor,Water Fountain, ,STD,QRC
SH Diana,SWAN-DIAN,SWAN,DIAN,GLU-60,7,Bars,Observation Lounge,Bar Pantry, ,STD,QRC
SH Vega,SWAN-VEGA,SWAN,VEGA,GLU-60,7,Galley,Club Lounge,Dish Wash Entrance, ,STD,QRC
SH Vega,SWAN-VEGA,SWAN,VEGA,GLU-60,4,Galley,Main Galley,Entrance, ,STD,QRC
SH Vega,SWAN-VEGA,SWAN,VEGA,GLU-60,4,Galley,Main Galley,Chef Office, ,STD,QRC
SH Vega,SWAN-VEGA,SWAN,VEGA,GLU-60,3,Galley,Butchers,Entrance, ,STD,QRC
SH Vega,SWAN-VEGA,SWAN,VEGA,GLU-60,3,Galley,Bakery,Pot Wash, ,STD,QRC
SH Vega,SWAN-VEGA,SWAN,VEGA,GLU-60,2,Galley,Thawing Room,Entrance (Outside), ,STD,QRC
SH Vega,SWAN-VEGA,SWAN,VEGA,GLU-60,3,Messes,Crew Mess,Pantry, ,STD,QRC
SH Vega,SWAN-VEGA,SWAN,VEGA,GLU-60,2,Provisions,Bev & Wine,Loading Area, ,STD,QRC
Viking Octantis,VEXP-OCTA,VEXP,OCTA,GLU-60,6,Galley,Crew Staircase AFT,Landing, ,STD,QRC
Viking Octantis,VEXP-OCTA,VEXP,OCTA,GLU-60,6,Galley,Crew Smoking Area,Staircase Landing, ,STD,QRC
Viking Octantis,VEXP-OCTA,VEXP,OCTA,GLU-60,5,Galley,World Café,Pot Wash: 3 Comp. Sink, ,STD,QRC
Viking Octantis,VEXP-OCTA,VEXP,OCTA,GLU-60,5,Galley,World Café,Dishwash - FSD 5.4.03, ,STD,QRC
Viking Octantis,VEXP-OCTA,VEXP,OCTA,GLU-60,5,Galley,World Café,Dishwash: Hand Wash LHS, ,STD,QRC
Viking Octantis,VEXP-OCTA,VEXP,OCTA,GLU-60,5,Galley,Mamsens,Entrance (Utility Sink), ,STD,QRC
Viking Octantis,VEXP-OCTA,VEXP,OCTA,GLU-60,1,Galley,Main Galley,Main Dishwash Porthole, ,STD,QRC
Viking Octantis,VEXP-OCTA,VEXP,OCTA,GLU-60,1,Galley,Butcher Room,Entrance Door, ,STD,QRC
Viking Octantis,VEXP-OCTA,VEXP,OCTA,GLU-60,1,Galley,Butcher Room,Water Fountain LHS, ,STD,QRC
Viking Octantis,VEXP-OCTA,VEXP,OCTA,GLU-60,1,Galley,Crew Galley,Hand Wash Basin, ,STD,QRC
Viking Octantis,VEXP-OCTA,VEXP,OCTA,GLU-60,1,Messes,Crew Mess,Dishwash Dirty Side, ,STD,QRC
Viking Octantis,VEXP-OCTA,VEXP,OCTA,GLU-60,1,Messes,Crew Mess,Dishwash Clean side, ,STD,QRC
Viking Octantis,VEXP-OCTA,VEXP,OCTA,GLU-60,1,Restaurant,Dishwash Area,Restaurant  Entrance STBD, ,STD,QRC
Viking Octantis,VEXP-OCTA,VEXP,OCTA,GLU-60,1,Restaurant,Dishwash Area,Manfredis Entrance PORT, ,STD,QRC
Viking Octantis,VEXP-OCTA,VEXP,OCTA,GLU-60,1,Restaurant,Manfredis,Dishwash Porthole, ,STD,QRC
Viking Octantis,VEXP-OCTA,VEXP,OCTA,GLU-60,1,Restaurant, Corridor,FSD 1.3.12 STBD, ,STD,QRC
Viking Octantis,VEXP-OCTA,VEXP,OCTA,Fusion 2,1,Restaurant, Corridor,Crew Toilet LHS PORT, ,STD,QRC
Viking Octantis,VEXP-OCTA,VEXP,OCTA,GLU-60,5,Restaurant,World Café Corridor,FSD 5.3.18 PORT, ,STD,QRC
Viking Octantis,VEXP-OCTA,VEXP,OCTA,GLU-60,5,Restaurant,World Café Corridor,FSD 5.4.08 PORT, ,STD,QRC
Viking Octantis,VEXP-OCTA,VEXP,OCTA,Fly Shield 1,5,Restaurant,World Café,JB Water Mister, ,STD,QRC
Viking Octantis,VEXP-OCTA,VEXP,OCTA,Fusion 4,A,Provisions,Loading Area,Shell Door  STBD, ,STD,QRC
Viking Octantis,VEXP-OCTA,VEXP,OCTA,Fusion 4,A,Provisions,Loading Area,Shell Door PORT, ,STD,QRC
Viking Octantis,VEXP-OCTA,VEXP,OCTA,GLU-60,A,Provisions,Corridor,Corridor End Fwd., ,STD,QRC
Viking Octantis,VEXP-OCTA,VEXP,OCTA,GLU-60,A,Provisions,Corridor,Veg. Prep Room, ,STD,QRC
Viking Octantis,VEXP-OCTA,VEXP,OCTA,GLU-60,A,Provisions,Corridor,Door A.4.11 PORT, ,STD,QRC
Viking Octantis,VEXP-OCTA,VEXP,OCTA,GLU-90,A,Garbage,Garbage Room,Shredder, ,STD,QRC
Viking Octantis,VEXP-OCTA,VEXP,OCTA,GLU-60,A,Garbage,Garbage Room,Bagging Area, ,STD,QRC
Viking Octantis,VEXP-OCTA,VEXP,OCTA,GLU-60,A,Engine,I-95,Outside Garbage Room , ,STD,QRC
Viking Octantis,VEXP-OCTA,VEXP,OCTA,GLU-60,A,Engine,I-95,Engine Office , ,STD,QRC
Viking Octantis,VEXP-OCTA,VEXP,OCTA,GLU-60,A,Engine,I-95,Carpenter Workshop , ,STD,QRC
Viking Octantis,VEXP-OCTA,VEXP,OCTA,Fusion 2,A,Housekeeping,  Loading Area,Luggage Shell Door, ,STD,QRC
Viking Polaris,VEXP-POLA,VEXP,POLA,GLU-60,6,Galley,Dk6 Aft,Crew Staircase, ,STD,QRC
Viking Polaris,VEXP-POLA,VEXP,POLA,GLU-60,5,Galley,World Café,Pot Wash, ,STD,QRC
Viking Polaris,VEXP-POLA,VEXP,POLA,GLU-60,5,Galley,World Café,Clean Entrance, ,STD,QRC
Viking Polaris,VEXP-POLA,VEXP,POLA,GLU-60,5,Galley,World Café,Dishwash, ,STD,QRC
Viking Polaris,VEXP-POLA,VEXP,POLA,GLU-60,1,Galley,Main Galley,Entrance Door STBD, ,STD,QRC
Viking Polaris,VEXP-POLA,VEXP,POLA,GLU-60,1,Galley,Main Galley,Entrance PORT, ,STD,QRC
Viking Polaris,VEXP-POLA,VEXP,POLA,GLU-60,1,Galley,Butchers,Bins, ,STD,QRC
Viking Polaris,VEXP-POLA,VEXP,POLA,GLU-60,1,Galley,Butchers,Entrance (Outside), ,STD,QRC
Viking Polaris,VEXP-POLA,VEXP,POLA,GLU-60,1,Galley,Crew Galley,Entrance 1.4.11, ,STD,QRC
Viking Polaris,VEXP-POLA,VEXP,POLA,GLU-60,1,Galley,Crew Dishwash,Entrance (Clean Side), ,STD,QRC
Viking Polaris,VEXP-POLA,VEXP,POLA,GLU-60,1,Galley,Dishwash STBD,Entrance, ,STD,QRC
Viking Polaris,VEXP-POLA,VEXP,POLA,GLU-60,1,Galley,Dishwash PORT,Entrance, ,STD,QRC
Viking Polaris,VEXP-POLA,VEXP,POLA,GLU-60,1,Messes,Crew Mess,Dishwash (Corridor), ,STD,QRC
Viking Polaris,VEXP-POLA,VEXP,POLA,GLU-60,1,Restaurant,Room Service,Pantry, ,STD,QRC
Viking Polaris,VEXP-POLA,VEXP,POLA,GLU-60,A,Provisions,Corridor,Corridor End FWD, ,STD,QRC
Viking Polaris,VEXP-POLA,VEXP,POLA,GLU-60,A,Provisions,Corridor,Veg. Preparation (Opp.), ,STD,QRC
Viking Polaris,VEXP-POLA,VEXP,POLA,GLU-60,A,Provisions,Corridor,HVAC Rm A.4/15 (Opp.), ,STD,QRC
Viking Polaris,VEXP-POLA,VEXP,POLA,GLU-60,A,Provisions,Loading Area,Corridor End AFT, ,STD,QRC
Viking Polaris,VEXP-POLA,VEXP,POLA,GLU-60,A,Garbage,I-95,Garbage Door (Outside), ,STD,QRC
Viking Polaris,VEXP-POLA,VEXP,POLA,GLU-60,A,Garbage,Garbage Room,A/C Cooler (LHS), ,STD,QRC
Viking Polaris,VEXP-POLA,VEXP,POLA,GLU-60,A,Garbage,Garbage Room,Staircase, ,STD,QRC
Viking Polaris,VEXP-POLA,VEXP,POLA,GLU-90,A,Garbage,Garbage Room,Shell Door, ,STD,QRC
Viking Polaris,VEXP-POLA,VEXP,POLA,Fusion 4,A,Garbage,Garbage Room,Segregation Area (Opp.), ,STD,QRC
VidantaWorld's Elegant,VIDA-ELEG,VIDA,ELEG,Ecolab Uplighter,2,Galley,Crew Galley,Bakery, ,STD,QRC
VidantaWorld's Elegant,VIDA-ELEG,VIDA,ELEG,Ecolab Uplighter,2,Galley,Bakery,Fridges, ,STD,QRC
VidantaWorld's Elegant,VIDA-ELEG,VIDA,ELEG,Ecolab Uplighter,2,Messes,Crew Mess ,Entrance (Outside), ,STD,QRC
VidantaWorld's Elegant,VIDA-ELEG,VIDA,ELEG,Ecolab Uplighter,2,Messes,Crew Mess ,Corridor, ,STD,QRC
VidantaWorld's Elegant,VIDA-ELEG,VIDA,ELEG,Ecolab Uplighter,2,Messes,Crew Mess ,Beverage Station AFT STBD , ,STD,QRC
VidantaWorld's Elegant,VIDA-ELEG,VIDA,ELEG,Ecolab Uplighter,2,Messes,Crew Mess ,Bulk Head FWD PORT, ,STD,QRC
VidantaWorld's Elegant,VIDA-ELEG,VIDA,ELEG,Ecolab Uplighter,2,Messes,Crew Mess ,Bulk Head FWD STBD, ,STD,QRC
VidantaWorld's Elegant,VIDA-ELEG,VIDA,ELEG,Ecolab Uplighter,2,Provisions,Loading Area,Bulk Head PORT, ,STD,QRC
VidantaWorld's Elegant,VIDA-ELEG,VIDA,ELEG,Ecolab Uplighter,2,Provisions,Loading Area,Bulk Head STBD, ,STD,QRC
VidantaWorld's Elegant,VIDA-ELEG,VIDA,ELEG,Ecolab Uplighter,2,Provisions,Loading Area,Shell Door STBD, ,STD,QRC
VidantaWorld's Elegant,VIDA-ELEG,VIDA,ELEG,Ecolab Uplighter,1,Provisions,Corridor,Vegetable Room (Outside), ,STD,QRC
VidantaWorld's Elegant,VIDA-ELEG,VIDA,ELEG,Ecolab Uplighter,1,Provisions,Corridor,Dry Store (Outside), ,STD,QRC
VidantaWorld's Elegant,VIDA-ELEG,VIDA,ELEG,Ecolab Uplighter,1,Provisions,Corridor,Water Tight Door 8-9 STBD, ,STD,QRC
VidantaWorld's Elegant,VIDA-ELEG,VIDA,ELEG,Ecolab Uplighter,2,Recycling_Centre,Garbage Room,Pulper, ,STD,QRC
Viking Jupiter,VOCX-JUPI,VOCX,JUPI,GLU-60,7,Galley,World Café,Dish Wash (Dirty Area), ,STD,QRC
Viking Jupiter,VOCX-JUPI,VOCX,JUPI,GLU-60,7,Galley,Pool Grill Pantry,Drop Off Area, ,STD,QRC
Viking Jupiter,VOCX-JUPI,VOCX,JUPI,Wall Fly White (LED),7,Galley,Pool Grill,Outside Pantry ,Jul-24,LED,QRC
Viking Jupiter,VOCX-JUPI,VOCX,JUPI,Wall Fly White (LED),7,Galley,Pool Grill ,Outside Shutter Door ,Jul-24,LED,QRC
Viking Jupiter,VOCX-JUPI,VOCX,JUPI,GLU-60,1,Galley,Chef Table Galley,Dish Wash (Dirty Area), ,STD,QRC
Viking Jupiter,VOCX-JUPI,VOCX,JUPI,GLU-60,1,Galley,Main Galley,Chef's Office, ,STD,QRC
Viking Jupiter,VOCX-JUPI,VOCX,JUPI,GLU-60,1,Galley,Main Galley,Dish Wash (Dirty Area), ,STD,QRC
Viking Jupiter,VOCX-JUPI,VOCX,JUPI,GLU-60,1,Galley,Main Galley,Outside Wine cellar, ,STD,QRC
Viking Jupiter,VOCX-JUPI,VOCX,JUPI,GLU-60,1,Galley,Manfredi's Dishwash Area,Plate Scrape Area, ,STD,QRC
Viking Jupiter,VOCX-JUPI,VOCX,JUPI,GLU-60,A,Galley,Butcher Shop,Fire Hose # A.1.06, ,STD,QRC
Viking Jupiter,VOCX-JUPI,VOCX,JUPI,GLU-60,A,Galley,Crew Galley Potwash ,Dirty Area, ,STD,QRC
Viking Jupiter,VOCX-JUPI,VOCX,JUPI,GLU-60,A,Galley,Veg Prep Room,Entrance, ,STD,QRC
Viking Jupiter,VOCX-JUPI,VOCX,JUPI,GLU-90,A,Galley,Bone Crusher,Entrance, ,STD,QRC
Viking Jupiter,VOCX-JUPI,VOCX,JUPI,GLU-60,A,Galley,Crew Mess, Scrape Area (Dirty Shelf), ,STD,QRC
Viking Jupiter,VOCX-JUPI,VOCX,JUPI,GLU-60,A,Galley,Crew Galley,FSD A.1.28 LHS, ,STD,QRC
Viking Jupiter,VOCX-JUPI,VOCX,JUPI,GLU-60,A,Galley,Crew Galley,Flexi Combi Ovens, ,STD,QRC
Viking Jupiter,VOCX-JUPI,VOCX,JUPI,GLU-90,A,Provisions,Loading Area,Shell Door PORT, ,STD,QRC
Viking Jupiter,VOCX-JUPI,VOCX,JUPI,Fusion 4,A,Provisions,Loading Area,Inventory Mgr. Office (Opp), ,STD,QRC
Viking Jupiter,VOCX-JUPI,VOCX,JUPI,GLU-90,A,Provisions,Loading Area,Fire Damper Switches, ,STD,QRC
Viking Jupiter,VOCX-JUPI,VOCX,JUPI,GLU-90,A,Provisions,Loading Area,Shell Door STBD, ,STD,QRC
Viking Jupiter,VOCX-JUPI,VOCX,JUPI,GLU-90,A,Provisions,Butcher Shop,Entrance (Outside), ,STD,QRC
Viking Jupiter,VOCX-JUPI,VOCX,JUPI,GLU-90,B,Provisions,Dry Stores,Cleaning Material Locker, ,STD,QRC
Viking Jupiter,VOCX-JUPI,VOCX,JUPI,GLU-60,7,Bars,Pool Bar Pantry,Entrance (RHS), ,STD,QRC
Viking Jupiter,VOCX-JUPI,VOCX,JUPI,Vanquish (LED),9,Bars,Crew Bar,Service Counter RHS,Jul-24,LED,QRC
Viking Jupiter,VOCX-JUPI,VOCX,JUPI,GLU-60,7,Restaurant,Landing Area,Entrance Galley PORT, ,STD,QRC
Viking Jupiter,VOCX-JUPI,VOCX,JUPI,Wall Fly White (LED),7,Restaurant,World Café,Noodle Bar LHS,Jul-24,LED,QRC
Viking Jupiter,VOCX-JUPI,VOCX,JUPI,Wall Fly White (LED),7,Restaurant,World Café,Pantry Entrance RHS,Jul-24,LED,QRC
Viking Jupiter,VOCX-JUPI,VOCX,JUPI,Wall Fly White (LED),7,Restaurant,World Café,Outside Portside,Jul-24,LED,QRC
Viking Jupiter,VOCX-JUPI,VOCX,JUPI,Wall Fly White (LED),7,Restaurant,World Café,Outside Starboard Side,Jul-24,LED,QRC
Viking Jupiter,VOCX-JUPI,VOCX,JUPI,Fusion 2,A,Restaurant,Crew Mess,Television, ,STD,QRC
Viking Jupiter,VOCX-JUPI,VOCX,JUPI,Fusion 2,A,Restaurant,Crew Mess,Service Line (Rear), ,STD,QRC
Viking Jupiter,VOCX-JUPI,VOCX,JUPI,Fusion 2,A,Restaurant,Staff Mess,Scrape Area, ,STD,QRC
Viking Jupiter,VOCX-JUPI,VOCX,JUPI,Fusion 2,A,Restaurant,Staff Mess,Service Line, ,STD,QRC
Viking Jupiter,VOCX-JUPI,VOCX,JUPI,Fusion 4,A,Housekeeping,I-95 FWD,Fire Screen Door A.2.05, ,STD,QRC
Viking Jupiter,VOCX-JUPI,VOCX,JUPI,Fusion 4,A,Housekeeping,I-95 FWD,Fire Extinguisher A.3.02, ,STD,QRC
Viking Jupiter,VOCX-JUPI,VOCX,JUPI,Wall Fly White (LED),A,Housekeeping,Gangway,PORT Shell Door RHS,Jul-24,LED,QRC
Viking Jupiter,VOCX-JUPI,VOCX,JUPI,Wall Fly White (LED),A,Housekeeping,Gangway,STBD Shell Door LHS,Jul-24,LED,QRC
Viking Jupiter,VOCX-JUPI,VOCX,JUPI,Wall Fly White (LED),1,Housekeeping,Gangway,PORT Shell Door LHS,Jul-24,LED,QRC
Viking Jupiter,VOCX-JUPI,VOCX,JUPI,Wall Fly White (LED),1,Housekeeping,Gangway,STBD Shell Door RHS,Jul-24,LED,QRC
Viking Jupiter,VOCX-JUPI,VOCX,JUPI,Wall Fly White (LED),2,Housekeeping,Gangway,FWD PORT RHS,Jul-24,LED,QRC
Viking Jupiter,VOCX-JUPI,VOCX,JUPI,Wall Fly White (LED),2,Housekeeping,Gangway,FWD STBD RHS,Jul-24,LED,QRC
Viking Jupiter,VOCX-JUPI,VOCX,JUPI,Wall Fly White (LED),2,Housekeeping,Gangway,AFT PORT RHS,Jul-24,LED,QRC
Viking Jupiter,VOCX-JUPI,VOCX,JUPI,Wall Fly White (LED),2,Housekeeping,Gangway,AFT STBD LHS,Jul-24,LED,QRC
Viking Jupiter,VOCX-JUPI,VOCX,JUPI,Fusion 4,A,Engine,Garbage Room,Entrance (Outside), ,STD,QRC
Viking Jupiter,VOCX-JUPI,VOCX,JUPI,GLU-90,A,Engine,Garbage Room,CCTV (V1022), ,STD,QRC
Viking Jupiter,VOCX-JUPI,VOCX,JUPI,GLU-90,A,Engine,Garbage Room,Compactor, ,STD,QRC
Viking Mars,VOCX-MARS,VOCX,MARS,GLU-60,7,Galley,World Café,Dish Wash ( Dirty area), ,STD,QRC
Viking Mars,VOCX-MARS,VOCX,MARS,GLU-60,7,Galley,World Café,Galley Entrance (PORT), ,STD,QRC
Viking Mars,VOCX-MARS,VOCX,MARS,GLU-60,7,Galley,Pool Grill,Pantry, ,STD,QRC
Viking Mars,VOCX-MARS,VOCX,MARS,Wall Fly White (LED),7,Galley,Pool Grill 1 & 2,Pantry (Outside),Jul-24,LED,QRC
Viking Mars,VOCX-MARS,VOCX,MARS,GLU-60,1,Galley,Main Galley,Chef's Office (Outside), ,STD,QRC
Viking Mars,VOCX-MARS,VOCX,MARS,GLU-60,1,Galley,Manfredis,Dish Wash (Dirty Area), ,STD,QRC
Viking Mars,VOCX-MARS,VOCX,MARS,GLU-60,1,Galley,Chef Table,Dish Wash (Dirty area), ,STD,QRC
Viking Mars,VOCX-MARS,VOCX,MARS,GLU-60,1,Galley,Service Bar, Service Bar (Outside), ,STD,QRC
Viking Mars,VOCX-MARS,VOCX,MARS,GLU-60,1,Galley,Main Dishwash,Dirty Side , ,STD,QRC
Viking Mars,VOCX-MARS,VOCX,MARS,GLU-60,A,Galley,Butcher,Thawing Machine, ,STD,QRC
Viking Mars,VOCX-MARS,VOCX,MARS,GLU-60,A,Galley,Vegetable Room,Garbage Bins, ,STD,QRC
Viking Mars,VOCX-MARS,VOCX,MARS,GLU-60,A,Galley,Crew Galley,Fire Screen Door A.1.29, ,STD,QRC
Viking Mars,VOCX-MARS,VOCX,MARS,GLU-60,A,Galley,Crew Dishwash,Dirty Side , ,STD,QRC
Viking Mars,VOCX-MARS,VOCX,MARS,GLU-60,A,Galley,Crew Galley ,Potwash (Dirty Area), ,STD,QRC
Viking Mars,VOCX-MARS,VOCX,MARS,GLU-60,A,Galley,Crew Galley ,Convotherm Ovens, ,STD,QRC
Viking Mars,VOCX-MARS,VOCX,MARS,GLU-90,A,Galley,Bone Crusher Room,Entrance, ,STD,QRC
Viking Mars,VOCX-MARS,VOCX,MARS,GLU-90,A,Provisions,Shell Door STBD,Hand Wash Sink, ,STD,QRC
Viking Mars,VOCX-MARS,VOCX,MARS,GLU-90,A,Provisions,Shell Door PORT,Lift Platform Panel, ,STD,QRC
Viking Mars,VOCX-MARS,VOCX,MARS,GLU-90,A,Provisions,Butcher Entrance,Hand Wash Sink (Opp), ,STD,QRC
Viking Mars,VOCX-MARS,VOCX,MARS,Fusion 4,A,Provisions,I-95 Crew Corridor ,Bonded store (Opp), ,STD,QRC
Viking Mars,VOCX-MARS,VOCX,MARS,GLU-60,B,Provisions,Dry Stores Area, Hand Wash Sink, ,STD,QRC
Viking Mars,VOCX-MARS,VOCX,MARS,Fusion 2,9,Bars,Crew Bar,Service Counter, ,STD,QRC
Viking Mars,VOCX-MARS,VOCX,MARS,GLU-60,7,Bars,Pool Bar,Pantry (Outside), ,STD,QRC
Viking Mars,VOCX-MARS,VOCX,MARS,Fusion 2,A,Restaurant,Crew Mess,Centre Trunk, ,STD,QRC
Viking Mars,VOCX-MARS,VOCX,MARS,Fusion 2,A,Restaurant,Crew Mess,Service Line, ,STD,QRC
Viking Mars,VOCX-MARS,VOCX,MARS,Fusion 2,A,Restaurant,Staff Mess,Service Line, ,STD,QRC
Viking Mars,VOCX-MARS,VOCX,MARS,Fusion 2,A,Restaurant,Staff Mess,Garbage Line, ,STD,QRC
Viking Mars,VOCX-MARS,VOCX,MARS,Wall Fly White (LED),7,Restaurant,Pool Grill 1 & 3,World Café Auto-Door PORT,Jul-24,LED,QRC
Viking Mars,VOCX-MARS,VOCX,MARS,Fusion 4,A,Recycling Centre,Garbage Room,Fire Screen Door A.1.24, ,STD,QRC
Viking Mars,VOCX-MARS,VOCX,MARS,GLU-90,A,Recycling Centre,Garbage room,Glass Crusher, ,STD,QRC
Viking Mars,VOCX-MARS,VOCX,MARS,GLU-90,A,Recycling Centre,Garbage room,Shell Door, ,STD,QRC
Viking Mars,VOCX-MARS,VOCX,MARS,Fusion 4,A,Housekeeping,I-95 Corridor FWD,Fire Extinguisher A.2.05, ,STD,QRC
Viking Mars,VOCX-MARS,VOCX,MARS,Fusion 4,A,Housekeeping,I-95 Elec Lock MID,FSD A.3.02 (OPP), ,STD,QRC
Viking Mars,VOCX-MARS,VOCX,MARS,Wall Fly White (LED),A,Housekeeping,Gangway STBD,Shell Door (Nr),Jul-24,LED,QRC
Viking Mars,VOCX-MARS,VOCX,MARS,Wall Fly White (LED),A,Housekeeping,Gangway PORT,Shell Door (Nr),Jul-24,LED,QRC
Viking Mars,VOCX-MARS,VOCX,MARS,Wall Fly White (LED),2,Housekeeping,Gangways FWD PORT,Entrance Power Outlet,Jul-24,LED,QRC
Viking Mars,VOCX-MARS,VOCX,MARS,Wall Fly White (LED),2,Housekeeping,Gangways FWD STBD,Entrance Power Outlet,Jul-24,LED,QRC
Viking Mars,VOCX-MARS,VOCX,MARS,Wall Fly White (LED),2,Housekeeping,Gangways AFT STBD,Entrance Power Outlet,Jul-24,LED,QRC
Viking Mars,VOCX-MARS,VOCX,MARS,Wall Fly White (LED),2,Housekeeping,Gangways AFT PORT,Entrance Power Outlet,Jul-24,LED,QRC
Viking Mars,VOCX-MARS,VOCX,MARS,Wall Fly White (LED),1,Housekeeping,Shell Doors STBD,Life Buoy Ring,Jul-24,LED,QRC
Viking Mars,VOCX-MARS,VOCX,MARS,Wall Fly White (LED),1,Housekeeping,Shell Doors PORT,Shell Door,Jul-24,LED,QRC
Viking Neptune,VOCX-NEPT,VOCX,NEPT,GLU-60,7,Galley,World Café,Dish Wash (Dirty Area) , ,STD,QRC
Viking Neptune,VOCX-NEPT,VOCX,NEPT,GLU-60,1,Galley,Chef Table Galley,Dish Wash (Dirty Area) , ,STD,QRC
Viking Neptune,VOCX-NEPT,VOCX,NEPT,GLU-60,1,Galley,Main Galley,Pot Wash , ,STD,QRC
Viking Neptune,VOCX-NEPT,VOCX,NEPT,GLU-60,1,Galley,Manfredi's Galley,Dish Wash (Dirty Area) , ,STD,QRC
Viking Neptune,VOCX-NEPT,VOCX,NEPT,GLU-60,A,Galley,Vegetable Prep.,Garbage Bins, ,STD,QRC
Viking Neptune,VOCX-NEPT,VOCX,NEPT,GLU-60,A,Galley,Butcher Room,Fire Hose # A.1.06, ,STD,QRC
Viking Neptune,VOCX-NEPT,VOCX,NEPT,GLU-60,A,Galley,Butcher Room,Pot Wash, ,STD,QRC
Viking Neptune,VOCX-NEPT,VOCX,NEPT,GLU-60,A,Galley,Butcher Room,Entrance (Outside), ,STD,QRC
Viking Neptune,VOCX-NEPT,VOCX,NEPT,GLU-60,A,Galley,Crew Galley,Convotherm Oven, ,STD,QRC
Viking Neptune,VOCX-NEPT,VOCX,NEPT,GLU-60,A,Galley,Crew Dishwash,Entrance A.1.36 (WHB), ,STD,QRC
Viking Neptune,VOCX-NEPT,VOCX,NEPT,GLU-60,A,Galley,Crew Mess ,Entrance AFT, ,STD,QRC
Viking Neptune,VOCX-NEPT,VOCX,NEPT,GLU-60,A,Provisions,Loading Area,Shell Door PORT, ,STD,QRC
Viking Neptune,VOCX-NEPT,VOCX,NEPT,GLU-60,A,Provisions,Loading Area,Fire Extinguisher A.1.12, ,STD,QRC
Viking Neptune,VOCX-NEPT,VOCX,NEPT,GLU-60,A,Provisions,Loading Area,Consumable Locker Door 1.1.1.09, ,STD,QRC
Viking Neptune,VOCX-NEPT,VOCX,NEPT,GLU-60,A,Provisions,Loading Area,Door A.1.44, ,STD,QRC
Viking Neptune,VOCX-NEPT,VOCX,NEPT,GLU-60,B,Provisions,Loading Area,Fire Hose B.1.09, ,STD,QRC
Viking Neptune,VOCX-NEPT,VOCX,NEPT,GLU-60,2,Restaurant,Pantry,Fire Screen Door 2.1.08, ,STD,QRC
Viking Neptune,VOCX-NEPT,VOCX,NEPT,GLU-60,A,Garbage,Garbage Room,Fire Extinguisher A.1.02, ,STD,QRC
Viking Neptune,VOCX-NEPT,VOCX,NEPT,GLU-60,A,Garbage,Garbage Room,Door A.1.24, ,STD,QRC
Viking Neptune,VOCX-NEPT,VOCX,NEPT,GLU-60,A,Garbage,Garbage Room,Glass Crusher, ,STD,QRC
Viking Neptune,VOCX-NEPT,VOCX,NEPT,GLU-60,A,Garbage,Garbage Room,Cans Compactor, ,STD,QRC
Viking Neptune,VOCX-NEPT,VOCX,NEPT,GLU-60,A,Garbage,Garbage Room,Ash Hoist Box, ,STD,QRC
Viking Orion,VOCX-ORIO,VOCX,ORIO,GLU-60,7,Galley,Pool Grill,Garbage Bins, ,STD,QRC
Viking Orion,VOCX-ORIO,VOCX,ORIO,GLU-60,7,Galley,WC Hot Galley,Emergency Stop, ,STD,QRC
Viking Orion,VOCX-ORIO,VOCX,ORIO,GLU-60,7,Galley,World Café ,Dish Wash (Dirty Area), ,STD,QRC
Viking Orion,VOCX-ORIO,VOCX,ORIO,Wall Fly White (LED),7,Galley,Pool Grill 1,Galley Pantry (Outside),Jul-24,LED,QRC
Viking Orion,VOCX-ORIO,VOCX,ORIO,GLU-60,1,Galley,Chef's Table ,Dish Wash (Dirty Area), ,STD,QRC
Viking Orion,VOCX-ORIO,VOCX,ORIO,GLU-60,1,Galley,Main Galley,Chef's Office (Outside), ,STD,QRC
Viking Orion,VOCX-ORIO,VOCX,ORIO,GLU-60,1,Galley,Main Galley,Dish Wash (Dirty Area), ,STD,QRC
Viking Orion,VOCX-ORIO,VOCX,ORIO,GLU-60,1,Galley,Manfredi's ,Dish Wash (Dirty Area), ,STD,QRC
Viking Orion,VOCX-ORIO,VOCX,ORIO,GLU-60,A,Galley,Butcher Room,Fire Hose A 1.06, ,STD,QRC
Viking Orion,VOCX-ORIO,VOCX,ORIO,GLU-90,A,Galley,Bone Crush Room,Entrance (LHS) , ,STD,QRC
Viking Orion,VOCX-ORIO,VOCX,ORIO,GLU-60,A,Galley,Veg. Prep. Room,Garbage Bins, ,STD,QRC
Viking Orion,VOCX-ORIO,VOCX,ORIO,GLU-60,A,Galley,Crew Mess ,Dish Wash (Dirty Area), ,STD,QRC
Viking Orion,VOCX-ORIO,VOCX,ORIO,GLU-60,A,Galley,Crew Pot Wash,Dish Wash (Dirty Area), ,STD,QRC
Viking Orion,VOCX-ORIO,VOCX,ORIO,GLU-60,A,Galley,Crew Galley,Combi Oven, ,STD,QRC
Viking Orion,VOCX-ORIO,VOCX,ORIO,Fusion 2,A,Messes,Officer Mess,Service Line Back Bulkhead, ,STD,QRC
Viking Orion,VOCX-ORIO,VOCX,ORIO,Fusion 2,A,Messes,Officer Mess,Drop off (Scullery Area), ,STD,QRC
Viking Orion,VOCX-ORIO,VOCX,ORIO,Fusion 2,A,Messes,Crew Mess ,Service Line Back Bulkhead, ,STD,QRC
Viking Orion,VOCX-ORIO,VOCX,ORIO,Fusion 2,A,Messes,Crew Mess ,Center Trunk F.S.D A.1.32, ,STD,QRC
Viking Orion,VOCX-ORIO,VOCX,ORIO,GLU-90,A,Provisions,Outside Butcher Room,Fire E. A 1.15 (Opp.), ,STD,QRC
Viking Orion,VOCX-ORIO,VOCX,ORIO,GLU-90,A,Provisions,Loading Area,Deck A Crew Mess Exit, ,STD,QRC
Viking Orion,VOCX-ORIO,VOCX,ORIO,GLU-90,A,Provisions,Loading Area,Shell Door STBD, ,STD,QRC
Viking Orion,VOCX-ORIO,VOCX,ORIO,GLU-90,A,Provisions,Loading Area,Shell Door PORT, ,STD,QRC
Viking Orion,VOCX-ORIO,VOCX,ORIO,Fusion 4,A,Provisions,I-95 opposite Dry Store,FSD A 1.15 (Opp.), ,STD,QRC
Viking Orion,VOCX-ORIO,VOCX,ORIO,GLU-60,B,Provisions,Dry Store 1,Entrance Bulkhead, ,STD,QRC
Viking Orion,VOCX-ORIO,VOCX,ORIO,GLU-60,9,Bars,Crew Bar,Service Counter, ,STD,QRC
Viking Orion,VOCX-ORIO,VOCX,ORIO,GLU-60,7,Bars,Pool Bar,Pantry, ,STD,QRC
Viking Orion,VOCX-ORIO,VOCX,ORIO,GLU-60,1,Bars,Wine Cellar,Entrance RHS, ,STD,QRC
Viking Orion,VOCX-ORIO,VOCX,ORIO,Wall Fly White (LED),7,Restaurant,Pool Grill 2,WC Automatic Door PORT,Jul-24,LED,QRC
Viking Orion,VOCX-ORIO,VOCX,ORIO,GLU-90,A,Recycling Centre,Garbage Room,Can Compressor, ,STD,QRC
Viking Orion,VOCX-ORIO,VOCX,ORIO,GLU-90,A,Recycling Centre,Garbage Room,Center Pole, ,STD,QRC
Viking Orion,VOCX-ORIO,VOCX,ORIO,GLU-90,A,Recycling Centre,Garbage Room,Glass Crusher, ,STD,QRC
Viking Orion,VOCX-ORIO,VOCX,ORIO,Fusion 4,A,Recycling Centre,I - 95,FSD A.1.25, ,STD,QRC
Viking Orion,VOCX-ORIO,VOCX,ORIO,Wall Fly White (LED),2,Housekeeping,Gangways Dk 2 FWD PS,Power Outlet/Entrance,Jul-24,LED,QRC
Viking Orion,VOCX-ORIO,VOCX,ORIO,Wall Fly White (LED),2,Housekeeping,Gangways Dk 2 FWD STBS,Power Outlet/Entrance,Jul-24,LED,QRC
Viking Orion,VOCX-ORIO,VOCX,ORIO,Wall Fly White (LED),2,Housekeeping,Gangways Dk 2 AFT STBS,Power Outlet/Entrance,Jul-24,LED,QRC
Viking Orion,VOCX-ORIO,VOCX,ORIO,Wall Fly White (LED),2,Housekeeping,Gangways Dk 2 AFT PS,Power Outlet/Entrance,Jul-24,LED,QRC
Viking Orion,VOCX-ORIO,VOCX,ORIO,Wall Fly White (LED),1,Housekeeping,Dk 1 Shell doors STBS,Life Buoy Ring,Jul-24,LED,QRC
Viking Orion,VOCX-ORIO,VOCX,ORIO,Wall Fly White (LED),1,Housekeeping,Dk 1 Shell doors PORT,Shell Door ,Jul-24,LED,QRC
Viking Orion,VOCX-ORIO,VOCX,ORIO,Fusion 4,A,Housekeeping,I-95 FWD ,Luggage Area, ,STD,QRC
Viking Orion,VOCX-ORIO,VOCX,ORIO,Fusion 4,A,Housekeeping,I-95 PS across A 0075,Water Tide Door A.2.05, ,STD,QRC
Viking Orion,VOCX-ORIO,VOCX,ORIO,Wall Fly White (LED),A,Housekeeping,Gangway STBS,Shell Door ,Jul-24,LED,QRC
Viking Orion,VOCX-ORIO,VOCX,ORIO,Wall Fly White (LED),A,Housekeeping,Gangway PORT,Shell Door ,Jul-24,LED,QRC
Viking Orion,VOCX-ORIO,VOCX,ORIO,Fly Shield 1,A,Housekeeping,I-95,Hotel Store STBD, ,STD,QRC
Viking Saturn,VOCX-SATU,VOCX,SATU,GLU-60,7,Galley,World Café,Dish Wash (Dirty Area) , ,STD,QRC
Viking Saturn,VOCX-SATU,VOCX,SATU,GLU-60,7,Galley,Pool Grill,Garbage Bins, ,STD,QRC
Viking Saturn,VOCX-SATU,VOCX,SATU,GLU-60,1,Galley,Chef Table Galley,Dish Wash (Dirty Area) , ,STD,QRC
Viking Saturn,VOCX-SATU,VOCX,SATU,GLU-60,1,Galley,Main Galley,Pot Wash , ,STD,QRC
Viking Saturn,VOCX-SATU,VOCX,SATU,GLU-60,1,Galley,Manfredi's Galley,Dish Wash (Dirty Area) , ,STD,QRC
Viking Saturn,VOCX-SATU,VOCX,SATU,GLU-60,1,Galley,Main Dishwash,Dirty Side, ,STD,QRC
Viking Saturn,VOCX-SATU,VOCX,SATU,GLU-60,1,Galley,Entrance Service Bar,Garbage Bins, ,STD,QRC
Viking Saturn,VOCX-SATU,VOCX,SATU,GLU-60,A,Galley,Vegetable Prep.,Garbage Bins, ,STD,QRC
Viking Saturn,VOCX-SATU,VOCX,SATU,GLU-60,A,Galley,Butcher Room,Fire Hose # A.1.06, ,STD,QRC
Viking Saturn,VOCX-SATU,VOCX,SATU,GLU-60,A,Galley,Butcher Room,Pot Wash, ,STD,QRC
Viking Saturn,VOCX-SATU,VOCX,SATU,GLU-60,A,Galley,Butcher Room,Entrance (Outside), ,STD,QRC
Viking Saturn,VOCX-SATU,VOCX,SATU,GLU-60,A,Galley,Crew Galley,Convotherm Oven, ,STD,QRC
Viking Saturn,VOCX-SATU,VOCX,SATU,GLU-60,A,Galley,Crew Dishwash,Entrance A.1.37 (WHB), ,STD,QRC
Viking Saturn,VOCX-SATU,VOCX,SATU,GLU-90,A,Galley,Bone Crusher, Bone Crusher Room, ,STD,QRC
Viking Saturn,VOCX-SATU,VOCX,SATU,GLU-60,A,Galley,Crew Potwas,Dirty Area Shelves, ,STD,QRC
Viking Saturn,VOCX-SATU,VOCX,SATU,GLU-60,7,Bars,Pool Bar,Garbage Bins, ,STD,QRC
Viking Saturn,VOCX-SATU,VOCX,SATU,GLU-60,A,Provisions,Loading Area,Shell Door PORT, ,STD,QRC
Viking Saturn,VOCX-SATU,VOCX,SATU,GLU-60,A,Provisions,Loading Area,Fire Extinguisher A.1.12, ,STD,QRC
Viking Saturn,VOCX-SATU,VOCX,SATU,GLU-90,A,Provisions,Loading Area,Hand Wash Station STBD, ,STD,QRC
Viking Saturn,VOCX-SATU,VOCX,SATU,Fusion 4,A,Provisions,I95,Sprit Store FSD A.1.15 (Opp), ,STD,QRC
Viking Saturn,VOCX-SATU,VOCX,SATU,GLU-60,B,Provisions,Loading Area,Fire Hose B.1.09, ,STD,QRC
Viking Saturn,VOCX-SATU,VOCX,SATU,GLU-60,7,Restaurant,Dk7 AFT,Crew Elevator Landing, ,STD,QRC
Viking Saturn,VOCX-SATU,VOCX,SATU,Wall Fly White (LED),7,Restaurant,World Café,Pantry Entrance RHS,Jan-25,LED,QRC
Viking Saturn,VOCX-SATU,VOCX,SATU,GLU-60,2,Restaurant,Pantry,Fire Screen Door 2.1.08, ,STD,QRC
Viking Saturn,VOCX-SATU,VOCX,SATU,GLU-60,A,Restaurant,Crew Mess,Service Line, ,STD,QRC
Viking Saturn,VOCX-SATU,VOCX,SATU,GLU-60,A,Restaurant,Officer Mess,Dirty Area/Drop Off Area, ,STD,QRC
Viking Saturn,VOCX-SATU,VOCX,SATU,GLU-90,A,Garbage,Garbage Room,Centre pole FE A.1.02, ,STD,QRC
Viking Saturn,VOCX-SATU,VOCX,SATU,Fusion 4,A,Garbage,I95,FSD A.1.24 STBD, ,STD,QRC
Viking Saturn,VOCX-SATU,VOCX,SATU,GLU-60,A,Garbage,Garbage Room,Incinerator, ,STD,QRC
Viking Saturn,VOCX-SATU,VOCX,SATU,Wall Fly White (LED),A,Housekeeping,Gangway,Shell Door PORT RHS,Jan-25,LED,QRC
Viking Saturn,VOCX-SATU,VOCX,SATU,Wall Fly White (LED),A,Housekeeping,Gangway,Shell Door STBD LHS ,Jan-25,LED,QRC
Viking Saturn,VOCX-SATU,VOCX,SATU,Wall Fly White (LED),1,Housekeeping,Gangway,Shell Door PORT LHS ,Jan-25,LED,QRC
Viking Saturn,VOCX-SATU,VOCX,SATU,Wall Fly White (LED),1,Housekeeping,Gangway,Shell Door STBD RHS,Jan-25,LED,QRC
Viking Saturn,VOCX-SATU,VOCX,SATU,Wall Fly White (LED),2,Housekeeping,Gangway,PORT RHS FWD.,Jan-25,LED,QRC
Viking Saturn,VOCX-SATU,VOCX,SATU,Wall Fly White (LED),2,Housekeeping,Gangway,STBD RHS FWD.,Jan-25,LED,QRC
Viking Saturn,VOCX-SATU,VOCX,SATU,Wall Fly White (LED),2,Housekeeping,Gangway,PORT RHS AFT,Jan-25,LED,QRC
Viking Saturn,VOCX-SATU,VOCX,SATU,Wall Fly White (LED),2,Housekeeping,Gangway,STBD LHS AFT,Jan-25,LED,QRC
Viking Sea,VOCX-SEAX,VOCX,SEAX,GLU-60,7,Galley,World Café,Dishwash, ,STD,QRC
Viking Sea,VOCX-SEAX,VOCX,SEAX,GLU-60,7,Galley,World Café ,Hot Galley MID-PORT, ,STD,QRC
Viking Sea,VOCX-SEAX,VOCX,SEAX,Wall Fly White (LED),7,Galley,Pool Grill,Hand Wash,Jan-25,LED,QRC
Viking Sea,VOCX-SEAX,VOCX,SEAX,GLU-60,1,Galley,Chefs Table Galley,Dishwash, ,STD,QRC
Viking Sea,VOCX-SEAX,VOCX,SEAX,GLU-60,1,Galley,Main Galley,Chefs Office, ,STD,QRC
Viking Sea,VOCX-SEAX,VOCX,SEAX,GLU-60,1,Galley,Main Galley,Dishwash, ,STD,QRC
Viking Sea,VOCX-SEAX,VOCX,SEAX,GLU-60,1,Galley,Manfredi's  Galley,Dishwash, ,STD,QRC
Viking Sea,VOCX-SEAX,VOCX,SEAX,GLU-60,A,Galley,Crew Galley,Combi Oven, ,STD,QRC
Viking Sea,VOCX-SEAX,VOCX,SEAX,GLU-60,A,Galley,Crew Potwash ,Dirty Storage Rack, ,STD,QRC
Viking Sea,VOCX-SEAX,VOCX,SEAX,GLU-60,A,Galley,Crew Mess,Dishwash, ,STD,QRC
Viking Sea,VOCX-SEAX,VOCX,SEAX,GLU-60,A,Galley, Butchers,Thawing Machine, ,STD,QRC
Viking Sea,VOCX-SEAX,VOCX,SEAX,GLU-60,A,Galley,Veg Prep Room,Entrance, ,STD,QRC
Viking Sea,VOCX-SEAX,VOCX,SEAX,Mantis 1 x 2,A,Galley,Bone Crusher,Entrance, ,STD,QRC
Viking Sea,VOCX-SEAX,VOCX,SEAX,GLU-90,A,Provisions,Loading Area,Port Side Shell Door, ,STD,QRC
Viking Sea,VOCX-SEAX,VOCX,SEAX,GLU-90,A,Provisions,Loading Area,Electrical Substation, ,STD,QRC
Viking Sea,VOCX-SEAX,VOCX,SEAX,Fusion 4,A,Provisions,Loading Area,Dry Store (FSD A.1.15), ,STD,QRC
Viking Sea,VOCX-SEAX,VOCX,SEAX,GLU-90,A,Provisions,Loading Area,Staircase to Electrical Workshop, ,STD,QRC
Viking Sea,VOCX-SEAX,VOCX,SEAX,GLU-90,A,Provisions,Butchers Exit,Fire Extinguisher (A.1.14), ,STD,QRC
Viking Sea,VOCX-SEAX,VOCX,SEAX,GLU-60,B,Provisions,Loading Area,Fire Extinguisher (B.1.13), ,STD,QRC
Viking Sea,VOCX-SEAX,VOCX,SEAX,Mantis 1 x 2,9,Bars,Crew Bar,Smoking Area, ,STD,QRC
Viking Sea,VOCX-SEAX,VOCX,SEAX,GLU-60,7,Bars,Pool Bar,Pantry (Inside), ,STD,QRC
Viking Sea,VOCX-SEAX,VOCX,SEAX,Wall Fly White (LED),7,Restaurant,Pool Grill,Pantry Entrance (Outside),Jan-25,LED,QRC
Viking Sea,VOCX-SEAX,VOCX,SEAX,Wall Fly White (LED),7,Restaurant,World Café,Bar Pantry PORT,Jan-25,LED,QRC
Viking Sea,VOCX-SEAX,VOCX,SEAX,Wall Fly White (LED),7,Restaurant,World Café,Coffee Pantry STBD,Jan-25,LED,QRC
Viking Sea,VOCX-SEAX,VOCX,SEAX,Fusion 2,A,Restaurant,Officer Mess,Service Line (Rear), ,STD,QRC
Viking Sea,VOCX-SEAX,VOCX,SEAX,Fly Shield 1,A,Restaurant,Officer Mess,ECR Alarm, ,STD,QRC
Viking Sea,VOCX-SEAX,VOCX,SEAX,Fusion 2,A,Restaurant,Officer Mess,Plate Drop Area, ,STD,QRC
Viking Sea,VOCX-SEAX,VOCX,SEAX,Fusion 2,A,Restaurant,Crew Mess,Service Line (Rear), ,STD,QRC
Viking Sea,VOCX-SEAX,VOCX,SEAX,Fusion 2,A,Restaurant,Crew Mess,Door (A.1.33), ,STD,QRC
Viking Sea,VOCX-SEAX,VOCX,SEAX,Fly Shield 1,A,Restaurant,Crew Mess,Shade Lamps, ,STD,QRC
Viking Sea,VOCX-SEAX,VOCX,SEAX,GLU-90,A,Garbage,Garbage Room,Entrance, ,STD,QRC
Viking Sea,VOCX-SEAX,VOCX,SEAX,GLU-90,A,Garbage,Garbage Room,Shredder, ,STD,QRC
Viking Sea,VOCX-SEAX,VOCX,SEAX,GLU-90,A,Garbage,Garbage Room,Hand Wash Basin, ,STD,QRC
Viking Sea,VOCX-SEAX,VOCX,SEAX,GLU-90,A,Garbage,Garbage Room,Shell Door STBD, ,STD,QRC
Viking Sea,VOCX-SEAX,VOCX,SEAX,Fusion 4,A,Garbage,I95 AFT,FSD A.1.25, ,STD,QRC
Viking Sea,VOCX-SEAX,VOCX,SEAX,Wall Fly White (LED),2,Housekeeping,Near Theatre,Gangway Port FWD,Jan-25,LED,QRC
Viking Sea,VOCX-SEAX,VOCX,SEAX,Wall Fly White (LED),2,Housekeeping,Near Theatre,Gangway STBD FWD,Jan-25,LED,QRC
Viking Sea,VOCX-SEAX,VOCX,SEAX,Wall Fly White (LED),2,Housekeeping,Near The Restaurant ,Gangway PORT AFT,Jan-25,LED,QRC
Viking Sea,VOCX-SEAX,VOCX,SEAX,Wall Fly White (LED),2,Housekeeping,Near The Restaurant ,Gangway STBD AFT,Jan-25,LED,QRC
Viking Sea,VOCX-SEAX,VOCX,SEAX,Fly Shield 1,1,Housekeeping,Gangway Port,Shell Doors, ,STD,QRC
Viking Sea,VOCX-SEAX,VOCX,SEAX,Fly Shield 1,1,Housekeeping,Gangway STBD,Shell Doors, ,STD,QRC
Viking Sea,VOCX-SEAX,VOCX,SEAX,Fusion 4,A,Housekeeping,I95 FWD,FSD A.2.04, ,STD,QRC
Viking Sea,VOCX-SEAX,VOCX,SEAX,Fusion 4,A,Housekeeping,I95 FWD,FSD A.4.12, ,STD,QRC
Viking Sea,VOCX-SEAX,VOCX,SEAX,Fly Shield 1,A,Housekeeping,Gangway Port,Shell Doors, ,STD,QRC
Viking Sea,VOCX-SEAX,VOCX,SEAX,Fly Shield 1,A,Housekeeping,Gangway STBD,Shell Doors, ,STD,QRC
Viking Sky,VOCX-SKYX,VOCX,SKYX,GLU-60,7,Galley,World Café,Dish Wash (Dirty Side), ,STD,QRC
Viking Sky,VOCX-SKYX,VOCX,SKYX,GLU-60,7,Galley,World Café,Galey Entrance PORT , ,STD,QRC
Viking Sky,VOCX-SKYX,VOCX,SKYX,Wall Fly White (LED),7,Galley,Pool Grill,Pantry,Jan-24,LED,QRC
Viking Sky,VOCX-SKYX,VOCX,SKYX,Wall Fly White (LED),7,Galley,Pool Grill,Service line (HWS),Jan-24,LED,QRC
Viking Sky,VOCX-SKYX,VOCX,SKYX,GLU-60,1,Galley,Main Galley,Chef's Office (Outside), ,STD,QRC
Viking Sky,VOCX-SKYX,VOCX,SKYX,GLU-60,1,Galley,Manfredi's,Dish Wash (Dirty Area), ,STD,QRC
Viking Sky,VOCX-SKYX,VOCX,SKYX,GLU-60,1,Galley,Chef Table,Dish Wash (Dirty area), ,STD,QRC
Viking Sky,VOCX-SKYX,VOCX,SKYX,GLU-60,1,Galley,Main Dish wash,Dirty Side, ,STD,QRC
Viking Sky,VOCX-SKYX,VOCX,SKYX,GLU-60,1,Galley,Main Galley, Escalator, ,STD,QRC
Viking Sky,VOCX-SKYX,VOCX,SKYX,GLU-60,A,Galley,Butcher,Tina Machine, ,STD,QRC
Viking Sky,VOCX-SKYX,VOCX,SKYX,GLU-60,A,Galley,Vegetable Room,Bins, ,STD,QRC
Viking Sky,VOCX-SKYX,VOCX,SKYX,GLU-60,A,Galley,Crew Galley,Water Fountain, ,STD,QRC
Viking Sky,VOCX-SKYX,VOCX,SKYX,GLU-60,A,Galley,Crew Galley,Dish Wash (Dirty Side), ,STD,QRC
Viking Sky,VOCX-SKYX,VOCX,SKYX,GLU-60,A,Galley,Crew Galley,Combi Ovens, ,STD,QRC
Viking Sky,VOCX-SKYX,VOCX,SKYX,GLU-90,A,Galley,Crew Galley,Entrance , ,STD,QRC
Viking Sky,VOCX-SKYX,VOCX,SKYX,GLU-90,A,Provisions,Provision Area,Shell Door AFT STBD, ,STD,QRC
Viking Sky,VOCX-SKYX,VOCX,SKYX,Mantis 1 x 2,A,Provisions,Provision Area,Bonded Store , ,STD,QRC
Viking Sky,VOCX-SKYX,VOCX,SKYX,Mantis 1 x 2,A,Provisions,Provision Area,Dry Store (Infront), ,STD,QRC
Viking Sky,VOCX-SKYX,VOCX,SKYX,GLU-60,A,Provisions,Provision Area,Shell Door PORT, ,STD,QRC
Viking Sky,VOCX-SKYX,VOCX,SKYX,GLU-60,A,Provisions,Provision Area,Butcher Entrance , ,STD,QRC
Viking Sky,VOCX-SKYX,VOCX,SKYX,GLU-60,A,Provisions,Provision Area,Dairy Room (Infront), ,STD,QRC
Viking Sky,VOCX-SKYX,VOCX,SKYX,GLU-60,B,Provisions,Provision Area,Dry Store (Infront), ,STD,QRC
Viking Sky,VOCX-SKYX,VOCX,SKYX,Fusion 2,9,Bars,Crew Bar,TV Seating Area, ,STD,QRC
Viking Sky,VOCX-SKYX,VOCX,SKYX,GLU-60,7,Bars,Pool Bar,Pool Bar Pantry, ,STD,QRC
Viking Sky,VOCX-SKYX,VOCX,SKYX,GLU-60,2,Restaurant,Restaurant,Pantry, ,STD,QRC
Viking Sky,VOCX-SKYX,VOCX,SKYX,Fly Shield 1,A,Restaurant,Officer Mess,Service line, ,STD,QRC
Viking Sky,VOCX-SKYX,VOCX,SKYX,Ecolab Uplighter,A,Restaurant,Officer Mess,Dirty Dishes Area, ,STD,QRC
Viking Sky,VOCX-SKYX,VOCX,SKYX,Ecolab Uplighter,A,Restaurant,Crew Mess,Centre Trunk, ,STD,QRC
Viking Sky,VOCX-SKYX,VOCX,SKYX,Ecolab Uplighter,A,Restaurant,Crew Mess,Service Line, ,STD,QRC
Viking Sky,VOCX-SKYX,VOCX,SKYX,Mantis 1 x 2,A,Garbage,Incinerator Room,Entrance I-95 (Outside) , ,STD,QRC
Viking Sky,VOCX-SKYX,VOCX,SKYX,GLU-90,A,Garbage,Garbage Room,Can Crusher, ,STD,QRC
Viking Sky,VOCX-SKYX,VOCX,SKYX,GLU-90,A,Garbage,Garbage Room,Incinerator Lift, ,STD,QRC
Viking Sky,VOCX-SKYX,VOCX,SKYX,GLU-90,A,Garbage,Garbage Room, Lifebuoy, ,STD,QRC
Viking Sky,VOCX-SKYX,VOCX,SKYX,Wall Fly White (LED),2,Housekeeping,Gangway FWD PORT,Entrance,Jan-24,LED,QRC
Viking Sky,VOCX-SKYX,VOCX,SKYX,Wall Fly White (LED),2,Housekeeping,GangwaysFWD STBD,Entrance,Jan-24,LED,QRC
Viking Sky,VOCX-SKYX,VOCX,SKYX,Wall Fly White (LED),2,Housekeeping,Gangway AFT STBD,Entrance,Jan-24,LED,QRC
Viking Sky,VOCX-SKYX,VOCX,SKYX,Wall Fly White (LED),2,Housekeeping,Gangways AFT PORT,Entrance,Jan-24,LED,QRC
Viking Sky,VOCX-SKYX,VOCX,SKYX,Wall Fly White (LED),1,Housekeeping,Shell Door STBD, Lifebuoy,Jan-24,LED,QRC
Viking Sky,VOCX-SKYX,VOCX,SKYX,Wall Fly White (LED),1,Housekeeping,Shell Door PORT, Lifebuoy,Jan-24,LED,QRC
Viking Sky,VOCX-SKYX,VOCX,SKYX,Fusion 4,A,Housekeeping,I-95 Corridor FWD,A0073 FWD STBD , ,STD,QRC
Viking Sky,VOCX-SKYX,VOCX,SKYX,Fusion 4,A,Housekeeping,I-95 Electric Loc MID,Shell Door FWD STBD, ,STD,QRC
Viking Sky,VOCX-SKYX,VOCX,SKYX,Wall Fly White (LED),A,Housekeeping,Gangway STBD,Shell Door ,Jan-24,LED,QRC
Viking Sky,VOCX-SKYX,VOCX,SKYX,Wall Fly White (LED),A,Housekeeping,Gangway PORT,Shell Door ,Jan-24,LED,QRC
Viking Star,VOCX-STAR,VOCX,STAR,GLU-60,7,Galley,Pool Grill,Bins, ,STD,QRC
Viking Star,VOCX-STAR,VOCX,STAR,GLU-60,7,Galley,WC Hot Galley,Emergency Stop, ,STD,QRC
Viking Star,VOCX-STAR,VOCX,STAR,GLU-60,7,Galley,World Café,Dish Wash (Dirty Area) , ,STD,QRC
Viking Star,VOCX-STAR,VOCX,STAR,GLU-60,1,Galley,Chef's Table,Dish Wash (Dirty Area) , ,STD,QRC
Viking Star,VOCX-STAR,VOCX,STAR,GLU-60,1,Galley,Main Galley,Chef’s Office (Outside) , ,STD,QRC
Viking Star,VOCX-STAR,VOCX,STAR,GLU-60,1,Galley,Main Galley,Dish Wash (Dirty Area), ,STD,QRC
Viking Star,VOCX-STAR,VOCX,STAR,GLU-60,1,Galley,Manfredi's,Dish Wash (Dirty Area), ,STD,QRC
Viking Star,VOCX-STAR,VOCX,STAR,GLU-60,A,Galley,Butcher Room,Fire Hose A 1.06, ,STD,QRC
Viking Star,VOCX-STAR,VOCX,STAR,GLU-90,A,Galley,Bone Crush,Entrance, ,STD,QRC
Viking Star,VOCX-STAR,VOCX,STAR,GLU-60,A,Galley,Veg. Preparation,Bins, ,STD,QRC
Viking Star,VOCX-STAR,VOCX,STAR,GLU-60,A,Galley,Crew Mess ,Dish Wash (Dirty Area), ,STD,QRC
Viking Star,VOCX-STAR,VOCX,STAR,GLU-60,A,Galley,Crew Pot Wash,Dish Wash (Dirty Area), ,STD,QRC
Viking Star,VOCX-STAR,VOCX,STAR,GLU-60,A,Galley,Crew Galley,Combi Oven, ,STD,QRC
Viking Star,VOCX-STAR,VOCX,STAR,Fusion 2,A,Messes,Officer Mess,Service Line (Rear), ,STD,QRC
Viking Star,VOCX-STAR,VOCX,STAR,Fusion 2,A,Messes,Officer Mess,Scullery Drop Off, ,STD,QRC
Viking Star,VOCX-STAR,VOCX,STAR,Fusion 2,A,Messes,Crew Mess ,Service Line (Rear), ,STD,QRC
Viking Star,VOCX-STAR,VOCX,STAR,Fusion 2,A,Messes,Crew Mess ,Center Trunk , ,STD,QRC
Viking Star,VOCX-STAR,VOCX,STAR,GLU-90,A,Provisions,Butchers,Outside (Fire Hose A 1.07), ,STD,QRC
Viking Star,VOCX-STAR,VOCX,STAR,GLU-90,A,Provisions,Loading Area,Fire Door A 1.18, ,STD,QRC
Viking Star,VOCX-STAR,VOCX,STAR,GLU-90,A,Provisions,Loading Area,Shell Door STBD, ,STD,QRC
Viking Star,VOCX-STAR,VOCX,STAR,GLU-90,A,Provisions,Loading Area,Shell Door PORT, ,STD,QRC
Viking Star,VOCX-STAR,VOCX,STAR,Fusion 4,A,Provisions,I-95 AFT ,Dry Store (Opposite), ,STD,QRC
Viking Star,VOCX-STAR,VOCX,STAR,GLU-60,B,Provisions,Dry Store 1,Entrance, ,STD,QRC
Viking Star,VOCX-STAR,VOCX,STAR,GLU-60,9,Bars,Crew Bar,Service Counter, ,STD,QRC
Viking Star,VOCX-STAR,VOCX,STAR,GLU-60,7,Bars,Pool Bar,Bins, ,STD,QRC
Viking Star,VOCX-STAR,VOCX,STAR,GLU-60,7,Bars,Pool Bar,Pantry, ,STD,QRC
Viking Star,VOCX-STAR,VOCX,STAR,GLU-60,1,Bars,Wine Cellar,Entrance, ,STD,QRC
Viking Star,VOCX-STAR,VOCX,STAR,Wall Fly White (LED),7,Restaurant,World Café ,Cold Station PORT AFT,Jan-25,LED,QRC
Viking Star,VOCX-STAR,VOCX,STAR,Wall Fly White (LED),7,Restaurant,World Café,Cold Station STBD AFT,Jan-25,LED,QRC
Viking Star,VOCX-STAR,VOCX,STAR,Wall Fly White (LED),2,Restaurant,Main Dining ,Exit Door PORT AFT,Jan-25,LED,QRC
Viking Star,VOCX-STAR,VOCX,STAR,GLU-60,A,Restaurant,Main Dining ,Exit Door STBD, ,STD,QRC
Viking Star,VOCX-STAR,VOCX,STAR,GLU-90,A,Garbage,Garbage Room,Fire Hose A.1.01, ,STD,QRC
Viking Star,VOCX-STAR,VOCX,STAR,GLU-90,A,Garbage,Garbage Room,Centre Column, ,STD,QRC
Viking Star,VOCX-STAR,VOCX,STAR,GLU-90,A,Garbage,Garbage Room,Hand Wash Basin , ,STD,QRC
Viking Star,VOCX-STAR,VOCX,STAR,Fusion 4,A,Garbage,I-95 MID, Ultra Fog Valve (FSD A.1.25), ,STD,QRC
Viking Star,VOCX-STAR,VOCX,STAR,Wall Fly White (LED),2,Housekeeping,Gangway,Entrance FWD PORT,Jul-24,LED,QRC
Viking Star,VOCX-STAR,VOCX,STAR,Wall Fly White (LED),2,Housekeeping,Gangway,Entrance FWD STBD,Jul-24,LED,QRC
Viking Star,VOCX-STAR,VOCX,STAR,Wall Fly White (LED),2,Housekeeping,Gangway,Entrance MID PORT,Jan-25,LED,QRC
Viking Star,VOCX-STAR,VOCX,STAR,Wall Fly White (LED),2,Housekeeping,Gangway,Entrance MID STBD,Jan-25,LED,QRC
Viking Star,VOCX-STAR,VOCX,STAR,Fusion 4,A,Housekeeping,I-95 FWD, Electrical locker A.2.04, ,STD,QRC
Viking Star,VOCX-STAR,VOCX,STAR,Fusion 4,A,Housekeeping,I-95 FWD,Luggage (Fire Hose A.4.05), ,STD,QRC
Viking Star,VOCX-STAR,VOCX,STAR,Wall Fly White (LED),A,Housekeeping,Gangway PORT,Welcome Sign ,Jan-25,LED,QRC
Viking Star,VOCX-STAR,VOCX,STAR,Wall Fly White (LED),A,Housekeeping,Gangway STBD,Hand Sanitizer,Jan-25,LED,QRC
Viking Star,VOCX-STAR,VOCX,STAR,Wall Fly White (LED),1,Housekeeping,Gangway MID,Shell Door PORT,Jul-24,LED,QRC
Viking Star,VOCX-STAR,VOCX,STAR,Wall Fly White (LED),1,Housekeeping,Gangway MID,Shell Door STBD,Jul-24,LED,QRC
Viking Star,VOCX-STAR,VOCX,STAR,Wall Fly White (LED),A,Housekeeping,Gangway MID,Shell Door PORT,Jul-24,LED,QRC
Viking Star,VOCX-STAR,VOCX,STAR,Wall Fly White (LED),A,Housekeeping,Gangway MID,Shell Door STBD,Jul-24,LED,QRC
Viking Vela,VOCX-VELA,VOCX,VELA,GLU-60,7,Galley,World Café,Dish Wash, ,STD,QRC
Viking Vela,VOCX-VELA,VOCX,VELA,GLU-60,1,Galley,Main Galley,Chefs Office (Outside), ,STD,QRC
Viking Vela,VOCX-VELA,VOCX,VELA,GLU-60,1,Galley,Chef Table,Dish Wash, ,STD,QRC
Viking Vela,VOCX-VELA,VOCX,VELA,GLU-60,1,Galley,Main Dishwash,Dirty Side , ,STD,QRC
Viking Vela,VOCX-VELA,VOCX,VELA,GLU-60,A,Galley,Butcher Room,Thawing Machine, ,STD,QRC
Viking Vela,VOCX-VELA,VOCX,VELA,GLU-60,A,Galley,Butcher Room,Pot Wash, ,STD,QRC
Viking Vela,VOCX-VELA,VOCX,VELA,GLU-60,A,Galley,Vegetable Room,Bins, ,STD,QRC
Viking Vela,VOCX-VELA,VOCX,VELA,GLU-60,A,Galley,Crew Galley,Fire Extinguisher A.1.04, ,STD,QRC
Viking Vela,VOCX-VELA,VOCX,VELA,GLU-60,A,Galley,Crew Dishwash,Dirty Side , ,STD,QRC
Viking Vela,VOCX-VELA,VOCX,VELA,GLU-60,A,Galley,Crew Galley ,Pot Wash, ,STD,QRC
Viking Vela,VOCX-VELA,VOCX,VELA,GLU-60,A,Provisions,Shell Door STBD,Hand Wash Sink, ,STD,QRC
Viking Vela,VOCX-VELA,VOCX,VELA,GLU-60,A,Provisions,Shell Door PORT,Fire Extinguisher A.1.13, ,STD,QRC
Viking Vela,VOCX-VELA,VOCX,VELA,GLU-60,A,Provisions,Butchers,Cleaning Locker (Opp.), ,STD,QRC
Viking Vela,VOCX-VELA,VOCX,VELA,GLU-60,B,Provisions,Dry Stores area, Hand Wash Sink, ,STD,QRC
Viking Vela,VOCX-VELA,VOCX,VELA,GLU-60,2,Restaurant,Pantry,Hand Wash Sink (Opp.), ,STD,QRC
Viking Vela,VOCX-VELA,VOCX,VELA,GLU-60,A,Recycling_Centre,Garbage room,Shell Door, ,STD,QRC
Viking Venus,VOCX-VENU,VOCX,VENU,GLU-60,7,Galley,World Café ,Dish wash (Dirty Area), ,STD,QRC
Viking Venus,VOCX-VENU,VOCX,VENU,GLU-60,7,Galley,Pool Grill Pantry,Drop Off Area, ,STD,QRC
Viking Venus,VOCX-VENU,VOCX,VENU,Wall Fly White (LED),7,Galley,Pool Grill,Waste Bins Port,Jan-25,LED,QRC
Viking Venus,VOCX-VENU,VOCX,VENU,GLU-10 (LED),7,Galley,World Café PORT, World Café Galley Entry,Jan-25,LED,QRC
Viking Venus,VOCX-VENU,VOCX,VENU,GLU-60,1,Galley,Main Galley STBD,Wine Pantry, ,STD,QRC
Viking Venus,VOCX-VENU,VOCX,VENU,GLU-60,1,Galley,Chefs Table galley ,Dish wash (Dirty Area), ,STD,QRC
Viking Venus,VOCX-VENU,VOCX,VENU,GLU-60,1,Galley,Main Galley,Opposite side Ex- Chef office, ,STD,QRC
Viking Venus,VOCX-VENU,VOCX,VENU,GLU-60,1,Galley,Manfredis Galley ,Dish wash (Dirty Area), ,STD,QRC
Viking Venus,VOCX-VENU,VOCX,VENU,GLU-60,1,Galley,Dish Wash,Dish wash (Dirty Area), ,STD,QRC
Viking Venus,VOCX-VENU,VOCX,VENU,GLU-60,A,Galley,Butcher Shop,Fire Hose #1.06, ,STD,QRC
Viking Venus,VOCX-VENU,VOCX,VENU,GLU-60,A,Galley,Butcher Shop,Pot wash Area , ,STD,QRC
Viking Venus,VOCX-VENU,VOCX,VENU,GLU-60,A,Galley,Vegetable Prep,Entrance, ,STD,QRC
Viking Venus,VOCX-VENU,VOCX,VENU,GLU-60,A,Galley,Crew Galley ,Entrance, ,STD,QRC
Viking Venus,VOCX-VENU,VOCX,VENU,GLU-60,A,Galley,Crew Dish Wash,Dish wash (Dirty Area), ,STD,QRC
Viking Venus,VOCX-VENU,VOCX,VENU,GLU-60,A,Galley,Crew Mess,Pot wash (Dirty Area), ,STD,QRC
Viking Venus,VOCX-VENU,VOCX,VENU,GLU-90,A,Galley,Bone Crusher Room,Bone crusher room, ,STD,QRC
Viking Venus,VOCX-VENU,VOCX,VENU,GLU-60,A,Provisions,Provision ,Corridor near to Butcher shop exit  , ,STD,QRC
Viking Venus,VOCX-VENU,VOCX,VENU,GLU-90,A,Provisions,Loading Area ,Shell Door Port , ,STD,QRC
Viking Venus,VOCX-VENU,VOCX,VENU,GLU-60,A,Provisions,Loading Area ,Opposite to Spirit Store, ,STD,QRC
Viking Venus,VOCX-VENU,VOCX,VENU,GLU-90,A,Provisions,Loading Area ,Elec Sub- Station , ,STD,QRC
Viking Venus,VOCX-VENU,VOCX,VENU,GLU-90,A,Provisions,Loading Area ,Above fire damp switches, ,STD,QRC
Viking Venus,VOCX-VENU,VOCX,VENU,GLU-60,A,Provisions,Dry Store,Drystore Entrance B.1.20, ,STD,QRC
Viking Venus,VOCX-VENU,VOCX,VENU,GLU-60,B,Provisions,Dry Store,Fire Hose B.1.09, ,STD,QRC
Viking Venus,VOCX-VENU,VOCX,VENU,GLU-60,9,Bars,Crew Bar,Crew Bar Entry, ,STD,QRC
Viking Venus,VOCX-VENU,VOCX,VENU,GLU-60,7,Bars,Pool Bar Pantry,Entrance RHS, ,STD,QRC
Viking Venus,VOCX-VENU,VOCX,VENU,Wall Fly White (LED),7,Restaurant ,World Café , Restaurant Pantry Sliding Door AFT,Jan-25,LED,QRC
Viking Venus,VOCX-VENU,VOCX,VENU,Wall Fly White (LED),7,Restaurant ,World Café ,Asian Noodle Bar AFT,Jan-25,LED,QRC
Viking Venus,VOCX-VENU,VOCX,VENU,GLU-60,2,Restaurant,Coffee Pantry ,F.S.D 2.1.09, ,STD,QRC
Viking Venus,VOCX-VENU,VOCX,VENU,GLU-60,A,Restaurant,Officers Mess,Exit Dish wash (Dirty Area), ,STD,QRC
Viking Venus,VOCX-VENU,VOCX,VENU,Fusion 2,A,Restaurant,Crew Mess,Service Line (Behind), ,STD,QRC
Viking Venus,VOCX-VENU,VOCX,VENU,Fusion 2,A,Restaurant,Officer Mess, Service Line, ,STD,QRC
Viking Venus,VOCX-VENU,VOCX,VENU,GLU-10 (LED),A,Restaurant,Crew Mess,DINING AREA NEXT TO A.1.33,Jan-25,LED,QRC
Viking Venus,VOCX-VENU,VOCX,VENU,GLU-90,A,Recycling_Centre,Garbage Room,Entrance , ,STD,QRC
Viking Venus,VOCX-VENU,VOCX,VENU,GLU-90,A,Recycling_Centre,Garbage Room,CCTV (V1022), ,STD,QRC
Viking Venus,VOCX-VENU,VOCX,VENU,GLU-80 (LED),A,Recycling_Centre,Garbage Room,Glass Crusher,Jan-25,LED,QRC
Viking Venus,VOCX-VENU,VOCX,VENU,Fusion 4,A,Recycling_Centre,Changing Room,Garbage room, ,STD,QRC
Viking Venus,VOCX-VENU,VOCX,VENU,Wall Fly White (LED),7,Housekeeping ,Entry to World Café ,Sliding Door ,Jan-25,LED,QRC
Viking Venus,VOCX-VENU,VOCX,VENU,Wall Fly White (LED),7,Housekeeping ,Entry to World Café ,World Café Entrance PORT,Jan-25,LED,QRC
Viking Venus,VOCX-VENU,VOCX,VENU,Wall Fly White (LED),7,Housekeeping ,Entry to World Café ,World Café Entrance STBD,Jan-25,LED,QRC
Viking Venus,VOCX-VENU,VOCX,VENU,Wall Fly White (LED),2,Housekeeping ,Gangway STBD ,Open Deck Exit Door ,Jan-25,LED,QRC
Viking Venus,VOCX-VENU,VOCX,VENU,Wall Fly White (LED),2,Housekeeping ,Gangway PORT,Open Deck Exit Door ,Jan-25,LED,QRC
Viking Venus,VOCX-VENU,VOCX,VENU,Wall Fly White (LED),2,Housekeeping ,Guest exit Open Deck PORT FWD,Open Deck Exit Door ,Jan-25,LED,QRC
Viking Venus,VOCX-VENU,VOCX,VENU,Wall Fly White (LED),2,Housekeeping ,Guest exit Open Deck STBD FWD,Open Deck Exit Door ,Jan-25,LED,QRC
Viking Venus,VOCX-VENU,VOCX,VENU,Wall Fly White (LED),1,Housekeeping,Gangway STBD ,Security Side wall,Jan-25,LED,QRC
Viking Venus,VOCX-VENU,VOCX,VENU,Wall Fly White (LED),1,Housekeeping,Gangway PORT,Security Side wall,Jan-25,LED,QRC
Viking Venus,VOCX-VENU,VOCX,VENU,Wall Fly White (LED),1,Housekeeping ,Gangway STBD ,Security Side Wall,Jan-25,LED,QRC
Viking Venus,VOCX-VENU,VOCX,VENU,Wall Fly White (LED),1,Housekeeping ,Gangway PORT,Security Side Wall,Jan-25,LED,QRC
Viking Venus,VOCX-VENU,VOCX,VENU,Wall Fly White (LED),A,Housekeeping,Gangway PORT,Next to Sanitizer ,Jan-25,LED,QRC
Viking Venus,VOCX-VENU,VOCX,VENU,Wall Fly White (LED),A,Housekeeping,Gangway STBD ,Next to Sanitizer ,Jan-25,LED,QRC
Viking Venus,VOCX-VENU,VOCX,VENU,Fusion 4,A,Housekeeping,i-95 FWD,A0073 PORT (Opp.), ,STD,QRC
Viking Venus,VOCX-VENU,VOCX,VENU,Fusion 4,A,Housekeeping,i-95 FWD,Shell Door Luggage Offload STBD, ,STD,QRC
Viking Venus,VOCX-VENU,VOCX,VENU,Wall Fly White (LED),A,Housekeeping ,Gangway STBD ,Sanitizer ,Jan-25,LED,QRC
Viking Venus,VOCX-VENU,VOCX,VENU,Wall Fly White (LED),A,Housekeeping ,Gangway PORT,Sanitizer ,Jan-25,LED,QRC
Villa Vie Odyssey,VVIE-VVOD,VVIE,VVOD,Wall Fly Stainless (LED),6,Galley,Palms Pantry,Elevator,Jan-25,LED,QRC
Villa Vie Odyssey,VVIE-VVOD,VVIE,VVOD,Insectocutor (STD),4,Galley,Pastry,Telephone, ,STD,QRC
Villa Vie Odyssey,VVIE-VVOD,VVIE,VVOD,Wall Fly Stainless (LED),3,Galley,Escalator,Bottom,Jan-25,LED,QRC
Villa Vie Odyssey,VVIE-VVOD,VVIE,VVOD,Wall Fly Stainless (LED),3,Galley,Pot Wash,WHB RHS,Jan-25,LED,QRC
Villa Vie Odyssey,VVIE-VVOD,VVIE,VVOD,Wall Fly Stainless (LED),3,Galley ,Main Galley ,Plate Wash,Jan-25,LED,QRC
Villa Vie Odyssey,VVIE-VVOD,VVIE,VVOD,Wall Fly White (LED),1,Galley,Pastry,Bulkhead D1,Jan-25,LED,QRC
Villa Vie Odyssey,VVIE-VVOD,VVIE,VVOD,GLU-60,1,Galley,Bakery,Bulkhead D2, ,STD,QRC
Villa Vie Odyssey,VVIE-VVOD,VVIE,VVOD,Wall Fly White (LED),3,Messes,Crew Mess,Window,Jan-25,LED,QRC
Villa Vie Odyssey,VVIE-VVOD,VVIE,VVOD,Wall Fly White (LED),3,Messes,Officers Mess,Entrance,Jan-25,LED,QRC
Villa Vie Odyssey,VVIE-VVOD,VVIE,VVOD,Wall Fly White (LED),2,Provisions,Wall Clock,Clock,Jan-25,LED,QRC
Villa Vie Odyssey,VVIE-VVOD,VVIE,VVOD,Wall Fly White (LED),2,Provisions,Loading Area,Bulkhead FWD ,Jan-25,LED,QRC
Villa Vie Odyssey,VVIE-VVOD,VVIE,VVOD,Wall Fly White (LED),2,Provisions,Loading Area,Fire Screen Door 203,Jan-25,LED,QRC
Villa Vie Odyssey,VVIE-VVOD,VVIE,VVOD,Wall Fly White (LED),2,Provisions,Loading Area,Fire Box 229,Jan-25,LED,QRC
Villa Vie Odyssey,VVIE-VVOD,VVIE,VVOD,Insectocutor (STD),1,Provision,Elevator,Clean Area, ,STD,QRC
Villa Vie Odyssey,VVIE-VVOD,VVIE,VVOD,Uplight 1x15w,8,Bars,Mikes Bar,LHS ice machine, ,STD,QRC
Villa Vie Odyssey,VVIE-VVOD,VVIE,VVOD,Wall Fly White (LED),8,Restaurant,Grampian Pantry,Bins,Jan-25,LED,QRC
Villa Vie Odyssey,VVIE-VVOD,VVIE,VVOD,Wall Fly White (LED),6,Restaurant,Palms,Main Entrance STBD,Jan-25,LED,QRC
Villa Vie Odyssey,VVIE-VVOD,VVIE,VVOD,Wall Fly White (LED),6,Restaurant,Palms,Main Entrance PORT,Jan-25,LED,QRC
Villa Vie Odyssey,VVIE-VVOD,VVIE,VVOD,Wall Fly White (LED),4,Restaurant,Thistle Rest.,Entrance AFT STBD,Jan-25,LED,QRC
Villa Vie Odyssey,VVIE-VVOD,VVIE,VVOD,Wall Fly White (LED),4,Restaurant,Thistle Rest.,Entrance AFT PORT,Jan-25,LED,QRC
Villa Vie Odyssey,VVIE-VVOD,VVIE,VVOD,Wall Fly White (LED),4,Restaurant,Thistle Rest.,Entrance FWD STBD,Jan-25,LED,QRC
Villa Vie Odyssey,VVIE-VVOD,VVIE,VVOD,Wall Fly White (LED),4,Restaurant,Thistle Rest.,Entrance FWD PORT,Jan-25,LED,QRC
Villa Vie Odyssey,VVIE-VVOD,VVIE,VVOD,Wall Fly White (LED),2,Garbage,Main Room,Can Compactor,Jan-25,LED,QRC
Star Breeze,WDST-SBRE,WDST,SBRE,Mantis 1 x 2,6,Galley,Spanish Pantry,Entrance, ,STD,QRC
Star Breeze,WDST-SBRE,WDST,SBRE,Mantis 1 x 2,4,Galley,Officers Mess,Entrance, ,STD,QRC
Star Breeze,WDST-SBRE,WDST,SBRE,Mantis 1 x 2,4,Galley,Crew Mess,Entrance, ,STD,QRC
Star Breeze,WDST-SBRE,WDST,SBRE,Mantis 1 x 2,4,Galley,Crew Mess,Exit Door AFT, ,STD,QRC
Star Breeze,WDST-SBRE,WDST,SBRE,Mantis 1 x 2,3,Galley,Galley AFT,Chef's Office Entrance, ,STD,QRC
Star Breeze,WDST-SBRE,WDST,SBRE,Mantis Uplighter,3,Galley,Hot Galley,Dry Store, ,STD,QRC
Star Breeze,WDST-SBRE,WDST,SBRE,Mantis 1 x 2,3,Galley,Cold Galley,Baker Station, ,STD,QRC
Star Breeze,WDST-SBRE,WDST,SBRE,Mantis Uplighter,3,Galley,Galley Store Room,Entrance, ,STD,QRC
Star Breeze,WDST-SBRE,WDST,SBRE,Mantis Uplighter,3,Galley,Butchers Shop,Black Phone, ,STD,QRC
Star Breeze,WDST-SBRE,WDST,SBRE,Mantis Uplighter,3,Galley,Executive Chefs Office,Office, ,STD,QRC
Star Breeze,WDST-SBRE,WDST,SBRE,Mantis 1 x 2,3,Provisions,Corridor 1,Marina Entrance, ,STD,QRC
Star Breeze,WDST-SBRE,WDST,SBRE,Mantis 1 x 2,3,Provisions,Corridor 2,Cheese Room, ,STD,QRC
Star Breeze,WDST-SBRE,WDST,SBRE,Mantis 1 x 2,3,Provisions,Corridor 3,Fish Room, ,STD,QRC
Star Breeze,WDST-SBRE,WDST,SBRE,Mantis Uplighter,8,Bars,Star Bar Pantry,Deck 9 Entrance, ,STD,QRC
Star Breeze,WDST-SBRE,WDST,SBRE,Mantis Uplighter,7,Restaurant,Veranda,Exit Door MID, ,STD,QRC
Star Breeze,WDST-SBRE,WDST,SBRE,Mantis Uplighter,7,Restaurant,Veranda,Exit Door AFT PORT, ,STD,QRC
Star Breeze,WDST-SBRE,WDST,SBRE,Mantis Uplighter,7,Restaurant,Veranda,Exit Door AFT STBD, ,STD,QRC
Star Breeze,WDST-SBRE,WDST,SBRE,Mantis Uplighter,3,Restaurant,Amphora,Corner AFT PORT, ,STD,QRC
Star Breeze,WDST-SBRE,WDST,SBRE,Mantis Uplighter,3,Restaurant,Amphora,Corner AFT STBD, ,STD,QRC
Star Breeze,WDST-SBRE,WDST,SBRE,Mantis Uplighter,3,Garbage,Garbage Room,Storage Locker, ,STD,QRC
Star Breeze,WDST-SBRE,WDST,SBRE,Mantis 1 x 2,3,Garbage,Garbage Store,Entrance (Opposite), ,STD,QRC
Star Breeze,WDST-SBRE,WDST,SBRE,Mantis Uplighter,7,Housekeeping,Bridge Corridor,Entrance, ,STD,QRC
Star Legend,WDST-SLEG,WDST,SLEG,Fusion 2,8,Galley,Star Grill Galley,Bulkhead PORT, ,STD,QRC
Star Legend,WDST-SLEG,WDST,SLEG,Mantis Uplighter,6,Galley,Spanish Restaurant,Galley/Restaurant Bulkhead PORT, ,STD,QRC
Star Legend,WDST-SLEG,WDST,SLEG,Mantis Uplighter,3,Galley,Dry Store PORT,Galley Cold Area, ,STD,QRC
Star Legend,WDST-SLEG,WDST,SLEG,Fly Shield 1,7,Restaurant ,Verandah,Bulkhead AFT PORT, ,STD,QRC
Star Legend,WDST-SLEG,WDST,SLEG,Fly Shield 1,7,Restaurant ,Verandah,Bulkhead AFT STBD, ,STD,QRC
Star Legend,WDST-SLEG,WDST,SLEG,Fly Shield 1,7,Restaurant ,Verandah,Atrium SC MID FWD, ,STD,QRC
Star Legend,WDST-SLEG,WDST,SLEG,Mantis Uplighter,4,Restaurant ,Crew Mess,Bulkhead AFT MID, ,STD,QRC
Star Legend,WDST-SLEG,WDST,SLEG,Fly Shield 1,3,Restaurant ,Amphora,Exit AFT PORT, ,STD,QRC
Star Legend,WDST-SLEG,WDST,SLEG,Fly Shield 1,3,Restaurant ,Amphora,Exit AFT STBD, ,STD,QRC
Star Legend,WDST-SLEG,WDST,SLEG,Fusion 2,8,Bar,Yacht Club Pantry,Entrance, ,STD,QRC
Star Legend,WDST-SLEG,WDST,SLEG,Fusion 2,3,Provision ,Loading Area,Corridor (Centre), ,STD,QRC
Star Legend,WDST-SLEG,WDST,SLEG,Mantis 1 x 2,3,Garbage ,Garbage Room,Entrance, ,STD,QRC
Star Legend,WDST-SLEG,WDST,SLEG,Mantis 1 x 2,3,Garbage,Garbage Room,Cold Room Bulkhead, ,STD,QRC
Star Pride,WDST-SPRI,WDST,SPRI,Mantis 1 x 2,3,Galley,Prep rooms,Butcher Shop, ,STD,QRC
Star Pride,WDST-SPRI,WDST,SPRI,Mantis 1 x 2,3,Galley,Hot Galley,Corridor Bins, ,STD,QRC
Star Pride,WDST-SPRI,WDST,SPRI,Mantis 1 x 2,3,Galley,Cold Galley,Bins, ,STD,QRC
Star Pride,WDST-SPRI,WDST,SPRI,Mantis 1 x 2,4,Messes,Officers Mess,Entrance, ,STD,QRC
Star Pride,WDST-SPRI,WDST,SPRI,Mantis 1 x 2,4,Messes,Crew Mess,Television, ,STD,QRC
Star Pride,WDST-SPRI,WDST,SPRI,Mantis 1 x 2,3,Provisions,Loading Corridor,Shell Door STBD, ,STD,QRC
Star Pride,WDST-SPRI,WDST,SPRI,Mantis 1 x 2,3,Provisions,Centre Corridor,Thawing Room, ,STD,QRC
Star Pride,WDST-SPRI,WDST,SPRI,Mantis 1 x 2,3,Provisions,Loading Corridor,Shell Door PORT, ,STD,QRC
Star Pride,WDST-SPRI,WDST,SPRI,Mantis 1 x 2,7,Restaurant,Veranda,Entrance AFT PORT, ,STD,QRC
Star Pride,WDST-SPRI,WDST,SPRI,Mantis 1 x 2,7,Restaurant,Veranda,Entrance FWD STBD, ,STD,QRC
Star Pride,WDST-SPRI,WDST,SPRI,Mantis 1 x 2,3,Restaurant,Amphora,Entrance AFT PORT, ,STD,QRC
Star Pride,WDST-SPRI,WDST,SPRI,Mantis 1 x 2,3,Restaurant,Amphora,Bulkhead AFT STBD, ,STD,QRC
Star Pride,WDST-SPRI,WDST,SPRI,Mantis 1 x 2,8,Bars,Yacht Club,Pantry, ,STD,QRC
Star Pride,WDST-SPRI,WDST,SPRI,Mantis 1 x 2,3,Garbage,Garbage Room,Incinerator Room, ,STD,QRC
Wind Spirit,WDST-WSPI,WDST,WSPI,Mantis Uplighter,4,Galley,Crew Stairwell,Entrance Door, ,STD,QRC
Wind Spirit,WDST-WSPI,WDST,WSPI,Mantis Uplighter,3,Galley,Main Galley,Pot Wash, ,STD,QRC
Wind Spirit,WDST-WSPI,WDST,WSPI,Mantis 1 x 2,2,Galley,Garbage Room,Compactor (Opposite), ,STD,QRC
Wind Spirit,WDST-WSPI,WDST,WSPI,Mantis 1 x 2,2,Galley,Crew Stairwell,Garbage Room Door, ,STD,QRC
Wind Spirit,WDST-WSPI,WDST,WSPI,GLU-60,3,Messes,Officers Mess,Inside Corner, ,STD,QRC
Wind Spirit,WDST-WSPI,WDST,WSPI,GLU-60,3,Messes,Crew Mess,Dirty Area, ,STD,QRC
Wind Spirit,WDST-WSPI,WDST,WSPI,GLU-60,2,Provisions,Corridor,Thawing Room, ,STD,QRC
Wind Spirit,WDST-WSPI,WDST,WSPI,GLU-60,2,Provisions,Dry Store 1 PORT,Shell Door, ,STD,QRC
Wind Spirit,WDST-WSPI,WDST,WSPI,GLU-60,2,Provisions,Dry Store 2 STBD,Entrance, ,STD,QRC
Wind Spirit,WDST-WSPI,WDST,WSPI,GLU-60,4,Restaurant,Veranda,Servery RHS STBD, ,STD,QRC
Wind Spirit,WDST-WSPI,WDST,WSPI,GLU-60,4,Restaurant,Veranda,Dish Wash Entrance PORT, ,STD,QRC
Wind Spirit,WDST-WSPI,WDST,WSPI,Mantis Uplighter,3,Restaurant,Amphora,Galley Entrance STBD, ,STD,QRC
Wind Spirit,WDST-WSPI,WDST,WSPI,Mantis Uplighter,3,Restaurant,Amphora,Galley Entrance PORT, ,STD,QRC
Wind Star,WDST-WSTA,WDST,WSTA,Ecolab Uplighter,4,Restaurant,Veranda,Garbage Area, ,STD,QRC
Wind Star,WDST-WSTA,WDST,WSTA,Ecolab Uplighter,4,Restaurant,Veranda,Bulkhead STBD, ,STD,QRC
Wind Star,WDST-WSTA,WDST,WSTA,Ecolab Uplighter,2,Provisions,Loading Area,Shell Door PORT, ,STD,QRC
Wind Star,WDST-WSTA,WDST,WSTA,Ecolab Uplighter,2,Provisions,Loading Area,Shell Door STBD, ,STD,QRC
Wind Star,WDST-WSTA,WDST,WSTA,Ecolab Uplighter,3,Messes,Crew Mess,Crew Rec Room, ,STD,QRC
Wind Star,WDST-WSTA,WDST,WSTA,Ecolab Uplighter,3,Messes,Crew Mess,Garbage Area, ,STD,QRC
Wind Star,WDST-WSTA,WDST,WSTA,Ecolab Uplighter,3,Messes,Officers Mess,Opp. Corner Door, ,STD,QRC
Wind Star,WDST-WSTA,WDST,WSTA,Ecolab Uplighter,3,Galley,Bakery,Opp. Bakery Food Prep., ,STD,QRC
Wind Star,WDST-WSTA,WDST,WSTA,Ecolab Uplighter,2,Galley,Butchers,Corridor STBD , ,STD,QRC
Wind Star,WDST-WSTA,WDST,WSTA,Ecolab Uplighter,2,Galley,Butchers,Butchers (Outside), ,STD,QRC
Wind Star,WDST-WSTA,WDST,WSTA,Ecolab Uplighter,2,Recycling_Centre,Garbage Room,Entrance, ,STD,QRC
Wind Star,WDST-WSTA,WDST,WSTA,Ecolab Uplighter,2,Recycling_Centre,Garbage Room,Shell Door , ,STD,QRC
Wind Star,WDST-WSTA,WDST,WSTA,Ecolab Uplighter,2,Housekeeping,Pantry MID,Ice Machine, ,STD,QRC
Wind Surf,WDST-WSUR,WDST,WSUR,Ecolab Uplighter,6,Galley,Veranda,Coffee Machine, ,STD,QRC
Wind Surf,WDST-WSUR,WDST,WSUR,Ecolab Uplighter,6,Galley,Stella Bistro,Wine Fridge, ,STD,QRC
Wind Surf,WDST-WSUR,WDST,WSUR,Ecolab Uplighter,4,Galley,Room Service,Entrance, ,STD,QRC
Wind Surf,WDST-WSUR,WDST,WSUR,Mantis 1 x 2,3,Galley,Bakery,Garbage Elevator, ,STD,QRC
Wind Surf,WDST-WSUR,WDST,WSUR,Mantis 1 x 2,2,Galley,Butcher,Entrance, ,STD,QRC
Wind Surf,WDST-WSUR,WDST,WSUR,Mantis 1 x 2,2,Galley,Butcher,Freezer (Outside), ,STD,QRC
Wind Surf,WDST-WSUR,WDST,WSUR,Ecolab Uplighter,5,Bars,Compass Rose Bar,Entrance, ,STD,QRC
Wind Surf,WDST-WSUR,WDST,WSUR,Ecolab Uplighter,3,Messes,Officer Mess,Corner STBD AFT, ,STD,QRC
Wind Surf,WDST-WSUR,WDST,WSUR,Mantis 1 x 2,2,Messes,Crew Mess,Television, ,STD,QRC
Wind Surf,WDST-WSUR,WDST,WSUR,Mantis 1 x 2,2,Garbage,Garbage Rm,BBQ, ,STD,QRC
Wind Surf,WDST-WSUR,WDST,WSUR,Mantis 1 x 2,2,Garbage,Garbage Rm,Dry Garbage, ,STD,QRC
Wind Surf,WDST-WSUR,WDST,WSUR,Mantis 1 x 2,2,Provisions,Loading Area,Controllers Ofiice, ,STD,QRC
Wind Surf,WDST-WSUR,WDST,WSUR,Mantis 1 x 2,2,Provisions,Loading Area,Shell Door STBD, ,STD,QRC
